payment_id,company_id,provider_type,amount,currency,payment_method,failure_category,failure_classification,event_hour,day_of_week,recovery_success
pay_synth_04400,demo_company_001,DEMO,270.35,INR,UPI,INSUFFICIENT_FUNDS,TEMPORARY,4,6,0
pay_synth_00384,demo_company_001,STRIPE,1863.9,INR,UPI,PROVIDER,TEMPORARY,7,3,0
pay_synth_02390,demo_company_001,RAZORPAY,1127.0,INR,UPI,INSUFFICIENT_FUNDS,TEMPORARY,17,3,0
pay_synth_02409,demo_company_001,STRIPE,8243.92,INR,UPI,UNKNOWN,UNKNOWN,23,5,0
pay_synth_00635,demo_company_001,DEMO,3805.33,INR,UPI,AUTHENTICATION,TEMPORARY,12,5,1
pay_synth_03111,demo_company_001,RAZORPAY,584.82,INR,CARD,INSUFFICIENT_FUNDS,TEMPORARY,14,5,1
pay_synth_01047,demo_company_001,DEMO,1809.59,INR,UPI,INSUFFICIENT_FUNDS,TEMPORARY,12,5,1
pay_synth_02536,demo_company_001,STRIPE,5469.89,INR,CARD,NETWORK,TEMPORARY,8,4,1
pay_synth_04451,demo_company_001,DEMO,304.87,INR,UPI,PROVIDER,TEMPORARY,8,4,1
pay_synth_00282,demo_company_001,DEMO,1049.87,INR,CARD,AUTHENTICATION,TEMPORARY,1,0,1
pay_synth_00562,demo_company_001,DEMO,592.83,INR,WALLET,TEMPORARY,TEMPORARY,21,0,1
pay_synth_02420,demo_company_001,DEMO,693.6,INR,CARD,AUTHENTICATION,TEMPORARY,23,3,1
pay_synth_04145,demo_company_001,STRIPE,4555.53,INR,CARD,NETWORK,TEMPORARY,2,1,1
pay_synth_04217,demo_company_001,DEMO,7471.9,INR,CARD,INSUFFICIENT_FUNDS,TEMPORARY,19,5,1
pay_synth_00795,demo_company_001,DEMO,1345.63,INR,CARD,INSUFFICIENT_FUNDS,TEMPORARY,17,6,1
pay_synth_01698,demo_company_001,DEMO,193.17,INR,UPI,CUSTOMER_ACTION_REQUIRED,TEMPORARY,13,4,1
pay_synth_01798,demo_company_001,DEMO,2090.42,INR,UPI,AUTHENTICATION,TEMPORARY,3,3,0
pay_synth_00573,demo_company_001,DEMO,4893.31,INR,NETBANKING,INSUFFICIENT_FUNDS,TEMPORARY,12,0,1
pay_synth_00600,demo_company_001,DEMO,1642.83,USD,CARD,AUTHENTICATION,TEMPORARY,7,5,1
pay_synth_00696,demo_company_001,RAZORPAY,3157.25,INR,UPI,BANK,TEMPORARY,8,1,0
pay_synth_01065,demo_company_001,DEMO,13087.13,INR,UPI,INSUFFICIENT_FUNDS,TEMPORARY,15,2,1
pay_synth_00189,demo_company_001,RAZORPAY,1374.87,INR,NETBANKING,INSUFFICIENT_FUNDS,TEMPORARY,2,3,1
pay_synth_03576,demo_company_001,DEMO,3469.74,INR,UPI,BANK,TEMPORARY,23,2,1
pay_synth_02555,demo_company_001,DEMO,716.19,INR,CARD,NETWORK,TEMPORARY,19,6,1
pay_synth_02298,demo_company_001,DEMO,2735.95,INR,CARD,NETWORK,TEMPORARY,11,6,1
pay_synth_04229,demo_company_001,DEMO,2365.0,USD,UPI,INSUFFICIENT_FUNDS,TEMPORARY,12,1,1
pay_synth_02109,demo_company_001,DEMO,3847.21,INR,NETBANKING,AUTHENTICATION,TEMPORARY,11,2,0
pay_synth_04488,demo_company_001,DEMO,763.24,INR,UPI,BANK,UNKNOWN,20,2,0
pay_synth_03352,demo_company_001,DEMO,1524.02,INR,UPI,INSUFFICIENT_FUNDS,TEMPORARY,20,0,0
pay_synth_01454,demo_company_001,RAZORPAY,1954.65,INR,UPI,AUTHENTICATION,TEMPORARY,10,6,1
pay_synth_00586,demo_company_001,DEMO,1782.24,INR,UPI,AUTHENTICATION,TEMPORARY,12,2,1
pay_synth_00651,demo_company_001,DEMO,447.32,INR,CARD,CUSTOMER_ACTION_REQUIRED,TEMPORARY,19,4,1
pay_synth_00385,demo_company_001,RAZORPAY,3175.98,INR,CARD,PROVIDER,TEMPORARY,23,4,0
pay_synth_02421,demo_company_001,DEMO,1190.31,INR,UPI,UNKNOWN,UNKNOWN,22,5,0
pay_synth_00614,demo_company_001,DEMO,2730.14,INR,UPI,AUTHENTICATION,TEMPORARY,9,3,1
pay_synth_00824,demo_company_001,DEMO,5744.35,INR,CARD,INSUFFICIENT_FUNDS,TEMPORARY,12,2,1
pay_synth_02223,demo_company_001,DEMO,921.84,INR,UPI,INSUFFICIENT_FUNDS,TEMPORARY,17,6,1
pay_synth_02155,demo_company_001,DEMO,1607.07,INR,UPI,NETWORK,TEMPORARY,7,2,1
pay_synth_01909,demo_company_001,DEMO,2864.14,INR,NETBANKING,AUTHENTICATION,TEMPORARY,18,5,0
pay_synth_00543,demo_company_001,DEMO,2560.0,INR,NETBANKING,CARD,PERMANENT,6,6,0
pay_synth_03389,demo_company_001,DEMO,3198.0,INR,CARD,NETWORK,TEMPORARY,15,3,1
pay_synth_00775,demo_company_001,RAZORPAY,5319.24,INR,UPI,INSUFFICIENT_FUNDS,TEMPORARY,3,1,0
pay_synth_03852,demo_company_001,DEMO,908.09,INR,CARD,NETWORK,TEMPORARY,23,2,1
pay_synth_02475,demo_company_001,RAZORPAY,759.9,INR,UPI,CARD,PERMANENT,6,5,0
pay_synth_03193,demo_company_001,STRIPE,894.54,INR,UPI,INSUFFICIENT_FUNDS,TEMPORARY,17,3,1
pay_synth_04589,demo_company_001,RAZORPAY,1779.18,INR,UPI,NETWORK,TEMPORARY,4,0,1
pay_synth_04869,demo_company_001,RAZORPAY,1739.99,INR,NETBANKING,INSUFFICIENT_FUNDS,TEMPORARY,12,5,1
pay_synth_03530,demo_company_001,DEMO,1458.66,INR,CARD,INSUFFICIENT_FUNDS,TEMPORARY,14,4,1
pay_synth_02811,demo_company_001,DEMO,4010.19,INR,UPI,INSUFFICIENT_FUNDS,TEMPORARY,16,2,1
pay_synth_03954,demo_company_001,DEMO,3391.54,INR,CARD,BANK,TEMPORARY,6,5,0
pay_synth_01118,demo_company_001,STRIPE,875.76,INR,WALLET,NETWORK,TEMPORARY,14,1,1
pay_synth_03924,demo_company_001,DEMO,316.29,INR,NETBANKING,INSUFFICIENT_FUNDS,TEMPORARY,2,6,1
pay_synth_02374,demo_company_001,DEMO,7307.03,INR,CARD,INSUFFICIENT_FUNDS,TEMPORARY,2,5,1
pay_synth_02345,demo_company_001,STRIPE,249.92,INR,CARD,AUTHENTICATION,TEMPORARY,6,3,0
pay_synth_02371,demo_company_001,RAZORPAY,2797.3,INR,CARD,INSUFFICIENT_FUNDS,TEMPORARY,23,4,1
pay_synth_02087,demo_company_001,DEMO,3040.9,INR,CARD,NETWORK,TEMPORARY,17,3,1
pay_synth_03075,demo_company_001,RAZORPAY,303.36,INR,NETBANKING,TEMPORARY,TEMPORARY,20,3,1
pay_synth_01766,demo_company_001,DEMO,274.73,INR,NETBANKING,NETWORK,TEMPORARY,3,5,1
pay_synth_03134,demo_company_001,RAZORPAY,2185.89,INR,UPI,AUTHENTICATION,TEMPORARY,12,6,1
pay_synth_00818,demo_company_001,DEMO,3361.04,INR,CARD,CARD,PERMANENT,21,3,0
pay_synth_02701,demo_company_001,RAZORPAY,3011.84,USD,WALLET,AUTHENTICATION,TEMPORARY,4,5,0
pay_synth_01905,demo_company_001,RAZORPAY,3069.32,USD,UPI,CARD,PERMANENT,20,6,0
pay_synth_00317,demo_company_001,DEMO,1029.66,INR,UPI,AUTHENTICATION,TEMPORARY,15,1,1
pay_synth_01791,demo_company_001,DEMO,734.01,INR,NETBANKING,BANK,TEMPORARY,13,1,1
pay_synth_03321,demo_company_001,RAZORPAY,1011.49,INR,UPI,CARD,PERMANENT,4,2,0
pay_synth_03579,demo_company_001,RAZORPAY,1088.51,INR,UPI,TEMPORARY,TEMPORARY,18,1,1
pay_synth_01579,demo_company_001,RAZORPAY,4062.8,INR,UPI,CARD,PERMANENT,21,4,0
pay_synth_04302,demo_company_001,STRIPE,2015.25,INR,CARD,NETWORK,TEMPORARY,10,3,1
pay_synth_03027,demo_company_001,STRIPE,486.85,INR,NETBANKING,INSUFFICIENT_FUNDS,TEMPORARY,19,0,0
pay_synth_00506,demo_company_001,DEMO,4361.54,INR,UPI,AUTHENTICATION,TEMPORARY,18,0,0
pay_synth_02017,demo_company_001,DEMO,1595.46,INR,UPI,INSUFFICIENT_FUNDS,TEMPORARY,16,4,1
pay_synth_03578,demo_company_001,DEMO,684.22,USD,UPI,AUTHENTICATION,TEMPORARY,23,0,1
pay_synth_04380,demo_company_001,RAZORPAY,3058.62,INR,UPI,INSUFFICIENT_FUNDS,TEMPORARY,5,0,1
pay_synth_03699,demo_company_001,STRIPE,419.62,INR,CARD,INSUFFICIENT_FUNDS,TEMPORARY,3,3,1
pay_synth_02490,demo_company_001,DEMO,2279.69,INR,NETBANKING,BANK,PERMANENT,11,5,0
pay_synth_03689,demo_company_001,DEMO,4850.31,INR,UPI,INSUFFICIENT_FUNDS,TEMPORARY,7,4,0
pay_synth_03846,demo_company_001,RAZORPAY,732.43,INR,CARD,INSUFFICIENT_FUNDS,TEMPORARY,21,3,1
pay_synth_00391,demo_company_001,STRIPE,5844.34,INR,UPI,PROVIDER,TEMPORARY,4,1,1
pay_synth_03467,demo_company_001,DEMO,2099.43,USD,UPI,NETWORK,TEMPORARY,7,5,0
pay_synth_01326,demo_company_001,DEMO,870.78,USD,UPI,AUTHENTICATION,TEMPORARY,17,3,0
pay_synth_04570,demo_company_001,STRIPE,894.17,INR,NETBANKING,AUTHENTICATION,TEMPORARY,13,1,0
pay_synth_00419,demo_company_001,RAZORPAY,3771.91,INR,CARD,AUTHENTICATION,TEMPORARY,18,0,1
pay_synth_00073,demo_company_001,DEMO,1445.69,INR,CARD,NETWORK,TEMPORARY,23,6,1
pay_synth_04666,demo_company_001,RAZORPAY,5420.93,INR,CARD,NETWORK,TEMPORARY,4,4,1
pay_synth_02264,demo_company_001,DEMO,1324.41,INR,UPI,INSUFFICIENT_FUNDS,TEMPORARY,14,4,1
pay_synth_04828,demo_company_001,DEMO,6764.48,INR,CARD,CARD,PERMANENT,16,6,0
pay_synth_02640,demo_company_001,RAZORPAY,1352.82,INR,UPI,CARD,PERMANENT,7,3,0
pay_synth_03354,demo_company_001,RAZORPAY,5920.73,INR,CARD,NETWORK,TEMPORARY,1,5,0
pay_synth_00778,demo_company_001,RAZORPAY,6665.99,INR,UPI,CARD,PERMANENT,12,3,0
pay_synth_01405,demo_company_001,RAZORPAY,1828.56,INR,UPI,BANK,TEMPORARY,2,3,0
pay_synth_01260,demo_company_001,RAZORPAY,257.5,INR,UPI,INSUFFICIENT_FUNDS,TEMPORARY,23,1,1
pay_synth_04068,demo_company_001,STRIPE,7258.06,INR,CARD,AUTHENTICATION,TEMPORARY,18,5,0
pay_synth_02526,demo_company_001,DEMO,3010.39,INR,CARD,NETWORK,TEMPORARY,12,5,0
pay_synth_02303,demo_company_001,RAZORPAY,740.46,INR,UPI,AUTHENTICATION,TEMPORARY,8,3,1
pay_synth_00678,demo_company_001,DEMO,9996.02,INR,UPI,NETWORK,TEMPORARY,6,5,1
pay_synth_03308,demo_company_001,DEMO,1103.16,INR,UPI,CUSTOMER_ACTION_REQUIRED,TEMPORARY,23,3,1
pay_synth_02655,demo_company_001,RAZORPAY,1591.41,INR,CARD,INSUFFICIENT_FUNDS,TEMPORARY,3,4,0
pay_synth_03464,demo_company_001,RAZORPAY,2351.81,INR,NETBANKING,CARD,PERMANENT,7,2,0
pay_synth_01619,demo_company_001,RAZORPAY,144.86,INR,CARD,CUSTOMER_ACTION_REQUIRED,TEMPORARY,8,4,0
pay_synth_03592,demo_company_001,DEMO,3067.02,INR,UPI,AUTHENTICATION,TEMPORARY,6,0,1
pay_synth_01630,demo_company_001,DEMO,2084.31,INR,CARD,AUTHENTICATION,TEMPORARY,11,5,0
pay_synth_02399,demo_company_001,RAZORPAY,1672.63,INR,CARD,NETWORK,TEMPORARY,5,6,1
pay_synth_01334,demo_company_001,STRIPE,3385.62,INR,CARD,CARD,PERMANENT,17,3,1
pay_synth_01207,demo_company_001,RAZORPAY,1511.55,INR,UPI,BANK,PERMANENT,6,6,1
pay_synth_02169,demo_company_001,RAZORPAY,2298.08,INR,UPI,NETWORK,TEMPORARY,19,5,1
pay_synth_01524,demo_company_001,DEMO,354.57,INR,UPI,INSUFFICIENT_FUNDS,TEMPORARY,4,2,1
pay_synth_00482,demo_company_001,RAZORPAY,881.94,USD,UPI,CARD,PERMANENT,1,0,0
pay_synth_00503,demo_company_001,DEMO,8275.17,INR,UPI,CARD,PERMANENT,15,5,0
pay_synth_03086,demo_company_001,RAZORPAY,2300.06,INR,CARD,INSUFFICIENT_FUNDS,TEMPORARY,8,3,1
pay_synth_01497,demo_company_001,RAZORPAY,1060.31,INR,UPI,INSUFFICIENT_FUNDS,TEMPORARY,9,6,0
pay_synth_04879,demo_company_001,DEMO,723.43,INR,CARD,CARD,PERMANENT,14,2,0
pay_synth_04234,demo_company_001,STRIPE,760.67,INR,CARD,PROVIDER,TEMPORARY,15,6,1
pay_synth_00294,demo_company_001,DEMO,586.96,INR,UPI,CARD,PERMANENT,3,0,0
pay_synth_01802,demo_company_001,RAZORPAY,1722.95,INR,UPI,AUTHENTICATION,TEMPORARY,10,6,0
pay_synth_04172,demo_company_001,STRIPE,153.62,INR,NETBANKING,INSUFFICIENT_FUNDS,TEMPORARY,14,2,1
pay_synth_02506,demo_company_001,DEMO,3716.6,INR,NETBANKING,UNKNOWN,UNKNOWN,11,2,0
pay_synth_03746,demo_company_001,DEMO,996.3,INR,CARD,AUTHENTICATION,TEMPORARY,23,0,1
pay_synth_02955,demo_company_001,STRIPE,655.76,INR,NETBANKING,AUTHENTICATION,TEMPORARY,2,5,1
pay_synth_02480,demo_company_001,RAZORPAY,1655.86,INR,UPI,INSUFFICIENT_FUNDS,TEMPORARY,3,2,1
pay_synth_03967,demo_company_001,DEMO,3927.98,INR,CARD,TEMPORARY,TEMPORARY,18,4,0
pay_synth_00823,demo_company_001,DEMO,5088.61,INR,CARD,TEMPORARY,TEMPORARY,6,5,1
pay_synth_03271,demo_company_001,DEMO,3788.11,INR,UPI,INSUFFICIENT_FUNDS,TEMPORARY,13,0,0
pay_synth_01514,demo_company_001,DEMO,4888.26,INR,CARD,AUTHENTICATION,TEMPORARY,9,4,1
pay_synth_02781,demo_company_001,DEMO,4120.35,INR,CARD,CARD,PERMANENT,0,2,1
pay_synth_00547,demo_company_001,DEMO,9442.69,USD,UPI,TEMPORARY,TEMPORARY,3,0,1
pay_synth_01078,demo_company_001,RAZORPAY,823.96,INR,CARD,INSUFFICIENT_FUNDS,TEMPORARY,17,4,1
pay_synth_03288,demo_company_001,STRIPE,1411.48,USD,UPI,AUTHENTICATION,TEMPORARY,23,3,1
pay_synth_02014,demo_company_001,DEMO,7662.88,INR,UPI,BANK,PERMANENT,3,2,1
pay_synth_01941,demo_company_001,DEMO,7353.3,INR,NETBANKING,INSUFFICIENT_FUNDS,TEMPORARY,23,6,0
pay_synth_00202,demo_company_001,DEMO,9124.04,INR,WALLET,INSUFFICIENT_FUNDS,TEMPORARY,8,5,0
pay_synth_03874,demo_company_001,STRIPE,4624.17,INR,UPI,PROVIDER,TEMPORARY,9,3,1
pay_synth_04846,demo_company_001,DEMO,411.3,USD,UPI,BANK,PERMANENT,3,1,0
pay_synth_04122,demo_company_001,RAZORPAY,923.79,INR,CARD,AUTHENTICATION,TEMPORARY,20,0,1
pay_synth_01593,demo_company_001,DEMO,1737.31,INR,UPI,AUTHENTICATION,TEMPORARY,1,6,0
pay_synth_04313,demo_company_001,DEMO,5100.34,INR,CARD,CARD,PERMANENT,10,5,0
pay_synth_00684,demo_company_001,RAZORPAY,386.71,INR,UPI,CARD,PERMANENT,12,3,0
pay_synth_00083,demo_company_001,DEMO,649.7,INR,NETBANKING,CARD,PERMANENT,7,1,0
pay_synth_04939,demo_company_001,RAZORPAY,2674.64,INR,NETBANKING,AUTHENTICATION,TEMPORARY,2,2,0
pay_synth_00841,demo_company_001,DEMO,1749.74,INR,UPI,PROVIDER,TEMPORARY,9,3,1
pay_synth_00185,demo_company_001,DEMO,268.97,USD,CARD,NETWORK,TEMPORARY,13,2,1
pay_synth_04102,demo_company_001,DEMO,5661.38,USD,CARD,CARD,PERMANENT,0,3,0
pay_synth_03956,demo_company_001,STRIPE,1180.25,INR,UPI,CARD,PERMANENT,11,6,1
pay_synth_01662,demo_company_001,RAZORPAY,3413.02,INR,UPI,UNKNOWN,UNKNOWN,2,2,1
pay_synth_04756,demo_company_001,STRIPE,1361.77,INR,UPI,BANK,PERMANENT,10,0,1
pay_synth_04328,demo_company_001,STRIPE,1834.12,INR,UPI,AUTHENTICATION,TEMPORARY,23,4,0
pay_synth_03552,demo_company_001,DEMO,2685.87,INR,UPI,NETWORK,TEMPORARY,7,3,1
pay_synth_04223,demo_company_001,STRIPE,4726.27,INR,CARD,AUTHENTICATION,TEMPORARY,3,5,1
pay_synth_03158,demo_company_001,DEMO,3742.32,INR,UPI,INSUFFICIENT_FUNDS,TEMPORARY,16,6,1
pay_synth_04670,demo_company_001,RAZORPAY,14549.73,INR,CARD,AUTHENTICATION,TEMPORARY,18,5,1
pay_synth_02168,demo_company_001,DEMO,2762.61,INR,CARD,CARD,PERMANENT,2,3,0
pay_synth_01530,demo_company_001,RAZORPAY,10781.5,INR,NETBANKING,CARD,PERMANENT,7,3,1
pay_synth_04923,demo_company_001,RAZORPAY,549.44,USD,CARD,CUSTOMER_ACTION_REQUIRED,TEMPORARY,11,1,0
pay_synth_04749,demo_company_001,DEMO,1621.77,USD,UPI,INSUFFICIENT_FUNDS,TEMPORARY,8,5,1
pay_synth_03901,demo_company_001,DEMO,1138.88,INR,UPI,INSUFFICIENT_FUNDS,TEMPORARY,11,4,0
pay_synth_04579,demo_company_001,STRIPE,788.27,INR,UPI,INSUFFICIENT_FUNDS,TEMPORARY,5,6,1
pay_synth_04085,demo_company_001,DEMO,6759.48,INR,UPI,INSUFFICIENT_FUNDS,TEMPORARY,5,3,0
pay_synth_03747,demo_company_001,RAZORPAY,1757.19,INR,UPI,UNKNOWN,UNKNOWN,11,4,1
pay_synth_00577,demo_company_001,DEMO,8997.4,INR,CARD,UNKNOWN,UNKNOWN,1,5,0
pay_synth_03302,demo_company_001,STRIPE,4348.7,INR,UPI,INSUFFICIENT_FUNDS,TEMPORARY,10,2,1
pay_synth_03767,demo_company_001,RAZORPAY,1280.81,INR,CARD,INSUFFICIENT_FUNDS,TEMPORARY,6,6,0
pay_synth_03877,demo_company_001,DEMO,1560.8,INR,UPI,NETWORK,TEMPORARY,17,1,1
pay_synth_00611,demo_company_001,DEMO,1164.78,INR,UPI,NETWORK,TEMPORARY,7,3,1
pay_synth_03089,demo_company_001,RAZORPAY,1794.23,INR,UPI,CARD,PERMANENT,19,2,1
pay_synth_01327,demo_company_001,DEMO,1660.09,INR,WALLET,AUTHENTICATION,TEMPORARY,9,1,1
pay_synth_02679,demo_company_001,DEMO,3343.58,INR,UPI,CARD,PERMANENT,12,3,0
pay_synth_00854,demo_company_001,STRIPE,3739.59,INR,NETBANKING,BANK,TEMPORARY,15,2,0
pay_synth_00179,demo_company_001,STRIPE,733.18,INR,CARD,NETWORK,TEMPORARY,1,3,1
pay_synth_02829,demo_company_001,DEMO,2660.63,INR,CARD,AUTHENTICATION,TEMPORARY,13,1,1
pay_synth_03224,demo_company_001,DEMO,762.4,INR,NETBANKING,PROVIDER,TEMPORARY,17,3,0
pay_synth_01080,demo_company_001,STRIPE,2213.61,INR,UPI,BANK,TEMPORARY,15,2,0
pay_synth_01759,demo_company_001,DEMO,1004.64,USD,WALLET,CUSTOMER_ACTION_REQUIRED,TEMPORARY,0,2,1
pay_synth_01438,demo_company_001,RAZORPAY,1445.79,INR,UPI,CUSTOMER_ACTION_REQUIRED,TEMPORARY,14,5,1
pay_synth_03695,demo_company_001,DEMO,9698.52,INR,CARD,NETWORK,TEMPORARY,19,3,0
pay_synth_02225,demo_company_001,DEMO,938.66,INR,NETBANKING,BANK,TEMPORARY,1,0,1
pay_synth_00927,demo_company_001,DEMO,12343.33,INR,CARD,BANK,UNKNOWN,18,6,0
pay_synth_03582,demo_company_001,STRIPE,1912.5,INR,CARD,INSUFFICIENT_FUNDS,TEMPORARY,15,5,1
pay_synth_01227,demo_company_001,DEMO,520.75,INR,UPI,CARD,PERMANENT,15,6,0
pay_synth_00298,demo_company_001,DEMO,468.88,INR,CARD,AUTHENTICATION,TEMPORARY,17,0,1
pay_synth_02252,demo_company_001,STRIPE,2969.12,INR,NETBANKING,BANK,TEMPORARY,17,3,1
pay_synth_02082,demo_company_001,DEMO,2630.1,INR,CARD,NETWORK,TEMPORARY,17,6,1
pay_synth_04678,demo_company_001,STRIPE,2159.83,INR,UPI,CARD,PERMANENT,20,0,0
pay_synth_04728,demo_company_001,STRIPE,747.6,INR,UPI,NETWORK,TEMPORARY,7,3,1
pay_synth_04998,demo_company_001,DEMO,6887.24,INR,NETBANKING,INSUFFICIENT_FUNDS,TEMPORARY,4,6,1
pay_synth_02305,demo_company_001,STRIPE,1261.51,INR,UPI,CUSTOMER_ACTION_REQUIRED,TEMPORARY,11,3,0
pay_synth_04699,demo_company_001,DEMO,543.48,INR,CARD,INSUFFICIENT_FUNDS,TEMPORARY,5,4,1
pay_synth_02617,demo_company_001,DEMO,1770.47,USD,UPI,INSUFFICIENT_FUNDS,TEMPORARY,11,3,1
pay_synth_04927,demo_company_001,DEMO,2717.47,INR,UPI,CUSTOMER_ACTION_REQUIRED,TEMPORARY,7,4,1
pay_synth_01328,demo_company_001,RAZORPAY,4189.24,INR,UPI,INSUFFICIENT_FUNDS,TEMPORARY,23,0,0
pay_synth_04662,demo_company_001,RAZORPAY,858.15,INR,UPI,BANK,TEMPORARY,18,2,1
pay_synth_01707,demo_company_001,RAZORPAY,190.35,INR,NETBANKING,TEMPORARY,TEMPORARY,13,6,0
pay_synth_03368,demo_company_001,DEMO,17588.29,INR,CARD,BANK,PERMANENT,23,0,0
pay_synth_01943,demo_company_001,RAZORPAY,3701.35,INR,CARD,INSUFFICIENT_FUNDS,TEMPORARY,3,3,1
pay_synth_02103,demo_company_001,DEMO,3205.47,INR,WALLET,UNKNOWN,UNKNOWN,1,6,0
pay_synth_02710,demo_company_001,DEMO,3735.89,INR,NETBANKING,AUTHENTICATION,TEMPORARY,5,4,0
pay_synth_03658,demo_company_001,RAZORPAY,1017.0,INR,UPI,AUTHENTICATION,TEMPORARY,4,1,1
pay_synth_00160,demo_company_001,RAZORPAY,4068.81,INR,UPI,BANK,TEMPORARY,7,6,1
pay_synth_02961,demo_company_001,DEMO,420.11,USD,NETBANKING,INSUFFICIENT_FUNDS,TEMPORARY,7,0,1
pay_synth_02174,demo_company_001,STRIPE,698.69,INR,CARD,UNKNOWN,UNKNOWN,17,2,1
pay_synth_03577,demo_company_001,DEMO,4145.55,INR,CARD,AUTHENTICATION,TEMPORARY,19,6,0
pay_synth_03239,demo_company_001,RAZORPAY,2666.67,USD,CARD,UNKNOWN,UNKNOWN,14,2,0
pay_synth_00909,demo_company_001,DEMO,1783.51,USD,UPI,BANK,UNKNOWN,18,0,1
pay_synth_00686,demo_company_001,RAZORPAY,2101.74,INR,CARD,INSUFFICIENT_FUNDS,TEMPORARY,0,3,1
pay_synth_04151,demo_company_001,DEMO,1300.0,INR,CARD,NETWORK,TEMPORARY,19,3,0
pay_synth_01564,demo_company_001,DEMO,995.99,INR,CARD,AUTHENTICATION,TEMPORARY,2,2,1
pay_synth_03215,demo_company_001,DEMO,373.74,USD,UPI,INSUFFICIENT_FUNDS,TEMPORARY,4,4,1
pay_synth_00764,demo_company_001,RAZORPAY,969.22,INR,UPI,INSUFFICIENT_FUNDS,TEMPORARY,10,5,1
pay_synth_04107,demo_company_001,STRIPE,3079.83,USD,UPI,NETWORK,TEMPORARY,21,2,1
pay_synth_02327,demo_company_001,STRIPE,1539.16,INR,UPI,BANK,TEMPORARY,22,3,0
pay_synth_02934,demo_company_001,RAZORPAY,580.16,INR,UPI,AUTHENTICATION,TEMPORARY,20,6,1
pay_synth_00943,demo_company_001,RAZORPAY,1106.37,INR,UPI,AUTHENTICATION,TEMPORARY,14,1,1
pay_synth_04406,demo_company_001,RAZORPAY,1947.49,INR,UPI,INSUFFICIENT_FUNDS,TEMPORARY,12,4,1
pay_synth_00767,demo_company_001,RAZORPAY,793.64,INR,UPI,NETWORK,TEMPORARY,14,6,0
pay_synth_00650,demo_company_001,DEMO,2471.53,INR,CARD,CARD,PERMANENT,7,0,0
pay_synth_02658,demo_company_001,STRIPE,1830.51,INR,CARD,INSUFFICIENT_FUNDS,TEMPORARY,15,6,1
pay_synth_00743,demo_company_001,RAZORPAY,828.25,INR,NETBANKING,INSUFFICIENT_FUNDS,TEMPORARY,13,5,1
pay_synth_01188,demo_company_001,DEMO,3687.04,INR,UPI,CARD,PERMANENT,11,5,1
pay_synth_02979,demo_company_001,RAZORPAY,15656.4,INR,CARD,INSUFFICIENT_FUNDS,TEMPORARY,13,5,0
pay_synth_03236,demo_company_001,DEMO,677.15,INR,CARD,CUSTOMER_ACTION_REQUIRED,TEMPORARY,8,4,1
pay_synth_03240,demo_company_001,RAZORPAY,10366.06,INR,UPI,TEMPORARY,TEMPORARY,11,2,1
pay_synth_01510,demo_company_001,RAZORPAY,11517.34,INR,CARD,AUTHENTICATION,TEMPORARY,2,2,0
pay_synth_03914,demo_company_001,STRIPE,6185.59,INR,UPI,PROVIDER,TEMPORARY,22,6,1
pay_synth_01771,demo_company_001,DEMO,1791.49,INR,UPI,INSUFFICIENT_FUNDS,TEMPORARY,11,2,1
pay_synth_01215,demo_company_001,RAZORPAY,3189.42,INR,CARD,BANK,TEMPORARY,10,1,1
pay_synth_04178,demo_company_001,STRIPE,1080.63,INR,CARD,NETWORK,TEMPORARY,18,0,1
pay_synth_03210,demo_company_001,RAZORPAY,4641.05,INR,UPI,PROVIDER,TEMPORARY,22,3,1
pay_synth_02968,demo_company_001,RAZORPAY,745.0,INR,UPI,CARD,PERMANENT,17,3,0
pay_synth_04526,demo_company_001,DEMO,1364.62,INR,CARD,AUTHENTICATION,TEMPORARY,5,1,1
pay_synth_00699,demo_company_001,DEMO,1225.0,INR,WALLET,CARD,PERMANENT,8,5,0
pay_synth_01932,demo_company_001,RAZORPAY,1517.54,INR,UPI,NETWORK,TEMPORARY,11,6,1
pay_synth_04438,demo_company_001,RAZORPAY,7184.99,INR,UPI,AUTHENTICATION,TEMPORARY,13,4,0
pay_synth_03743,demo_company_001,RAZORPAY,3073.15,INR,UPI,CARD,PERMANENT,19,2,0
pay_synth_02482,demo_company_001,STRIPE,790.37,INR,UPI,PROVIDER,TEMPORARY,15,3,0
pay_synth_00356,demo_company_001,RAZORPAY,1585.88,USD,UPI,INSUFFICIENT_FUNDS,TEMPORARY,23,0,1
pay_synth_01611,demo_company_001,STRIPE,3562.86,INR,NETBANKING,CUSTOMER_ACTION_REQUIRED,TEMPORARY,16,0,1
pay_synth_03672,demo_company_001,DEMO,443.4,INR,UPI,INSUFFICIENT_FUNDS,TEMPORARY,18,1,1
pay_synth_03325,demo_company_001,RAZORPAY,2634.65,INR,UPI,CARD,PERMANENT,17,5,0
pay_synth_01070,demo_company_001,DEMO,4649.7,INR,UPI,NETWORK,TEMPORARY,0,6,1
pay_synth_04062,demo_company_001,DEMO,3489.93,INR,NETBANKING,TEMPORARY,TEMPORARY,10,2,0
pay_synth_02395,demo_company_001,STRIPE,1161.22,INR,UPI,BANK,TEMPORARY,22,3,1
pay_synth_02029,demo_company_001,DEMO,7264.56,INR,UPI,AUTHENTICATION,TEMPORARY,7,3,0
pay_synth_00963,demo_company_001,DEMO,1740.21,USD,UPI,AUTHENTICATION,TEMPORARY,10,2,1
pay_synth_04907,demo_company_001,STRIPE,682.52,INR,NETBANKING,AUTHENTICATION,TEMPORARY,14,1,0
pay_synth_04804,demo_company_001,DEMO,2631.36,INR,CARD,INSUFFICIENT_FUNDS,TEMPORARY,17,2,1
pay_synth_01650,demo_company_001,RAZORPAY,994.2,INR,NETBANKING,BANK,TEMPORARY,0,6,1
pay_synth_02920,demo_company_001,DEMO,2386.19,INR,UPI,NETWORK,TEMPORARY,10,0,1
pay_synth_04116,demo_company_001,DEMO,7356.8,INR,CARD,AUTHENTICATION,TEMPORARY,11,5,0
pay_synth_02313,demo_company_001,DEMO,216.56,INR,UPI,AUTHENTICATION,TEMPORARY,8,3,1
pay_synth_04892,demo_company_001,DEMO,1071.81,INR,UPI,AUTHENTICATION,TEMPORARY,14,0,1
pay_synth_04134,demo_company_001,RAZORPAY,2389.57,INR,UPI,AUTHENTICATION,TEMPORARY,10,3,1
pay_synth_01176,demo_company_001,RAZORPAY,2675.66,INR,CARD,NETWORK,TEMPORARY,21,5,0
pay_synth_02177,demo_company_001,DEMO,1738.3,INR,WALLET,INSUFFICIENT_FUNDS,TEMPORARY,12,5,1
pay_synth_03792,demo_company_001,DEMO,891.49,INR,UPI,INSUFFICIENT_FUNDS,TEMPORARY,11,0,1
pay_synth_02762,demo_company_001,DEMO,526.46,INR,UPI,NETWORK,TEMPORARY,8,2,1
pay_synth_02010,demo_company_001,DEMO,4093.83,INR,UPI,UNKNOWN,UNKNOWN,19,2,0
pay_synth_03372,demo_company_001,RAZORPAY,6302.21,INR,UPI,INSUFFICIENT_FUNDS,TEMPORARY,17,2,0
pay_synth_03963,demo_company_001,DEMO,744.42,INR,CARD,CUSTOMER_ACTION_REQUIRED,TEMPORARY,15,1,1
pay_synth_03542,demo_company_001,STRIPE,2167.92,INR,CARD,PROVIDER,TEMPORARY,17,0,0
pay_synth_03584,demo_company_001,STRIPE,6424.66,INR,UPI,CARD,PERMANENT,14,2,0
pay_synth_02570,demo_company_001,STRIPE,21746.34,INR,UPI,INSUFFICIENT_FUNDS,TEMPORARY,2,2,1
pay_synth_00711,demo_company_001,RAZORPAY,468.41,INR,UPI,NETWORK,TEMPORARY,15,4,1
pay_synth_01164,demo_company_001,RAZORPAY,2269.6,INR,UPI,CARD,PERMANENT,23,4,0
pay_synth_00325,demo_company_001,STRIPE,1189.97,INR,UPI,INSUFFICIENT_FUNDS,TEMPORARY,2,0,1
pay_synth_00133,demo_company_001,DEMO,901.88,INR,UPI,NETWORK,TEMPORARY,5,4,1
pay_synth_00423,demo_company_001,DEMO,1653.53,INR,WALLET,NETWORK,TEMPORARY,2,2,1
pay_synth_00978,demo_company_001,DEMO,982.12,INR,UPI,CARD,PERMANENT,3,1,0
pay_synth_01735,demo_company_001,DEMO,741.06,INR,UPI,AUTHENTICATION,TEMPORARY,12,1,1
pay_synth_03398,demo_company_001,STRIPE,1919.03,INR,UPI,AUTHENTICATION,TEMPORARY,14,0,1
pay_synth_04906,demo_company_001,DEMO,2929.01,INR,UPI,BANK,PERMANENT,5,6,0
pay_synth_02123,demo_company_001,STRIPE,890.48,INR,CARD,NETWORK,TEMPORARY,10,1,1
pay_synth_04950,demo_company_001,STRIPE,1206.26,INR,UPI,AUTHENTICATION,TEMPORARY,2,0,1
pay_synth_00838,demo_company_001,DEMO,2540.13,INR,UPI,PROVIDER,TEMPORARY,23,5,0
pay_synth_00996,demo_company_001,DEMO,3072.21,INR,CARD,AUTHENTICATION,TEMPORARY,4,2,0
pay_synth_02592,demo_company_001,STRIPE,2327.75,INR,NETBANKING,NETWORK,TEMPORARY,9,4,1
pay_synth_01391,demo_company_001,DEMO,1843.29,INR,UPI,INSUFFICIENT_FUNDS,TEMPORARY,11,5,1
pay_synth_00020,demo_company_001,DEMO,593.92,INR,NETBANKING,INSUFFICIENT_FUNDS,TEMPORARY,8,1,0
pay_synth_00908,demo_company_001,DEMO,1823.51,INR,CARD,AUTHENTICATION,TEMPORARY,16,1,0
pay_synth_04074,demo_company_001,RAZORPAY,990.3,USD,CARD,CUSTOMER_ACTION_REQUIRED,TEMPORARY,21,2,1
pay_synth_04182,demo_company_001,RAZORPAY,806.6,INR,UPI,AUTHENTICATION,TEMPORARY,14,5,1
pay_synth_03529,demo_company_001,STRIPE,1426.77,INR,CARD,NETWORK,TEMPORARY,9,3,1
pay_synth_01219,demo_company_001,RAZORPAY,1632.28,USD,UPI,AUTHENTICATION,TEMPORARY,2,1,1
pay_synth_03312,demo_company_001,RAZORPAY,1091.37,INR,UPI,AUTHENTICATION,TEMPORARY,13,5,0
pay_synth_04299,demo_company_001,DEMO,15201.6,INR,NETBANKING,NETWORK,TEMPORARY,14,2,1
pay_synth_03701,demo_company_001,RAZORPAY,1817.37,INR,NETBANKING,TEMPORARY,TEMPORARY,13,3,1
pay_synth_00106,demo_company_001,DEMO,1864.73,INR,UPI,INSUFFICIENT_FUNDS,TEMPORARY,18,1,1
pay_synth_00211,demo_company_001,RAZORPAY,4026.93,INR,NETBANKING,UNKNOWN,UNKNOWN,0,1,0
pay_synth_00329,demo_company_001,DEMO,775.49,INR,UPI,AUTHENTICATION,TEMPORARY,18,0,1
pay_synth_03305,demo_company_001,DEMO,1372.42,INR,UPI,NETWORK,TEMPORARY,21,2,1
pay_synth_03466,demo_company_001,RAZORPAY,75000.0,INR,UPI,NETWORK,TEMPORARY,22,4,1
pay_synth_02255,demo_company_001,STRIPE,10281.97,INR,UPI,BANK,PERMANENT,0,5,1
pay_synth_02769,demo_company_001,RAZORPAY,1370.49,INR,UPI,INSUFFICIENT_FUNDS,TEMPORARY,16,0,0
pay_synth_03442,demo_company_001,RAZORPAY,676.45,INR,UPI,CARD,PERMANENT,2,3,0
pay_synth_02471,demo_company_001,DEMO,10108.21,INR,NETBANKING,CARD,PERMANENT,12,0,0
pay_synth_01846,demo_company_001,DEMO,513.7,USD,UPI,INSUFFICIENT_FUNDS,TEMPORARY,23,3,1
pay_synth_01397,demo_company_001,DEMO,4807.51,INR,CARD,CARD,PERMANENT,10,2,0
pay_synth_04498,demo_company_001,DEMO,10643.7,INR,UPI,AUTHENTICATION,TEMPORARY,22,0,1
pay_synth_00631,demo_company_001,RAZORPAY,11124.95,INR,CARD,NETWORK,TEMPORARY,23,6,1
pay_synth_00136,demo_company_001,DEMO,372.1,INR,UPI,INSUFFICIENT_FUNDS,TEMPORARY,13,6,0
pay_synth_02615,demo_company_001,DEMO,1659.06,INR,UPI,CUSTOMER_ACTION_REQUIRED,TEMPORARY,4,4,0
pay_synth_00183,demo_company_001,STRIPE,2849.57,INR,UPI,AUTHENTICATION,TEMPORARY,15,4,0
pay_synth_03204,demo_company_001,STRIPE,241.16,USD,UPI,BANK,PERMANENT,15,0,1
pay_synth_02848,demo_company_001,DEMO,2033.72,INR,CARD,PROVIDER,TEMPORARY,23,2,1
pay_synth_01710,demo_company_001,RAZORPAY,750.96,INR,NETBANKING,NETWORK,TEMPORARY,17,3,1
pay_synth_03714,demo_company_001,RAZORPAY,1325.25,USD,UPI,INSUFFICIENT_FUNDS,TEMPORARY,2,6,1
pay_synth_00397,demo_company_001,STRIPE,1465.26,INR,UPI,NETWORK,TEMPORARY,7,1,0
pay_synth_01217,demo_company_001,DEMO,10507.17,INR,UPI,AUTHENTICATION,TEMPORARY,2,3,0
pay_synth_04745,demo_company_001,DEMO,2503.84,INR,UPI,INSUFFICIENT_FUNDS,TEMPORARY,17,2,1
pay_synth_02450,demo_company_001,DEMO,12208.34,USD,UPI,AUTHENTICATION,TEMPORARY,12,4,1
pay_synth_01162,demo_company_001,DEMO,5853.52,INR,UPI,AUTHENTICATION,TEMPORARY,19,4,1
pay_synth_02143,demo_company_001,RAZORPAY,206.4,INR,CARD,CARD,PERMANENT,14,3,0
pay_synth_04894,demo_company_001,DEMO,3067.28,INR,CARD,BANK,TEMPORARY,19,5,0
pay_synth_04097,demo_company_001,DEMO,4826.08,INR,UPI,NETWORK,TEMPORARY,14,6,1
pay_synth_01214,demo_company_001,RAZORPAY,1344.3,INR,UPI,INSUFFICIENT_FUNDS,TEMPORARY,11,0,0
pay_synth_02758,demo_company_001,STRIPE,1717.89,INR,NETBANKING,PROVIDER,TEMPORARY,22,0,0
pay_synth_02135,demo_company_001,RAZORPAY,2532.12,INR,CARD,INSUFFICIENT_FUNDS,TEMPORARY,5,5,1
pay_synth_00468,demo_company_001,STRIPE,781.11,INR,NETBANKING,AUTHENTICATION,TEMPORARY,6,3,0
pay_synth_00252,demo_company_001,DEMO,368.15,INR,WALLET,INSUFFICIENT_FUNDS,TEMPORARY,11,3,1
pay_synth_01402,demo_company_001,DEMO,296.91,INR,NETBANKING,AUTHENTICATION,TEMPORARY,16,6,0
pay_synth_04910,demo_company_001,RAZORPAY,3492.24,INR,UPI,INSUFFICIENT_FUNDS,TEMPORARY,15,0,1
pay_synth_03984,demo_company_001,DEMO,2367.88,INR,CARD,INSUFFICIENT_FUNDS,TEMPORARY,3,0,1
pay_synth_01824,demo_company_001,RAZORPAY,3973.32,INR,WALLET,BANK,TEMPORARY,11,6,1
pay_synth_02574,demo_company_001,DEMO,476.84,INR,CARD,INSUFFICIENT_FUNDS,TEMPORARY,5,3,1
pay_synth_01269,demo_company_001,RAZORPAY,1507.98,INR,UPI,CUSTOMER_ACTION_REQUIRED,TEMPORARY,5,1,1
pay_synth_02709,demo_company_001,DEMO,10152.95,USD,CARD,AUTHENTICATION,TEMPORARY,8,0,1
pay_synth_01298,demo_company_001,DEMO,2041.2,INR,UPI,INSUFFICIENT_FUNDS,TEMPORARY,17,5,0
pay_synth_03678,demo_company_001,DEMO,12062.64,INR,CARD,PROVIDER,TEMPORARY,16,3,1
pay_synth_01488,demo_company_001,RAZORPAY,3103.93,INR,UPI,AUTHENTICATION,TEMPORARY,0,3,0
pay_synth_00466,demo_company_001,DEMO,16075.1,INR,CARD,AUTHENTICATION,TEMPORARY,13,3,0
pay_synth_01955,demo_company_001,STRIPE,843.88,INR,NETBANKING,BANK,UNKNOWN,9,1,1
pay_synth_01754,demo_company_001,DEMO,1818.4,INR,UPI,INSUFFICIENT_FUNDS,TEMPORARY,17,2,1
pay_synth_02785,demo_company_001,STRIPE,6521.42,INR,NETBANKING,NETWORK,TEMPORARY,8,4,0
pay_synth_03616,demo_company_001,DEMO,1619.94,INR,WALLET,CARD,PERMANENT,11,6,0
pay_synth_02974,demo_company_001,RAZORPAY,636.99,INR,NETBANKING,AUTHENTICATION,TEMPORARY,18,0,0
pay_synth_02525,demo_company_001,STRIPE,2524.6,INR,UPI,INSUFFICIENT_FUNDS,TEMPORARY,20,1,1
pay_synth_02588,demo_company_001,RAZORPAY,4198.96,INR,CARD,CARD,PERMANENT,17,2,1
pay_synth_03071,demo_company_001,RAZORPAY,4502.49,INR,UPI,AUTHENTICATION,TEMPORARY,2,3,0
pay_synth_01708,demo_company_001,DEMO,5860.66,INR,CARD,UNKNOWN,UNKNOWN,7,5,1
pay_synth_00258,demo_company_001,RAZORPAY,6569.42,INR,CARD,NETWORK,TEMPORARY,10,1,0
pay_synth_00674,demo_company_001,RAZORPAY,1258.56,INR,UPI,INSUFFICIENT_FUNDS,TEMPORARY,20,2,1
pay_synth_01230,demo_company_001,DEMO,1527.38,INR,UPI,AUTHENTICATION,TEMPORARY,15,0,1
pay_synth_00128,demo_company_001,STRIPE,1067.82,INR,UPI,BANK,TEMPORARY,12,0,1
pay_synth_01336,demo_company_001,RAZORPAY,338.34,INR,CARD,NETWORK,TEMPORARY,22,3,1
pay_synth_01683,demo_company_001,RAZORPAY,3811.1,INR,NETBANKING,NETWORK,TEMPORARY,17,5,1
pay_synth_04156,demo_company_001,DEMO,858.88,INR,UPI,BANK,PERMANENT,6,2,0
pay_synth_01999,demo_company_001,DEMO,1535.11,INR,UPI,CUSTOMER_ACTION_REQUIRED,TEMPORARY,15,2,0
pay_synth_03931,demo_company_001,STRIPE,619.42,INR,UPI,AUTHENTICATION,TEMPORARY,22,0,1
pay_synth_03399,demo_company_001,DEMO,265.16,INR,NETBANKING,INSUFFICIENT_FUNDS,TEMPORARY,9,2,1
pay_synth_01324,demo_company_001,DEMO,1197.39,INR,UPI,INSUFFICIENT_FUNDS,TEMPORARY,5,1,0
pay_synth_00520,demo_company_001,DEMO,2895.13,USD,CARD,CARD,PERMANENT,0,0,0
pay_synth_02777,demo_company_001,DEMO,694.37,INR,UPI,INSUFFICIENT_FUNDS,TEMPORARY,10,5,1
pay_synth_02042,demo_company_001,RAZORPAY,1347.48,INR,UPI,AUTHENTICATION,TEMPORARY,18,3,1
pay_synth_02646,demo_company_001,DEMO,4470.8,INR,CARD,AUTHENTICATION,TEMPORARY,11,3,0
pay_synth_03676,demo_company_001,DEMO,1119.79,INR,UPI,NETWORK,TEMPORARY,5,2,1
pay_synth_00287,demo_company_001,DEMO,2897.44,INR,WALLET,AUTHENTICATION,TEMPORARY,15,0,1
pay_synth_01557,demo_company_001,RAZORPAY,4470.22,INR,UPI,PROVIDER,TEMPORARY,12,2,1
pay_synth_04598,demo_company_001,DEMO,872.58,INR,UPI,UNKNOWN,UNKNOWN,22,3,1
pay_synth_00717,demo_company_001,STRIPE,1239.67,INR,UPI,INSUFFICIENT_FUNDS,TEMPORARY,1,6,1
pay_synth_00922,demo_company_001,DEMO,4420.89,INR,WALLET,NETWORK,TEMPORARY,1,2,1
pay_synth_02991,demo_company_001,DEMO,2682.15,INR,CARD,CUSTOMER_ACTION_REQUIRED,TEMPORARY,11,0,0
pay_synth_01967,demo_company_001,DEMO,4759.09,INR,NETBANKING,PROVIDER,TEMPORARY,23,0,0
pay_synth_03862,demo_company_001,RAZORPAY,813.13,INR,NETBANKING,INSUFFICIENT_FUNDS,TEMPORARY,16,5,1
pay_synth_01417,demo_company_001,DEMO,1176.64,INR,UPI,CUSTOMER_ACTION_REQUIRED,TEMPORARY,21,4,1
pay_synth_01903,demo_company_001,RAZORPAY,484.06,INR,UPI,CARD,PERMANENT,19,6,0
pay_synth_02965,demo_company_001,STRIPE,638.12,INR,CARD,INSUFFICIENT_FUNDS,TEMPORARY,7,5,1
pay_synth_02722,demo_company_001,RAZORPAY,1252.68,INR,NETBANKING,INSUFFICIENT_FUNDS,TEMPORARY,15,6,1
pay_synth_00333,demo_company_001,DEMO,2462.41,INR,UPI,INSUFFICIENT_FUNDS,TEMPORARY,14,6,1
pay_synth_01657,demo_company_001,RAZORPAY,2519.26,INR,UPI,TEMPORARY,TEMPORARY,2,4,1
pay_synth_03212,demo_company_001,RAZORPAY,2515.2,INR,CARD,INSUFFICIENT_FUNDS,TEMPORARY,0,6,1
pay_synth_00436,demo_company_001,RAZORPAY,13669.77,INR,CARD,AUTHENTICATION,TEMPORARY,19,2,1
pay_synth_03681,demo_company_001,RAZORPAY,326.3,INR,UPI,TEMPORARY,TEMPORARY,6,0,1
pay_synth_00511,demo_company_001,RAZORPAY,1261.38,INR,UPI,INSUFFICIENT_FUNDS,TEMPORARY,11,1,1
pay_synth_01789,demo_company_001,DEMO,214.48,INR,NETBANKING,AUTHENTICATION,TEMPORARY,20,3,1
pay_synth_01182,demo_company_001,DEMO,4256.67,INR,UPI,CUSTOMER_ACTION_REQUIRED,TEMPORARY,15,0,1
pay_synth_03428,demo_company_001,RAZORPAY,196.28,INR,WALLET,BANK,PERMANENT,22,5,0
pay_synth_00895,demo_company_001,RAZORPAY,423.47,INR,CARD,NETWORK,TEMPORARY,0,5,0
pay_synth_01949,demo_company_001,DEMO,2927.93,INR,NETBANKING,NETWORK,TEMPORARY,9,2,1
pay_synth_03131,demo_company_001,STRIPE,4736.76,INR,CARD,CARD,PERMANENT,17,2,0
pay_synth_03186,demo_company_001,RAZORPAY,205.33,INR,UPI,BANK,TEMPORARY,10,4,1
pay_synth_02823,demo_company_001,RAZORPAY,606.83,INR,UPI,INSUFFICIENT_FUNDS,TEMPORARY,11,2,1
pay_synth_04736,demo_company_001,DEMO,4890.51,INR,CARD,INSUFFICIENT_FUNDS,TEMPORARY,13,5,1
pay_synth_00714,demo_company_001,DEMO,432.64,INR,NETBANKING,CARD,PERMANENT,12,1,0
pay_synth_03053,demo_company_001,DEMO,1750.33,INR,WALLET,UNKNOWN,UNKNOWN,15,4,0
pay_synth_02321,demo_company_001,STRIPE,1151.68,INR,UPI,AUTHENTICATION,TEMPORARY,8,2,0
pay_synth_04786,demo_company_001,DEMO,3329.19,USD,CARD,BANK,PERMANENT,5,1,0
pay_synth_02001,demo_company_001,DEMO,11337.97,INR,UPI,CARD,PERMANENT,22,1,0
pay_synth_01800,demo_company_001,DEMO,4301.94,INR,CARD,AUTHENTICATION,TEMPORARY,23,1,0
pay_synth_01661,demo_company_001,RAZORPAY,2499.94,INR,CARD,PROVIDER,TEMPORARY,21,0,1
pay_synth_00449,demo_company_001,DEMO,4281.73,USD,CARD,AUTHENTICATION,TEMPORARY,22,4,0
pay_synth_00131,demo_company_001,DEMO,3468.04,INR,CARD,UNKNOWN,UNKNOWN,21,5,0
pay_synth_00973,demo_company_001,RAZORPAY,1461.56,USD,NETBANKING,INSUFFICIENT_FUNDS,TEMPORARY,9,3,0
pay_synth_01580,demo_company_001,RAZORPAY,703.83,INR,CARD,BANK,TEMPORARY,8,2,1
pay_synth_01456,demo_company_001,STRIPE,614.6,INR,UPI,INSUFFICIENT_FUNDS,TEMPORARY,12,0,1
pay_synth_04121,demo_company_001,DEMO,1255.4,INR,NETBANKING,CARD,PERMANENT,2,1,1
pay_synth_00072,demo_company_001,DEMO,2465.34,INR,CARD,BANK,TEMPORARY,8,4,1
pay_synth_04650,demo_company_001,DEMO,944.87,INR,UPI,NETWORK,TEMPORARY,2,6,1
pay_synth_04647,demo_company_001,RAZORPAY,814.25,INR,CARD,PROVIDER,TEMPORARY,8,1,1
pay_synth_00913,demo_company_001,RAZORPAY,5948.47,INR,CARD,INSUFFICIENT_FUNDS,TEMPORARY,1,4,0
pay_synth_02987,demo_company_001,DEMO,1454.53,INR,CARD,TEMPORARY,TEMPORARY,13,3,0
pay_synth_03350,demo_company_001,DEMO,4792.11,INR,CARD,NETWORK,TEMPORARY,16,5,1
pay_synth_04440,demo_company_001,DEMO,1186.0,INR,CARD,AUTHENTICATION,TEMPORARY,23,4,0
pay_synth_01848,demo_company_001,DEMO,834.78,USD,UPI,BANK,UNKNOWN,11,2,1
pay_synth_03754,demo_company_001,RAZORPAY,379.09,INR,UPI,INSUFFICIENT_FUNDS,TEMPORARY,5,6,0
pay_synth_04333,demo_company_001,DEMO,784.28,INR,UPI,INSUFFICIENT_FUNDS,TEMPORARY,13,5,1
pay_synth_03246,demo_company_001,DEMO,2449.79,INR,CARD,CARD,PERMANENT,1,3,0
pay_synth_04522,demo_company_001,RAZORPAY,3663.21,INR,CARD,TEMPORARY,TEMPORARY,12,4,1
pay_synth_04592,demo_company_001,DEMO,1129.64,INR,UPI,UNKNOWN,UNKNOWN,18,0,0
pay_synth_03446,demo_company_001,RAZORPAY,356.95,USD,CARD,PROVIDER,TEMPORARY,15,1,0
pay_synth_01319,demo_company_001,DEMO,14981.93,INR,CARD,AUTHENTICATION,TEMPORARY,21,2,1
pay_synth_01853,demo_company_001,STRIPE,2975.94,INR,NETBANKING,PROVIDER,TEMPORARY,21,1,1
pay_synth_01171,demo_company_001,RAZORPAY,4969.72,INR,UPI,BANK,TEMPORARY,17,0,1
pay_synth_00349,demo_company_001,DEMO,3662.07,INR,UPI,NETWORK,TEMPORARY,4,0,1
pay_synth_03642,demo_company_001,STRIPE,497.94,INR,UPI,AUTHENTICATION,TEMPORARY,20,2,1
pay_synth_04628,demo_company_001,RAZORPAY,532.4,INR,NETBANKING,INSUFFICIENT_FUNDS,TEMPORARY,7,4,1
pay_synth_00303,demo_company_001,RAZORPAY,1344.36,INR,CARD,INSUFFICIENT_FUNDS,TEMPORARY,21,0,1
pay_synth_03183,demo_company_001,DEMO,1403.88,INR,UPI,INSUFFICIENT_FUNDS,TEMPORARY,12,5,0
pay_synth_01307,demo_company_001,RAZORPAY,1834.12,INR,UPI,TEMPORARY,TEMPORARY,14,1,1
pay_synth_01241,demo_company_001,STRIPE,280.61,INR,NETBANKING,INSUFFICIENT_FUNDS,TEMPORARY,17,6,1
pay_synth_00658,demo_company_001,DEMO,665.61,INR,NETBANKING,NETWORK,TEMPORARY,0,6,1
pay_synth_02281,demo_company_001,DEMO,2201.71,INR,CARD,AUTHENTICATION,TEMPORARY,17,5,1
pay_synth_00351,demo_company_001,RAZORPAY,2168.25,USD,CARD,NETWORK,TEMPORARY,3,5,0
pay_synth_00722,demo_company_001,DEMO,983.98,INR,UPI,INSUFFICIENT_FUNDS,TEMPORARY,12,0,1
pay_synth_02865,demo_company_001,DEMO,9884.15,INR,UPI,NETWORK,TEMPORARY,12,3,1
pay_synth_01600,demo_company_001,STRIPE,4914.5,INR,CARD,CARD,PERMANENT,6,3,0
pay_synth_04830,demo_company_001,RAZORPAY,11883.02,INR,CARD,BANK,TEMPORARY,21,5,1
pay_synth_02188,demo_company_001,RAZORPAY,3792.29,INR,UPI,NETWORK,TEMPORARY,4,5,1
pay_synth_01821,demo_company_001,DEMO,2275.05,INR,CARD,CUSTOMER_ACTION_REQUIRED,TEMPORARY,14,5,1
pay_synth_04981,demo_company_001,STRIPE,3224.67,INR,UPI,INSUFFICIENT_FUNDS,TEMPORARY,20,2,1
pay_synth_01682,demo_company_001,STRIPE,3060.89,INR,UPI,INSUFFICIENT_FUNDS,TEMPORARY,22,6,1
pay_synth_03614,demo_company_001,RAZORPAY,1566.76,INR,UPI,INSUFFICIENT_FUNDS,TEMPORARY,8,0,1
pay_synth_03139,demo_company_001,RAZORPAY,5335.21,INR,CARD,PROVIDER,TEMPORARY,15,3,0
pay_synth_00406,demo_company_001,STRIPE,3539.98,INR,NETBANKING,INSUFFICIENT_FUNDS,TEMPORARY,6,4,1
pay_synth_02705,demo_company_001,RAZORPAY,13078.31,INR,UPI,INSUFFICIENT_FUNDS,TEMPORARY,1,1,1
pay_synth_03166,demo_company_001,DEMO,923.61,INR,UPI,INSUFFICIENT_FUNDS,TEMPORARY,15,2,0
pay_synth_00130,demo_company_001,RAZORPAY,4431.2,INR,NETBANKING,CARD,PERMANENT,16,3,0
pay_synth_03712,demo_company_001,RAZORPAY,2051.47,INR,UPI,INSUFFICIENT_FUNDS,TEMPORARY,19,0,1
pay_synth_00710,demo_company_001,RAZORPAY,10825.92,USD,NETBANKING,INSUFFICIENT_FUNDS,TEMPORARY,9,0,1
pay_synth_01036,demo_company_001,RAZORPAY,659.94,INR,UPI,TEMPORARY,TEMPORARY,1,4,1
pay_synth_02825,demo_company_001,DEMO,1546.12,INR,CARD,CUSTOMER_ACTION_REQUIRED,TEMPORARY,13,6,1
pay_synth_03135,demo_company_001,DEMO,345.25,USD,CARD,CARD,PERMANENT,8,5,0
pay_synth_01001,demo_company_001,DEMO,11940.44,USD,CARD,NETWORK,TEMPORARY,4,1,1
pay_synth_03618,demo_company_001,STRIPE,507.37,INR,UPI,AUTHENTICATION,TEMPORARY,13,3,1
pay_synth_03376,demo_company_001,RAZORPAY,950.43,INR,UPI,NETWORK,TEMPORARY,21,6,1
pay_synth_02180,demo_company_001,RAZORPAY,413.15,INR,CARD,INSUFFICIENT_FUNDS,TEMPORARY,13,1,1
pay_synth_00363,demo_company_001,DEMO,696.85,INR,CARD,TEMPORARY,TEMPORARY,8,1,1
pay_synth_01140,demo_company_001,RAZORPAY,6916.88,INR,NETBANKING,UNKNOWN,UNKNOWN,5,0,1
pay_synth_00446,demo_company_001,STRIPE,912.07,INR,UPI,CARD,PERMANENT,5,5,1
pay_synth_00141,demo_company_001,STRIPE,4943.65,INR,CARD,INSUFFICIENT_FUNDS,TEMPORARY,22,2,0
pay_synth_03687,demo_company_001,STRIPE,1626.97,INR,UPI,NETWORK,TEMPORARY,19,6,1
pay_synth_04034,demo_company_001,STRIPE,6927.32,INR,NETBANKING,INSUFFICIENT_FUNDS,TEMPORARY,5,4,1
pay_synth_00037,demo_company_001,DEMO,1187.82,INR,CARD,PROVIDER,TEMPORARY,10,1,1
pay_synth_04296,demo_company_001,DEMO,4685.93,INR,NETBANKING,CARD,PERMANENT,10,3,0
pay_synth_00070,demo_company_001,STRIPE,4737.45,INR,UPI,PROVIDER,TEMPORARY,5,2,1
pay_synth_02382,demo_company_001,STRIPE,8912.66,INR,UPI,NETWORK,TEMPORARY,13,0,1
pay_synth_00320,demo_company_001,DEMO,627.31,INR,CARD,INSUFFICIENT_FUNDS,TEMPORARY,9,4,1
pay_synth_03266,demo_company_001,DEMO,523.68,USD,UPI,TEMPORARY,TEMPORARY,12,6,1
pay_synth_03404,demo_company_001,DEMO,3295.21,INR,CARD,AUTHENTICATION,TEMPORARY,5,4,1
pay_synth_00773,demo_company_001,DEMO,3442.9,INR,UPI,AUTHENTICATION,TEMPORARY,11,2,1
pay_synth_00524,demo_company_001,STRIPE,6306.91,INR,CARD,AUTHENTICATION,TEMPORARY,12,3,0
pay_synth_04361,demo_company_001,DEMO,1060.1,INR,CARD,TEMPORARY,TEMPORARY,1,4,1
pay_synth_03132,demo_company_001,STRIPE,5066.11,USD,CARD,INSUFFICIENT_FUNDS,TEMPORARY,18,0,1
pay_synth_03104,demo_company_001,DEMO,11839.4,INR,UPI,BANK,UNKNOWN,8,0,1
pay_synth_01921,demo_company_001,RAZORPAY,3608.99,INR,NETBANKING,BANK,TEMPORARY,18,2,1
pay_synth_04288,demo_company_001,RAZORPAY,778.18,INR,NETBANKING,PROVIDER,TEMPORARY,4,4,1
pay_synth_04753,demo_company_001,RAZORPAY,895.79,INR,CARD,NETWORK,TEMPORARY,6,6,0
pay_synth_01205,demo_company_001,DEMO,1055.21,INR,UPI,CUSTOMER_ACTION_REQUIRED,TEMPORARY,5,2,1
pay_synth_00250,demo_company_001,STRIPE,690.67,INR,CARD,INSUFFICIENT_FUNDS,TEMPORARY,20,3,0
pay_synth_01926,demo_company_001,DEMO,2628.82,INR,UPI,PROVIDER,TEMPORARY,8,1,0
pay_synth_03444,demo_company_001,STRIPE,542.7,INR,UPI,CARD,PERMANENT,23,1,0
pay_synth_02809,demo_company_001,DEMO,694.03,INR,UPI,AUTHENTICATION,TEMPORARY,3,1,0
pay_synth_02435,demo_company_001,STRIPE,2879.47,INR,UPI,INSUFFICIENT_FUNDS,TEMPORARY,20,6,1
pay_synth_00156,demo_company_001,DEMO,1422.61,INR,UPI,AUTHENTICATION,TEMPORARY,6,6,0
pay_synth_00921,demo_company_001,STRIPE,1905.2,INR,UPI,CARD,PERMANENT,4,1,1
pay_synth_04378,demo_company_001,STRIPE,4159.94,USD,UPI,CARD,PERMANENT,19,5,1
pay_synth_04643,demo_company_001,STRIPE,2238.51,INR,UPI,CARD,PERMANENT,23,6,0
pay_synth_04106,demo_company_001,RAZORPAY,538.2,INR,UPI,INSUFFICIENT_FUNDS,TEMPORARY,4,4,1
pay_synth_02505,demo_company_001,DEMO,4327.1,INR,CARD,AUTHENTICATION,TEMPORARY,0,0,0
pay_synth_03133,demo_company_001,STRIPE,8210.69,INR,WALLET,NETWORK,TEMPORARY,6,4,0
pay_synth_03035,demo_company_001,DEMO,27363.16,INR,CARD,INSUFFICIENT_FUNDS,TEMPORARY,0,0,1
pay_synth_01343,demo_company_001,STRIPE,886.65,INR,CARD,AUTHENTICATION,TEMPORARY,8,2,0
pay_synth_03463,demo_company_001,RAZORPAY,730.12,USD,UPI,AUTHENTICATION,TEMPORARY,5,3,1
pay_synth_04859,demo_company_001,STRIPE,5008.04,INR,UPI,NETWORK,TEMPORARY,23,3,1
pay_synth_00950,demo_company_001,RAZORPAY,2496.29,INR,NETBANKING,UNKNOWN,UNKNOWN,20,3,1
pay_synth_02706,demo_company_001,STRIPE,450.26,INR,UPI,PROVIDER,TEMPORARY,2,5,1
pay_synth_04391,demo_company_001,DEMO,12956.34,INR,NETBANKING,INSUFFICIENT_FUNDS,TEMPORARY,6,2,1
pay_synth_00670,demo_company_001,DEMO,586.97,INR,CARD,INSUFFICIENT_FUNDS,TEMPORARY,14,6,0
pay_synth_02697,demo_company_001,RAZORPAY,3438.56,USD,UPI,INSUFFICIENT_FUNDS,TEMPORARY,19,3,1
pay_synth_04354,demo_company_001,STRIPE,819.55,INR,UPI,AUTHENTICATION,TEMPORARY,13,5,0
pay_synth_03280,demo_company_001,RAZORPAY,656.07,INR,UPI,PROVIDER,TEMPORARY,3,2,0
pay_synth_02688,demo_company_001,DEMO,650.6,INR,UPI,INSUFFICIENT_FUNDS,TEMPORARY,1,5,1
pay_synth_03573,demo_company_001,STRIPE,807.66,INR,UPI,CUSTOMER_ACTION_REQUIRED,TEMPORARY,7,6,1
pay_synth_01143,demo_company_001,RAZORPAY,514.04,INR,UPI,INSUFFICIENT_FUNDS,TEMPORARY,12,0,1
pay_synth_01542,demo_company_001,DEMO,724.84,INR,NETBANKING,INSUFFICIENT_FUNDS,TEMPORARY,4,1,0
pay_synth_02521,demo_company_001,RAZORPAY,782.34,INR,UPI,INSUFFICIENT_FUNDS,TEMPORARY,23,0,0
pay_synth_01423,demo_company_001,DEMO,562.94,INR,UPI,TEMPORARY,TEMPORARY,2,6,0
pay_synth_04700,demo_company_001,STRIPE,3227.4,INR,NETBANKING,NETWORK,TEMPORARY,14,5,1
pay_synth_02357,demo_company_001,STRIPE,726.92,INR,WALLET,BANK,TEMPORARY,22,3,0
pay_synth_02170,demo_company_001,DEMO,2216.15,INR,UPI,AUTHENTICATION,TEMPORARY,2,2,1
pay_synth_01974,demo_company_001,RAZORPAY,946.83,USD,UPI,NETWORK,TEMPORARY,8,6,1
pay_synth_01158,demo_company_001,STRIPE,908.48,INR,CARD,INSUFFICIENT_FUNDS,TEMPORARY,16,3,1
pay_synth_04987,demo_company_001,RAZORPAY,193.72,INR,UPI,BANK,TEMPORARY,18,6,1
pay_synth_02333,demo_company_001,RAZORPAY,1122.17,INR,NETBANKING,PROVIDER,TEMPORARY,19,6,1
pay_synth_03416,demo_company_001,RAZORPAY,14770.62,INR,UPI,AUTHENTICATION,TEMPORARY,8,6,0
pay_synth_01799,demo_company_001,DEMO,1773.59,USD,UPI,INSUFFICIENT_FUNDS,TEMPORARY,19,0,1
pay_synth_00118,demo_company_001,DEMO,1651.46,INR,CARD,NETWORK,TEMPORARY,4,6,0
pay_synth_04930,demo_company_001,STRIPE,4842.87,INR,NETBANKING,AUTHENTICATION,TEMPORARY,23,3,0
pay_synth_02389,demo_company_001,RAZORPAY,5180.46,INR,UPI,TEMPORARY,TEMPORARY,12,5,1
pay_synth_01587,demo_company_001,RAZORPAY,8229.49,INR,CARD,AUTHENTICATION,TEMPORARY,23,5,0
pay_synth_00741,demo_company_001,DEMO,4474.45,INR,NETBANKING,INSUFFICIENT_FUNDS,TEMPORARY,15,2,1
pay_synth_03113,demo_company_001,RAZORPAY,10423.27,INR,WALLET,INSUFFICIENT_FUNDS,TEMPORARY,19,6,1
pay_synth_01855,demo_company_001,STRIPE,2066.54,INR,UPI,NETWORK,TEMPORARY,6,6,0
pay_synth_00344,demo_company_001,DEMO,290.0,INR,UPI,CARD,PERMANENT,2,2,0
pay_synth_00445,demo_company_001,STRIPE,1970.88,INR,UPI,INSUFFICIENT_FUNDS,TEMPORARY,20,1,1
pay_synth_02666,demo_company_001,DEMO,1443.17,INR,UPI,AUTHENTICATION,TEMPORARY,20,5,1
pay_synth_00193,demo_company_001,STRIPE,1522.37,INR,CARD,INSUFFICIENT_FUNDS,TEMPORARY,16,5,0
pay_synth_01076,demo_company_001,DEMO,408.06,INR,UPI,NETWORK,TEMPORARY,15,6,1
pay_synth_04247,demo_company_001,DEMO,917.67,INR,CARD,INSUFFICIENT_FUNDS,TEMPORARY,20,3,1
pay_synth_01356,demo_company_001,STRIPE,12298.23,INR,WALLET,INSUFFICIENT_FUNDS,TEMPORARY,11,5,1
pay_synth_04374,demo_company_001,DEMO,1322.8,INR,NETBANKING,NETWORK,TEMPORARY,19,0,1
pay_synth_02136,demo_company_001,STRIPE,5346.31,INR,CARD,AUTHENTICATION,TEMPORARY,18,6,0
pay_synth_00538,demo_company_001,DEMO,856.94,INR,NETBANKING,INSUFFICIENT_FUNDS,TEMPORARY,13,4,1
pay_synth_00217,demo_company_001,DEMO,1762.11,INR,UPI,NETWORK,TEMPORARY,4,2,1
pay_synth_00501,demo_company_001,RAZORPAY,2733.52,INR,CARD,INSUFFICIENT_FUNDS,TEMPORARY,15,0,1
pay_synth_02457,demo_company_001,DEMO,474.05,INR,CARD,INSUFFICIENT_FUNDS,TEMPORARY,22,3,0
pay_synth_01329,demo_company_001,RAZORPAY,832.39,INR,CARD,BANK,TEMPORARY,14,1,1
pay_synth_02034,demo_company_001,STRIPE,344.49,INR,CARD,NETWORK,TEMPORARY,10,3,1
pay_synth_04342,demo_company_001,DEMO,10065.27,INR,CARD,INSUFFICIENT_FUNDS,TEMPORARY,12,5,0
pay_synth_02157,demo_company_001,DEMO,761.67,INR,CARD,INSUFFICIENT_FUNDS,TEMPORARY,0,4,1
pay_synth_04547,demo_company_001,DEMO,1183.65,INR,UPI,NETWORK,TEMPORARY,3,0,1
pay_synth_02203,demo_company_001,DEMO,9961.3,INR,CARD,INSUFFICIENT_FUNDS,TEMPORARY,8,1,1
pay_synth_04470,demo_company_001,STRIPE,3139.97,INR,UPI,INSUFFICIENT_FUNDS,TEMPORARY,7,6,1
pay_synth_02040,demo_company_001,DEMO,1910.01,INR,CARD,INSUFFICIENT_FUNDS,TEMPORARY,16,1,1
pay_synth_00513,demo_company_001,STRIPE,3466.32,INR,NETBANKING,AUTHENTICATION,TEMPORARY,10,0,0
pay_synth_04860,demo_company_001,STRIPE,11019.47,INR,UPI,BANK,TEMPORARY,12,6,0
pay_synth_01395,demo_company_001,DEMO,6640.29,INR,WALLET,BANK,TEMPORARY,4,3,0
pay_synth_04468,demo_company_001,DEMO,4876.13,USD,NETBANKING,CUSTOMER_ACTION_REQUIRED,TEMPORARY,21,1,1
pay_synth_01503,demo_company_001,DEMO,960.03,INR,CARD,CARD,PERMANENT,6,4,0
pay_synth_02218,demo_company_001,DEMO,2766.6,INR,CARD,CARD,PERMANENT,9,4,0
pay_synth_02789,demo_company_001,STRIPE,1438.96,INR,UPI,AUTHENTICATION,TEMPORARY,3,4,0
pay_synth_03726,demo_company_001,STRIPE,4477.03,INR,CARD,TEMPORARY,TEMPORARY,22,3,1
pay_synth_03064,demo_company_001,RAZORPAY,2791.58,INR,UPI,UNKNOWN,UNKNOWN,19,1,0
pay_synth_02437,demo_company_001,DEMO,1296.38,INR,UPI,AUTHENTICATION,TEMPORARY,3,5,0
pay_synth_02554,demo_company_001,STRIPE,4113.63,INR,CARD,CARD,PERMANENT,21,6,0
pay_synth_04994,demo_company_001,RAZORPAY,1992.82,INR,NETBANKING,AUTHENTICATION,TEMPORARY,20,1,0
pay_synth_02027,demo_company_001,RAZORPAY,2504.2,USD,UPI,CARD,PERMANENT,11,4,0
pay_synth_04829,demo_company_001,DEMO,3468.18,INR,CARD,NETWORK,TEMPORARY,2,1,1
pay_synth_04706,demo_company_001,DEMO,14695.38,INR,UPI,NETWORK,TEMPORARY,6,0,1
pay_synth_01761,demo_company_001,DEMO,6589.23,INR,UPI,CARD,PERMANENT,0,3,0
pay_synth_03555,demo_company_001,DEMO,2451.68,INR,UPI,BANK,PERMANENT,4,1,1
pay_synth_02394,demo_company_001,DEMO,2045.08,INR,CARD,PROVIDER,TEMPORARY,6,1,1
pay_synth_01190,demo_company_001,RAZORPAY,546.16,INR,UPI,NETWORK,TEMPORARY,5,1,1
pay_synth_02496,demo_company_001,DEMO,2026.16,INR,UPI,UNKNOWN,UNKNOWN,3,5,0
pay_synth_04186,demo_company_001,RAZORPAY,328.19,INR,CARD,AUTHENTICATION,TEMPORARY,18,5,0
pay_synth_03100,demo_company_001,DEMO,3374.52,USD,CARD,AUTHENTICATION,TEMPORARY,1,4,0
pay_synth_01178,demo_company_001,DEMO,465.91,INR,UPI,UNKNOWN,UNKNOWN,15,4,1
pay_synth_04737,demo_company_001,RAZORPAY,2410.13,INR,CARD,INSUFFICIENT_FUNDS,TEMPORARY,5,1,0
pay_synth_02654,demo_company_001,DEMO,11007.78,INR,NETBANKING,AUTHENTICATION,TEMPORARY,0,6,0
pay_synth_00657,demo_company_001,DEMO,4795.68,INR,CARD,AUTHENTICATION,TEMPORARY,6,5,1
pay_synth_04365,demo_company_001,DEMO,1556.53,INR,UPI,INSUFFICIENT_FUNDS,TEMPORARY,7,3,1
pay_synth_02352,demo_company_001,STRIPE,1571.39,INR,UPI,PROVIDER,TEMPORARY,11,0,0
pay_synth_03262,demo_company_001,RAZORPAY,4740.72,INR,UPI,AUTHENTICATION,TEMPORARY,11,6,0
pay_synth_03727,demo_company_001,DEMO,803.3,INR,UPI,UNKNOWN,UNKNOWN,20,6,0
pay_synth_01419,demo_company_001,DEMO,1056.26,USD,CARD,CARD,PERMANENT,1,1,0
pay_synth_01234,demo_company_001,DEMO,4261.48,INR,UPI,NETWORK,TEMPORARY,12,5,1
pay_synth_00755,demo_company_001,DEMO,3441.0,INR,NETBANKING,INSUFFICIENT_FUNDS,TEMPORARY,10,6,1
pay_synth_00230,demo_company_001,RAZORPAY,4613.55,USD,CARD,INSUFFICIENT_FUNDS,TEMPORARY,7,2,0
pay_synth_00575,demo_company_001,STRIPE,3906.41,INR,CARD,CUSTOMER_ACTION_REQUIRED,TEMPORARY,7,6,1
pay_synth_04494,demo_company_001,RAZORPAY,584.06,INR,UPI,INSUFFICIENT_FUNDS,TEMPORARY,12,5,1
pay_synth_02207,demo_company_001,DEMO,4049.43,USD,UPI,PROVIDER,TEMPORARY,4,3,1
pay_synth_03976,demo_company_001,STRIPE,4157.83,INR,CARD,INSUFFICIENT_FUNDS,TEMPORARY,23,6,1
pay_synth_00604,demo_company_001,DEMO,8145.64,INR,CARD,CUSTOMER_ACTION_REQUIRED,TEMPORARY,21,6,1
pay_synth_02296,demo_company_001,DEMO,1864.64,USD,WALLET,PROVIDER,TEMPORARY,0,5,1
pay_synth_01988,demo_company_001,DEMO,2601.31,INR,CARD,INSUFFICIENT_FUNDS,TEMPORARY,16,5,1
pay_synth_02378,demo_company_001,RAZORPAY,2141.97,INR,UPI,CARD,PERMANENT,18,1,1
pay_synth_04262,demo_company_001,STRIPE,6815.77,INR,CARD,BANK,TEMPORARY,10,4,1
pay_synth_02838,demo_company_001,DEMO,100.0,INR,CARD,AUTHENTICATION,TEMPORARY,6,5,1
pay_synth_01314,demo_company_001,STRIPE,2464.79,INR,UPI,TEMPORARY,TEMPORARY,20,1,1
pay_synth_04157,demo_company_001,RAZORPAY,411.64,INR,NETBANKING,PROVIDER,TEMPORARY,4,4,1
pay_synth_03939,demo_company_001,DEMO,1584.4,INR,UPI,AUTHENTICATION,TEMPORARY,23,6,0
pay_synth_04508,demo_company_001,DEMO,1361.6,INR,CARD,AUTHENTICATION,TEMPORARY,6,1,1
pay_synth_03458,demo_company_001,RAZORPAY,3937.6,INR,UPI,INSUFFICIENT_FUNDS,TEMPORARY,6,4,1
pay_synth_01355,demo_company_001,DEMO,619.29,INR,NETBANKING,BANK,TEMPORARY,11,2,1
pay_synth_02884,demo_company_001,DEMO,1995.61,INR,NETBANKING,AUTHENTICATION,TEMPORARY,15,4,1
pay_synth_01621,demo_company_001,DEMO,553.53,INR,UPI,NETWORK,TEMPORARY,6,2,1
pay_synth_01745,demo_company_001,DEMO,2818.94,USD,CARD,BANK,UNKNOWN,1,1,0
pay_synth_01238,demo_company_001,DEMO,12619.03,INR,CARD,PROVIDER,TEMPORARY,10,5,1
pay_synth_04970,demo_company_001,DEMO,378.08,INR,UPI,NETWORK,TEMPORARY,23,0,0
pay_synth_02081,demo_company_001,DEMO,3465.94,INR,UPI,NETWORK,TEMPORARY,22,3,1
pay_synth_00683,demo_company_001,DEMO,587.41,INR,NETBANKING,INSUFFICIENT_FUNDS,TEMPORARY,0,5,1
pay_synth_01116,demo_company_001,RAZORPAY,295.77,INR,CARD,PROVIDER,TEMPORARY,21,5,1
pay_synth_04184,demo_company_001,DEMO,2426.5,INR,CARD,AUTHENTICATION,TEMPORARY,1,2,1
pay_synth_02165,demo_company_001,DEMO,1536.24,INR,CARD,AUTHENTICATION,TEMPORARY,5,0,1
pay_synth_02314,demo_company_001,RAZORPAY,798.79,INR,UPI,AUTHENTICATION,TEMPORARY,12,1,1
pay_synth_03675,demo_company_001,RAZORPAY,8678.48,INR,UPI,UNKNOWN,UNKNOWN,2,6,0
pay_synth_00117,demo_company_001,STRIPE,1473.69,INR,CARD,INSUFFICIENT_FUNDS,TEMPORARY,10,4,1
pay_synth_01929,demo_company_001,RAZORPAY,3807.82,INR,CARD,AUTHENTICATION,TEMPORARY,9,3,0
pay_synth_00458,demo_company_001,DEMO,2016.92,INR,UPI,AUTHENTICATION,TEMPORARY,16,3,1
pay_synth_02306,demo_company_001,DEMO,1601.72,INR,NETBANKING,INSUFFICIENT_FUNDS,TEMPORARY,9,0,1
pay_synth_00414,demo_company_001,RAZORPAY,1735.33,INR,UPI,INSUFFICIENT_FUNDS,TEMPORARY,18,5,1
pay_synth_03942,demo_company_001,STRIPE,1531.35,INR,UPI,INSUFFICIENT_FUNDS,TEMPORARY,20,0,1
pay_synth_02925,demo_company_001,DEMO,2690.56,INR,NETBANKING,AUTHENTICATION,TEMPORARY,23,6,0
pay_synth_04609,demo_company_001,STRIPE,2946.58,INR,UPI,NETWORK,TEMPORARY,7,6,1
pay_synth_00601,demo_company_001,DEMO,2194.59,INR,UPI,INSUFFICIENT_FUNDS,TEMPORARY,2,5,0
pay_synth_00790,demo_company_001,STRIPE,1595.15,INR,UPI,AUTHENTICATION,TEMPORARY,5,6,0
pay_synth_00502,demo_company_001,RAZORPAY,1302.67,INR,UPI,INSUFFICIENT_FUNDS,TEMPORARY,16,2,1
pay_synth_00002,demo_company_001,STRIPE,8116.34,INR,CARD,AUTHENTICATION,TEMPORARY,0,1,1
pay_synth_04608,demo_company_001,DEMO,45068.88,INR,CARD,NETWORK,TEMPORARY,22,6,1
pay_synth_04500,demo_company_001,DEMO,370.06,INR,UPI,AUTHENTICATION,TEMPORARY,7,1,1
pay_synth_02470,demo_company_001,RAZORPAY,844.23,USD,UPI,NETWORK,TEMPORARY,22,6,1
pay_synth_04278,demo_company_001,DEMO,683.14,USD,CARD,AUTHENTICATION,TEMPORARY,6,4,1
pay_synth_03912,demo_company_001,DEMO,5679.7,INR,CARD,INSUFFICIENT_FUNDS,TEMPORARY,4,0,1
pay_synth_02339,demo_company_001,DEMO,4143.48,INR,CARD,BANK,TEMPORARY,8,2,1
pay_synth_02973,demo_company_001,RAZORPAY,729.42,INR,UPI,BANK,TEMPORARY,20,6,0
pay_synth_03661,demo_company_001,RAZORPAY,2506.3,USD,UPI,BANK,PERMANENT,8,1,0
pay_synth_03769,demo_company_001,DEMO,1488.25,INR,UPI,CARD,PERMANENT,17,1,0
pay_synth_02462,demo_company_001,STRIPE,1599.14,INR,UPI,CARD,PERMANENT,5,6,0
pay_synth_00030,demo_company_001,DEMO,2437.42,USD,UPI,CARD,PERMANENT,15,2,0
pay_synth_00641,demo_company_001,DEMO,2186.19,INR,CARD,NETWORK,TEMPORARY,19,0,1
pay_synth_03768,demo_company_001,DEMO,324.78,INR,UPI,NETWORK,TEMPORARY,13,4,1
pay_synth_02698,demo_company_001,DEMO,3261.42,INR,CARD,BANK,PERMANENT,10,3,0
pay_synth_02704,demo_company_001,DEMO,2686.76,INR,UPI,CARD,PERMANENT,2,2,0
pay_synth_02011,demo_company_001,DEMO,1984.39,INR,UPI,TEMPORARY,TEMPORARY,4,5,1
pay_synth_04193,demo_company_001,DEMO,1187.68,INR,NETBANKING,AUTHENTICATION,TEMPORARY,18,1,0
pay_synth_00796,demo_company_001,STRIPE,3517.72,INR,CARD,AUTHENTICATION,TEMPORARY,10,0,1
pay_synth_04535,demo_company_001,RAZORPAY,657.99,INR,UPI,BANK,TEMPORARY,12,2,1
pay_synth_02504,demo_company_001,STRIPE,3299.22,INR,UPI,CARD,PERMANENT,12,1,0
pay_synth_02589,demo_company_001,DEMO,6619.36,INR,CARD,TEMPORARY,TEMPORARY,8,4,1
pay_synth_00557,demo_company_001,DEMO,1910.66,INR,UPI,INSUFFICIENT_FUNDS,TEMPORARY,13,1,1
pay_synth_00526,demo_company_001,DEMO,1490.76,USD,UPI,CARD,PERMANENT,8,5,0
pay_synth_03547,demo_company_001,DEMO,630.72,INR,NETBANKING,NETWORK,TEMPORARY,21,5,1
pay_synth_00805,demo_company_001,DEMO,6647.55,INR,UPI,UNKNOWN,UNKNOWN,6,2,0
pay_synth_01563,demo_company_001,RAZORPAY,3529.53,INR,UPI,PROVIDER,TEMPORARY,20,2,1
pay_synth_04266,demo_company_001,DEMO,12719.79,INR,UPI,INSUFFICIENT_FUNDS,TEMPORARY,5,4,1
pay_synth_01617,demo_company_001,STRIPE,2638.28,INR,UPI,AUTHENTICATION,TEMPORARY,21,3,0
pay_synth_01225,demo_company_001,DEMO,2278.14,INR,UPI,AUTHENTICATION,TEMPORARY,1,6,0
pay_synth_01859,demo_company_001,STRIPE,538.68,INR,NETBANKING,BANK,PERMANENT,15,6,0
pay_synth_04496,demo_company_001,RAZORPAY,4352.1,INR,CARD,AUTHENTICATION,TEMPORARY,22,1,0
pay_synth_02921,demo_company_001,DEMO,2108.11,INR,CARD,PROVIDER,TEMPORARY,16,5,0
pay_synth_04775,demo_company_001,DEMO,2186.6,INR,CARD,BANK,PERMANENT,6,5,0
pay_synth_03623,demo_company_001,DEMO,1999.67,INR,CARD,BANK,TEMPORARY,8,2,1
pay_synth_04611,demo_company_001,DEMO,10427.6,INR,CARD,AUTHENTICATION,TEMPORARY,8,0,1
pay_synth_03018,demo_company_001,DEMO,6630.93,INR,CARD,NETWORK,TEMPORARY,19,0,1
pay_synth_04667,demo_company_001,DEMO,458.55,INR,UPI,INSUFFICIENT_FUNDS,TEMPORARY,14,4,1
pay_synth_04847,demo_company_001,STRIPE,1468.23,USD,NETBANKING,AUTHENTICATION,TEMPORARY,16,0,1
pay_synth_00163,demo_company_001,RAZORPAY,897.25,INR,UPI,AUTHENTICATION,TEMPORARY,23,4,0
pay_synth_03981,demo_company_001,STRIPE,599.06,INR,CARD,INSUFFICIENT_FUNDS,TEMPORARY,19,4,0
pay_synth_00786,demo_company_001,STRIPE,3230.26,INR,NETBANKING,INSUFFICIENT_FUNDS,TEMPORARY,15,4,0
pay_synth_01628,demo_company_001,RAZORPAY,1049.61,INR,CARD,AUTHENTICATION,TEMPORARY,4,1,1
pay_synth_04770,demo_company_001,DEMO,2973.95,INR,UPI,INSUFFICIENT_FUNDS,TEMPORARY,4,0,1
pay_synth_04863,demo_company_001,DEMO,2087.84,INR,NETBANKING,INSUFFICIENT_FUNDS,TEMPORARY,23,4,1
pay_synth_02771,demo_company_001,DEMO,1514.97,INR,CARD,CARD,PERMANENT,15,2,0
pay_synth_03535,demo_company_001,DEMO,2620.27,INR,CARD,AUTHENTICATION,TEMPORARY,13,4,1
pay_synth_00120,demo_company_001,RAZORPAY,4240.38,INR,UPI,CARD,PERMANENT,4,3,0
pay_synth_02889,demo_company_001,STRIPE,3885.95,INR,UPI,TEMPORARY,TEMPORARY,13,0,1
pay_synth_01392,demo_company_001,DEMO,554.95,INR,UPI,INSUFFICIENT_FUNDS,TEMPORARY,9,1,1
pay_synth_00362,demo_company_001,RAZORPAY,1449.26,INR,UPI,PROVIDER,TEMPORARY,22,1,1
pay_synth_02192,demo_company_001,STRIPE,1594.53,INR,CARD,INSUFFICIENT_FUNDS,TEMPORARY,10,0,1
pay_synth_04411,demo_company_001,DEMO,4562.73,INR,UPI,NETWORK,TEMPORARY,4,5,1
pay_synth_03656,demo_company_001,DEMO,1367.85,USD,UPI,UNKNOWN,UNKNOWN,7,1,0
pay_synth_02606,demo_company_001,RAZORPAY,2673.4,INR,CARD,AUTHENTICATION,TEMPORARY,21,1,0
pay_synth_04387,demo_company_001,STRIPE,1248.95,INR,NETBANKING,BANK,PERMANENT,10,4,1
pay_synth_02899,demo_company_001,DEMO,767.2,INR,UPI,PROVIDER,TEMPORARY,10,4,1
pay_synth_03544,demo_company_001,DEMO,4544.52,INR,CARD,PROVIDER,TEMPORARY,18,1,1
pay_synth_01847,demo_company_001,DEMO,574.58,INR,UPI,CUSTOMER_ACTION_REQUIRED,TEMPORARY,18,4,1
pay_synth_04704,demo_company_001,RAZORPAY,2147.25,INR,NETBANKING,NETWORK,TEMPORARY,4,2,1
pay_synth_03363,demo_company_001,RAZORPAY,2872.12,INR,UPI,AUTHENTICATION,TEMPORARY,10,6,1
pay_synth_01498,demo_company_001,DEMO,2557.04,INR,UPI,AUTHENTICATION,TEMPORARY,7,4,0
pay_synth_00149,demo_company_001,DEMO,491.12,INR,CARD,PROVIDER,TEMPORARY,3,1,1
pay_synth_03165,demo_company_001,DEMO,1834.76,INR,UPI,AUTHENTICATION,TEMPORARY,9,2,0
pay_synth_00549,demo_company_001,RAZORPAY,4614.81,INR,UPI,INSUFFICIENT_FUNDS,TEMPORARY,19,1,1
pay_synth_01896,demo_company_001,RAZORPAY,3039.62,INR,NETBANKING,INSUFFICIENT_FUNDS,TEMPORARY,3,3,1
pay_synth_01031,demo_company_001,DEMO,1667.26,USD,CARD,INSUFFICIENT_FUNDS,TEMPORARY,1,4,0
pay_synth_01991,demo_company_001,RAZORPAY,1897.97,INR,NETBANKING,INSUFFICIENT_FUNDS,TEMPORARY,3,6,0
pay_synth_00487,demo_company_001,DEMO,2421.09,INR,UPI,INSUFFICIENT_FUNDS,TEMPORARY,10,2,0
pay_synth_02220,demo_company_001,DEMO,567.61,INR,NETBANKING,AUTHENTICATION,TEMPORARY,22,6,0
pay_synth_00263,demo_company_001,DEMO,876.06,INR,CARD,CARD,PERMANENT,22,6,0
pay_synth_02338,demo_company_001,DEMO,772.1,INR,UPI,NETWORK,TEMPORARY,16,0,1
pay_synth_02839,demo_company_001,RAZORPAY,4064.04,INR,UPI,INSUFFICIENT_FUNDS,TEMPORARY,14,6,1
pay_synth_04940,demo_company_001,STRIPE,2312.7,INR,CARD,CARD,PERMANENT,4,1,1
pay_synth_04469,demo_company_001,STRIPE,1449.03,INR,CARD,NETWORK,TEMPORARY,9,5,0
pay_synth_03553,demo_company_001,RAZORPAY,2121.1,INR,CARD,BANK,TEMPORARY,16,1,1
pay_synth_02846,demo_company_001,DEMO,4731.02,INR,CARD,INSUFFICIENT_FUNDS,TEMPORARY,18,3,0
pay_synth_00132,demo_company_001,DEMO,979.28,INR,CARD,INSUFFICIENT_FUNDS,TEMPORARY,16,3,1
pay_synth_04512,demo_company_001,DEMO,2644.67,INR,CARD,CARD,PERMANENT,7,6,0
pay_synth_04767,demo_company_001,STRIPE,5911.77,INR,CARD,AUTHENTICATION,TEMPORARY,20,5,1
pay_synth_04882,demo_company_001,DEMO,1249.35,INR,CARD,INSUFFICIENT_FUNDS,TEMPORARY,5,4,1
pay_synth_03557,demo_company_001,DEMO,897.91,INR,UPI,INSUFFICIENT_FUNDS,TEMPORARY,14,3,1
pay_synth_03118,demo_company_001,DEMO,3634.27,USD,UPI,NETWORK,TEMPORARY,9,6,1
pay_synth_03624,demo_company_001,STRIPE,3314.99,INR,NETBANKING,NETWORK,TEMPORARY,22,1,1
pay_synth_03396,demo_company_001,STRIPE,1188.03,INR,CARD,INSUFFICIENT_FUNDS,TEMPORARY,3,5,1
pay_synth_00379,demo_company_001,STRIPE,1983.48,INR,NETBANKING,BANK,TEMPORARY,2,4,1
pay_synth_03609,demo_company_001,STRIPE,2601.24,INR,CARD,INSUFFICIENT_FUNDS,TEMPORARY,20,5,1
pay_synth_03337,demo_company_001,STRIPE,5993.71,INR,NETBANKING,PROVIDER,TEMPORARY,11,3,1
pay_synth_01982,demo_company_001,STRIPE,2083.29,INR,CARD,INSUFFICIENT_FUNDS,TEMPORARY,9,2,1
pay_synth_02107,demo_company_001,STRIPE,7821.78,INR,UPI,CARD,PERMANENT,15,5,0
pay_synth_00227,demo_company_001,STRIPE,664.6,INR,CARD,CARD,PERMANENT,1,2,0
pay_synth_03452,demo_company_001,RAZORPAY,2817.53,INR,UPI,NETWORK,TEMPORARY,6,0,1
pay_synth_03735,demo_company_001,DEMO,1510.62,INR,UPI,CARD,PERMANENT,0,4,0
pay_synth_00431,demo_company_001,DEMO,1177.15,USD,CARD,INSUFFICIENT_FUNDS,TEMPORARY,12,6,1
pay_synth_02209,demo_company_001,DEMO,3569.48,INR,UPI,AUTHENTICATION,TEMPORARY,3,1,0
pay_synth_00955,demo_company_001,DEMO,647.03,INR,UPI,PROVIDER,TEMPORARY,2,2,1
pay_synth_03063,demo_company_001,RAZORPAY,1983.39,USD,NETBANKING,INSUFFICIENT_FUNDS,TEMPORARY,5,4,1
pay_synth_00628,demo_company_001,RAZORPAY,3419.39,USD,UPI,NETWORK,TEMPORARY,5,3,0
pay_synth_00876,demo_company_001,DEMO,315.53,INR,UPI,AUTHENTICATION,TEMPORARY,21,1,1
pay_synth_00624,demo_company_001,DEMO,1172.97,INR,CARD,CUSTOMER_ACTION_REQUIRED,TEMPORARY,20,5,1
pay_synth_04246,demo_company_001,STRIPE,593.94,INR,NETBANKING,INSUFFICIENT_FUNDS,TEMPORARY,10,3,1
pay_synth_04978,demo_company_001,DEMO,558.27,INR,NETBANKING,INSUFFICIENT_FUNDS,TEMPORARY,12,2,1
pay_synth_03005,demo_company_001,RAZORPAY,1858.22,INR,CARD,INSUFFICIENT_FUNDS,TEMPORARY,1,3,1
pay_synth_03238,demo_company_001,STRIPE,513.97,INR,CARD,CARD,PERMANENT,6,3,0
pay_synth_00539,demo_company_001,DEMO,797.43,INR,CARD,NETWORK,TEMPORARY,18,2,1
pay_synth_03336,demo_company_001,RAZORPAY,1010.87,INR,CARD,CARD,PERMANENT,15,6,0
pay_synth_03289,demo_company_001,STRIPE,2373.69,INR,UPI,INSUFFICIENT_FUNDS,TEMPORARY,4,1,1
pay_synth_01663,demo_company_001,STRIPE,1179.36,USD,UPI,NETWORK,TEMPORARY,13,5,1
pay_synth_03551,demo_company_001,STRIPE,3675.22,USD,NETBANKING,AUTHENTICATION,TEMPORARY,0,0,0
pay_synth_02130,demo_company_001,DEMO,1616.59,INR,NETBANKING,AUTHENTICATION,TEMPORARY,0,2,1
pay_synth_04941,demo_company_001,DEMO,1285.62,USD,NETBANKING,AUTHENTICATION,TEMPORARY,19,1,1
pay_synth_01089,demo_company_001,STRIPE,704.44,INR,CARD,AUTHENTICATION,TEMPORARY,14,6,0
pay_synth_03049,demo_company_001,DEMO,1403.72,INR,NETBANKING,UNKNOWN,UNKNOWN,13,4,1
pay_synth_00401,demo_company_001,DEMO,947.23,INR,UPI,INSUFFICIENT_FUNDS,TEMPORARY,0,0,1
pay_synth_02714,demo_company_001,DEMO,6119.64,INR,UPI,NETWORK,TEMPORARY,23,5,1
pay_synth_03897,demo_company_001,DEMO,6227.76,INR,UPI,NETWORK,TEMPORARY,15,5,1
pay_synth_01460,demo_company_001,RAZORPAY,785.44,USD,UPI,PROVIDER,TEMPORARY,16,4,1
pay_synth_01114,demo_company_001,RAZORPAY,2393.47,USD,CARD,AUTHENTICATION,TEMPORARY,3,0,0
pay_synth_03677,demo_company_001,DEMO,900.9,INR,UPI,AUTHENTICATION,TEMPORARY,5,1,1
pay_synth_01400,demo_company_001,RAZORPAY,4418.91,INR,NETBANKING,NETWORK,TEMPORARY,13,1,1
pay_synth_01440,demo_company_001,RAZORPAY,3578.28,INR,CARD,BANK,TEMPORARY,18,1,1
pay_synth_03449,demo_company_001,RAZORPAY,4339.42,INR,UPI,BANK,TEMPORARY,11,0,1
pay_synth_04479,demo_company_001,RAZORPAY,1747.25,INR,UPI,INSUFFICIENT_FUNDS,TEMPORARY,9,3,1
pay_synth_04912,demo_company_001,RAZORPAY,197.09,INR,NETBANKING,NETWORK,TEMPORARY,22,0,1
pay_synth_01287,demo_company_001,DEMO,3222.24,INR,NETBANKING,TEMPORARY,TEMPORARY,21,3,0
pay_synth_01817,demo_company_001,DEMO,1915.92,INR,UPI,NETWORK,TEMPORARY,13,1,1
pay_synth_04919,demo_company_001,RAZORPAY,2098.61,INR,UPI,CARD,PERMANENT,1,0,0
pay_synth_03004,demo_company_001,RAZORPAY,4835.75,INR,NETBANKING,AUTHENTICATION,TEMPORARY,16,1,1
pay_synth_02139,demo_company_001,DEMO,562.85,INR,CARD,INSUFFICIENT_FUNDS,TEMPORARY,1,1,1
pay_synth_03730,demo_company_001,RAZORPAY,663.58,INR,UPI,INSUFFICIENT_FUNDS,TEMPORARY,19,0,1
pay_synth_03514,demo_company_001,STRIPE,373.75,INR,CARD,CARD,PERMANENT,15,5,0
pay_synth_04721,demo_company_001,DEMO,286.57,INR,CARD,NETWORK,TEMPORARY,22,4,1
pay_synth_02523,demo_company_001,DEMO,680.83,INR,CARD,NETWORK,TEMPORARY,12,4,1
pay_synth_01720,demo_company_001,DEMO,15049.55,INR,UPI,AUTHENTICATION,TEMPORARY,16,1,0
pay_synth_00398,demo_company_001,DEMO,1080.5,INR,CARD,NETWORK,TEMPORARY,14,3,1
pay_synth_03008,demo_company_001,DEMO,578.91,INR,UPI,TEMPORARY,TEMPORARY,0,4,0
pay_synth_04005,demo_company_001,DEMO,1483.8,INR,CARD,BANK,PERMANENT,7,6,0
pay_synth_04273,demo_company_001,DEMO,2339.67,INR,CARD,INSUFFICIENT_FUNDS,TEMPORARY,8,1,0
pay_synth_01259,demo_company_001,DEMO,2654.94,INR,NETBANKING,PROVIDER,TEMPORARY,16,4,1
pay_synth_01035,demo_company_001,DEMO,843.66,INR,CARD,BANK,TEMPORARY,7,2,1
pay_synth_03299,demo_company_001,DEMO,3777.34,INR,UPI,AUTHENTICATION,TEMPORARY,2,5,0
pay_synth_01377,demo_company_001,DEMO,1965.67,USD,CARD,CARD,PERMANENT,5,5,0
pay_synth_01822,demo_company_001,DEMO,692.11,INR,CARD,CARD,PERMANENT,20,6,1
pay_synth_04664,demo_company_001,STRIPE,15082.88,USD,UPI,NETWORK,TEMPORARY,22,3,1
pay_synth_01857,demo_company_001,RAZORPAY,1196.88,INR,CARD,NETWORK,TEMPORARY,23,1,0
pay_synth_02242,demo_company_001,DEMO,10223.92,USD,NETBANKING,INSUFFICIENT_FUNDS,TEMPORARY,5,4,1
pay_synth_03285,demo_company_001,DEMO,1090.18,INR,CARD,NETWORK,TEMPORARY,3,0,1
pay_synth_04870,demo_company_001,STRIPE,6323.67,INR,UPI,AUTHENTICATION,TEMPORARY,15,5,1
pay_synth_01139,demo_company_001,DEMO,3754.96,INR,CARD,CARD,PERMANENT,5,4,0
pay_synth_00644,demo_company_001,DEMO,697.39,INR,UPI,TEMPORARY,TEMPORARY,17,0,1
pay_synth_01157,demo_company_001,DEMO,684.72,INR,CARD,TEMPORARY,TEMPORARY,5,5,1
pay_synth_02673,demo_company_001,RAZORPAY,300.98,INR,NETBANKING,NETWORK,TEMPORARY,14,4,1
pay_synth_01123,demo_company_001,STRIPE,1863.92,INR,UPI,AUTHENTICATION,TEMPORARY,4,5,0
pay_synth_04963,demo_company_001,DEMO,1897.27,INR,CARD,PROVIDER,TEMPORARY,7,2,1
pay_synth_04916,demo_company_001,STRIPE,3770.0,INR,NETBANKING,INSUFFICIENT_FUNDS,TEMPORARY,20,6,1
pay_synth_04205,demo_company_001,DEMO,2604.06,INR,NETBANKING,BANK,PERMANENT,17,0,1
pay_synth_03272,demo_company_001,DEMO,1644.47,INR,UPI,AUTHENTICATION,TEMPORARY,10,3,0
pay_synth_03306,demo_company_001,DEMO,1362.91,INR,UPI,NETWORK,TEMPORARY,0,1,0
pay_synth_02295,demo_company_001,DEMO,744.49,INR,UPI,INSUFFICIENT_FUNDS,TEMPORARY,15,2,1
pay_synth_02381,demo_company_001,STRIPE,2099.1,INR,UPI,AUTHENTICATION,TEMPORARY,23,5,0
pay_synth_00671,demo_company_001,DEMO,6057.71,USD,NETBANKING,CUSTOMER_ACTION_REQUIRED,TEMPORARY,15,1,1
pay_synth_04336,demo_company_001,DEMO,969.12,INR,UPI,TEMPORARY,TEMPORARY,14,5,1
pay_synth_00186,demo_company_001,RAZORPAY,325.5,INR,NETBANKING,AUTHENTICATION,TEMPORARY,19,5,1
pay_synth_02128,demo_company_001,DEMO,370.12,INR,UPI,UNKNOWN,UNKNOWN,21,0,0
pay_synth_00261,demo_company_001,RAZORPAY,1754.58,INR,UPI,CARD,PERMANENT,15,4,0
pay_synth_01128,demo_company_001,DEMO,6014.73,USD,UPI,AUTHENTICATION,TEMPORARY,21,3,0
pay_synth_01819,demo_company_001,RAZORPAY,3792.97,INR,NETBANKING,CARD,PERMANENT,17,4,0
pay_synth_02066,demo_company_001,RAZORPAY,830.66,INR,CARD,AUTHENTICATION,TEMPORARY,16,1,0
pay_synth_03587,demo_company_001,DEMO,1691.53,USD,NETBANKING,TEMPORARY,TEMPORARY,21,2,1
pay_synth_03635,demo_company_001,DEMO,1436.43,INR,UPI,CARD,PERMANENT,15,4,0
pay_synth_03523,demo_company_001,DEMO,8000.66,INR,UPI,INSUFFICIENT_FUNDS,TEMPORARY,16,6,1
pay_synth_03273,demo_company_001,RAZORPAY,12632.76,INR,UPI,INSUFFICIENT_FUNDS,TEMPORARY,8,3,1
pay_synth_04888,demo_company_001,RAZORPAY,5440.11,INR,NETBANKING,INSUFFICIENT_FUNDS,TEMPORARY,15,4,1
pay_synth_03546,demo_company_001,DEMO,2245.22,INR,CARD,CARD,PERMANENT,0,1,0
pay_synth_04675,demo_company_001,DEMO,468.57,INR,UPI,INSUFFICIENT_FUNDS,TEMPORARY,17,4,1
pay_synth_01385,demo_company_001,RAZORPAY,4913.18,INR,CARD,INSUFFICIENT_FUNDS,TEMPORARY,14,3,1
pay_synth_01518,demo_company_001,STRIPE,6078.93,USD,CARD,INSUFFICIENT_FUNDS,TEMPORARY,11,4,0
pay_synth_04055,demo_company_001,RAZORPAY,1049.15,INR,CARD,INSUFFICIENT_FUNDS,TEMPORARY,3,6,1
pay_synth_00649,demo_company_001,RAZORPAY,2616.29,USD,CARD,UNKNOWN,UNKNOWN,1,4,0
pay_synth_00201,demo_company_001,RAZORPAY,1403.69,INR,UPI,NETWORK,TEMPORARY,16,4,0
pay_synth_04058,demo_company_001,DEMO,6636.3,INR,UPI,BANK,TEMPORARY,2,2,0
pay_synth_01877,demo_company_001,RAZORPAY,688.05,INR,UPI,BANK,PERMANENT,13,5,1
pay_synth_00968,demo_company_001,DEMO,9277.05,INR,UPI,NETWORK,TEMPORARY,5,1,1
pay_synth_02824,demo_company_001,DEMO,4299.79,INR,CARD,NETWORK,TEMPORARY,13,6,1
pay_synth_04023,demo_company_001,RAZORPAY,1636.85,INR,CARD,AUTHENTICATION,TEMPORARY,4,1,0
pay_synth_01254,demo_company_001,DEMO,1303.57,INR,UPI,CUSTOMER_ACTION_REQUIRED,TEMPORARY,23,0,1
pay_synth_00060,demo_company_001,DEMO,834.56,INR,UPI,AUTHENTICATION,TEMPORARY,7,0,1
pay_synth_01566,demo_company_001,DEMO,12928.31,INR,UPI,INSUFFICIENT_FUNDS,TEMPORARY,14,4,1
pay_synth_00450,demo_company_001,DEMO,540.45,INR,UPI,UNKNOWN,UNKNOWN,19,2,1
pay_synth_00065,demo_company_001,DEMO,2705.22,INR,CARD,INSUFFICIENT_FUNDS,TEMPORARY,22,2,1
pay_synth_01271,demo_company_001,RAZORPAY,3407.25,INR,UPI,INSUFFICIENT_FUNDS,TEMPORARY,23,0,1
pay_synth_00937,demo_company_001,DEMO,3145.27,INR,CARD,CUSTOMER_ACTION_REQUIRED,TEMPORARY,23,6,0
pay_synth_01546,demo_company_001,DEMO,951.61,USD,UPI,AUTHENTICATION,TEMPORARY,2,5,0
pay_synth_02648,demo_company_001,RAZORPAY,1910.41,INR,UPI,INSUFFICIENT_FUNDS,TEMPORARY,13,5,1
pay_synth_00174,demo_company_001,DEMO,941.17,INR,UPI,INSUFFICIENT_FUNDS,TEMPORARY,10,6,1
pay_synth_00345,demo_company_001,DEMO,2336.48,INR,WALLET,CUSTOMER_ACTION_REQUIRED,TEMPORARY,22,1,1
pay_synth_01408,demo_company_001,STRIPE,353.63,INR,UPI,NETWORK,TEMPORARY,2,4,1
pay_synth_02795,demo_company_001,DEMO,1768.41,INR,CARD,AUTHENTICATION,TEMPORARY,18,5,1
pay_synth_01520,demo_company_001,STRIPE,8566.5,INR,UPI,PROVIDER,TEMPORARY,10,5,1
pay_synth_03388,demo_company_001,RAZORPAY,930.24,USD,UPI,INSUFFICIENT_FUNDS,TEMPORARY,20,2,1
pay_synth_02830,demo_company_001,DEMO,4876.84,INR,UPI,INSUFFICIENT_FUNDS,TEMPORARY,22,4,1
pay_synth_04250,demo_company_001,STRIPE,6638.65,INR,UPI,UNKNOWN,UNKNOWN,15,5,0
pay_synth_03812,demo_company_001,DEMO,1083.28,INR,UPI,INSUFFICIENT_FUNDS,TEMPORARY,20,6,1
pay_synth_01556,demo_company_001,DEMO,1272.77,INR,CARD,NETWORK,TEMPORARY,15,4,1
pay_synth_01699,demo_company_001,STRIPE,2501.48,INR,NETBANKING,CUSTOMER_ACTION_REQUIRED,TEMPORARY,21,3,0
pay_synth_04093,demo_company_001,DEMO,1394.84,INR,CARD,AUTHENTICATION,TEMPORARY,18,4,0
pay_synth_01092,demo_company_001,RAZORPAY,1611.36,INR,CARD,BANK,PERMANENT,2,5,0
pay_synth_00991,demo_company_001,RAZORPAY,524.45,INR,UPI,CARD,PERMANENT,20,2,0
pay_synth_02406,demo_company_001,RAZORPAY,829.99,USD,UPI,INSUFFICIENT_FUNDS,TEMPORARY,8,5,1
pay_synth_04499,demo_company_001,DEMO,1968.59,INR,WALLET,AUTHENTICATION,TEMPORARY,11,2,0
pay_synth_04610,demo_company_001,DEMO,577.4,INR,CARD,CARD,PERMANENT,21,2,0
pay_synth_00386,demo_company_001,STRIPE,880.26,INR,CARD,INSUFFICIENT_FUNDS,TEMPORARY,16,3,1
pay_synth_00874,demo_company_001,DEMO,1187.08,INR,NETBANKING,INSUFFICIENT_FUNDS,TEMPORARY,4,5,0
pay_synth_01289,demo_company_001,DEMO,2185.6,INR,WALLET,AUTHENTICATION,TEMPORARY,10,0,1
pay_synth_01010,demo_company_001,DEMO,3172.23,INR,UPI,AUTHENTICATION,TEMPORARY,14,1,1
pay_synth_03348,demo_company_001,DEMO,823.34,INR,UPI,INSUFFICIENT_FUNDS,TEMPORARY,4,6,1
pay_synth_02469,demo_company_001,DEMO,7299.36,INR,CARD,NETWORK,TEMPORARY,16,1,1
pay_synth_03284,demo_company_001,STRIPE,2252.87,USD,UPI,INSUFFICIENT_FUNDS,TEMPORARY,5,1,0
pay_synth_01673,demo_company_001,STRIPE,2172.41,INR,UPI,INSUFFICIENT_FUNDS,TEMPORARY,23,0,1
pay_synth_01874,demo_company_001,STRIPE,855.54,INR,UPI,NETWORK,TEMPORARY,21,3,1
pay_synth_04384,demo_company_001,RAZORPAY,3135.72,INR,UPI,INSUFFICIENT_FUNDS,TEMPORARY,1,1,1
pay_synth_02929,demo_company_001,RAZORPAY,751.93,INR,CARD,NETWORK,TEMPORARY,16,4,0
pay_synth_02233,demo_company_001,STRIPE,8153.75,INR,UPI,INSUFFICIENT_FUNDS,TEMPORARY,13,2,0
pay_synth_04323,demo_company_001,RAZORPAY,3681.68,USD,CARD,NETWORK,TEMPORARY,21,4,1
pay_synth_02335,demo_company_001,DEMO,5039.26,INR,UPI,AUTHENTICATION,TEMPORARY,19,4,1
pay_synth_01541,demo_company_001,RAZORPAY,4559.45,INR,UPI,BANK,UNKNOWN,1,6,1
pay_synth_02882,demo_company_001,STRIPE,2453.26,INR,CARD,BANK,TEMPORARY,20,0,1
pay_synth_01390,demo_company_001,DEMO,489.8,INR,CARD,AUTHENTICATION,TEMPORARY,21,2,1
pay_synth_01291,demo_company_001,DEMO,253.75,INR,UPI,NETWORK,TEMPORARY,7,5,1
pay_synth_04011,demo_company_001,DEMO,508.27,INR,UPI,BANK,TEMPORARY,12,0,0
pay_synth_00253,demo_company_001,STRIPE,2006.94,INR,CARD,INSUFFICIENT_FUNDS,TEMPORARY,14,0,1
pay_synth_04311,demo_company_001,DEMO,6762.01,INR,UPI,INSUFFICIENT_FUNDS,TEMPORARY,7,6,1
pay_synth_04618,demo_company_001,STRIPE,749.97,INR,NETBANKING,AUTHENTICATION,TEMPORARY,2,0,1
pay_synth_01013,demo_company_001,STRIPE,6737.47,INR,WALLET,TEMPORARY,TEMPORARY,22,5,1
pay_synth_00490,demo_company_001,STRIPE,3013.23,INR,NETBANKING,AUTHENTICATION,TEMPORARY,14,4,0
pay_synth_03606,demo_company_001,DEMO,5884.16,INR,UPI,INSUFFICIENT_FUNDS,TEMPORARY,16,5,1
pay_synth_02989,demo_company_001,RAZORPAY,478.05,INR,CARD,AUTHENTICATION,TEMPORARY,12,0,1
pay_synth_00343,demo_company_001,DEMO,1171.68,INR,UPI,INSUFFICIENT_FUNDS,TEMPORARY,17,5,1
pay_synth_01835,demo_company_001,STRIPE,2434.38,INR,NETBANKING,NETWORK,TEMPORARY,12,6,1
pay_synth_00551,demo_company_001,RAZORPAY,1798.54,INR,UPI,AUTHENTICATION,TEMPORARY,19,3,0
pay_synth_01871,demo_company_001,STRIPE,998.13,INR,CARD,UNKNOWN,UNKNOWN,12,4,1
pay_synth_03918,demo_company_001,DEMO,1813.98,INR,NETBANKING,CARD,PERMANENT,7,0,0
pay_synth_04559,demo_company_001,STRIPE,2362.4,USD,CARD,CARD,PERMANENT,2,5,0
pay_synth_04518,demo_company_001,STRIPE,633.61,INR,CARD,AUTHENTICATION,TEMPORARY,3,4,1
pay_synth_02235,demo_company_001,RAZORPAY,3887.15,INR,UPI,AUTHENTICATION,TEMPORARY,20,0,1
pay_synth_01173,demo_company_001,RAZORPAY,2742.74,USD,UPI,TEMPORARY,TEMPORARY,9,5,1
pay_synth_03281,demo_company_001,DEMO,1369.68,INR,UPI,BANK,PERMANENT,20,2,1
pay_synth_02311,demo_company_001,RAZORPAY,990.62,INR,WALLET,NETWORK,TEMPORARY,21,0,0
pay_synth_02436,demo_company_001,DEMO,6096.61,INR,NETBANKING,TEMPORARY,TEMPORARY,17,0,1
pay_synth_03174,demo_company_001,DEMO,2014.04,INR,UPI,BANK,TEMPORARY,7,5,1
pay_synth_04367,demo_company_001,DEMO,4423.09,INR,CARD,UNKNOWN,UNKNOWN,8,3,1
pay_synth_00428,demo_company_001,STRIPE,5005.23,INR,UPI,BANK,TEMPORARY,18,5,1
pay_synth_02292,demo_company_001,DEMO,3631.32,INR,UPI,AUTHENTICATION,TEMPORARY,9,4,0
pay_synth_04787,demo_company_001,STRIPE,2493.02,INR,UPI,CARD,PERMANENT,12,0,0
pay_synth_03267,demo_company_001,DEMO,4708.09,INR,CARD,INSUFFICIENT_FUNDS,TEMPORARY,20,4,1
pay_synth_02870,demo_company_001,DEMO,1005.47,INR,UPI,CARD,PERMANENT,19,6,0
pay_synth_00467,demo_company_001,DEMO,5634.42,INR,CARD,AUTHENTICATION,TEMPORARY,15,0,0
pay_synth_02736,demo_company_001,RAZORPAY,5063.8,USD,CARD,AUTHENTICATION,TEMPORARY,14,5,1
pay_synth_01499,demo_company_001,DEMO,1031.62,INR,UPI,INSUFFICIENT_FUNDS,TEMPORARY,12,6,1
pay_synth_03006,demo_company_001,STRIPE,2494.12,INR,UPI,CARD,PERMANENT,21,4,1
pay_synth_02312,demo_company_001,STRIPE,1937.2,INR,CARD,CARD,PERMANENT,3,4,0
pay_synth_02547,demo_company_001,DEMO,5900.3,INR,CARD,NETWORK,TEMPORARY,3,4,0
pay_synth_02773,demo_company_001,STRIPE,283.24,INR,UPI,INSUFFICIENT_FUNDS,TEMPORARY,15,2,1
pay_synth_00082,demo_company_001,RAZORPAY,6411.18,INR,UPI,NETWORK,TEMPORARY,21,3,1
pay_synth_00380,demo_company_001,DEMO,1360.52,INR,UPI,BANK,TEMPORARY,10,3,1
pay_synth_03040,demo_company_001,RAZORPAY,1258.91,USD,WALLET,BANK,TEMPORARY,6,0,1
pay_synth_00985,demo_company_001,RAZORPAY,702.42,INR,UPI,INSUFFICIENT_FUNDS,TEMPORARY,16,3,1
pay_synth_04285,demo_company_001,RAZORPAY,2155.93,INR,NETBANKING,AUTHENTICATION,TEMPORARY,6,3,0
pay_synth_03683,demo_company_001,RAZORPAY,605.73,INR,UPI,BANK,UNKNOWN,17,2,1
pay_synth_03334,demo_company_001,DEMO,2976.52,USD,UPI,PROVIDER,TEMPORARY,11,1,0
pay_synth_01695,demo_company_001,DEMO,890.58,USD,CARD,INSUFFICIENT_FUNDS,TEMPORARY,1,1,0
pay_synth_03880,demo_company_001,DEMO,2672.37,INR,UPI,TEMPORARY,TEMPORARY,19,6,1
pay_synth_03646,demo_company_001,DEMO,2617.15,INR,UPI,NETWORK,TEMPORARY,19,4,1
pay_synth_02776,demo_company_001,DEMO,7069.58,INR,UPI,AUTHENTICATION,TEMPORARY,14,5,0
pay_synth_00008,demo_company_001,STRIPE,569.59,INR,NETBANKING,NETWORK,TEMPORARY,23,1,1
pay_synth_03752,demo_company_001,STRIPE,2143.97,INR,UPI,INSUFFICIENT_FUNDS,TEMPORARY,0,5,1
pay_synth_03010,demo_company_001,DEMO,251.91,INR,UPI,INSUFFICIENT_FUNDS,TEMPORARY,21,3,1
pay_synth_04146,demo_company_001,RAZORPAY,8124.97,INR,UPI,NETWORK,TEMPORARY,1,2,1
pay_synth_04417,demo_company_001,DEMO,2225.16,INR,CARD,CARD,PERMANENT,6,1,0
pay_synth_03697,demo_company_001,STRIPE,357.08,USD,WALLET,TEMPORARY,TEMPORARY,10,5,1
pay_synth_03840,demo_company_001,RAZORPAY,214.88,INR,UPI,CARD,PERMANENT,7,3,0
pay_synth_04635,demo_company_001,DEMO,2020.19,INR,UPI,NETWORK,TEMPORARY,13,5,1
pay_synth_02089,demo_company_001,STRIPE,816.16,INR,UPI,NETWORK,TEMPORARY,5,0,1
pay_synth_03839,demo_company_001,STRIPE,1072.63,INR,NETBANKING,AUTHENTICATION,TEMPORARY,17,6,0
pay_synth_03922,demo_company_001,DEMO,1218.78,INR,UPI,INSUFFICIENT_FUNDS,TEMPORARY,12,5,1
pay_synth_01492,demo_company_001,DEMO,5755.13,INR,UPI,INSUFFICIENT_FUNDS,TEMPORARY,13,2,1
pay_synth_01851,demo_company_001,DEMO,704.05,INR,UPI,INSUFFICIENT_FUNDS,TEMPORARY,22,6,1
pay_synth_00833,demo_company_001,DEMO,800.06,USD,NETBANKING,AUTHENTICATION,TEMPORARY,20,0,1
pay_synth_03346,demo_company_001,RAZORPAY,653.51,INR,CARD,AUTHENTICATION,TEMPORARY,23,5,1
pay_synth_03568,demo_company_001,RAZORPAY,1981.27,INR,NETBANKING,AUTHENTICATION,TEMPORARY,5,6,1
pay_synth_00478,demo_company_001,RAZORPAY,4285.27,INR,CARD,INSUFFICIENT_FUNDS,TEMPORARY,9,6,1
pay_synth_03550,demo_company_001,RAZORPAY,902.26,INR,UPI,INSUFFICIENT_FUNDS,TEMPORARY,6,2,1
pay_synth_01304,demo_company_001,RAZORPAY,4279.17,INR,CARD,INSUFFICIENT_FUNDS,TEMPORARY,10,4,1
pay_synth_02062,demo_company_001,RAZORPAY,7397.6,INR,CARD,BANK,TEMPORARY,19,2,1
pay_synth_00563,demo_company_001,DEMO,898.17,USD,UPI,INSUFFICIENT_FUNDS,TEMPORARY,10,0,1
pay_synth_04018,demo_company_001,STRIPE,506.96,USD,NETBANKING,INSUFFICIENT_FUNDS,TEMPORARY,0,2,1
pay_synth_01953,demo_company_001,RAZORPAY,1822.77,INR,UPI,INSUFFICIENT_FUNDS,TEMPORARY,17,3,0
pay_synth_03989,demo_company_001,DEMO,5232.43,INR,NETBANKING,INSUFFICIENT_FUNDS,TEMPORARY,17,4,1
pay_synth_00338,demo_company_001,RAZORPAY,630.63,INR,CARD,AUTHENTICATION,TEMPORARY,18,3,1
pay_synth_03370,demo_company_001,RAZORPAY,1708.06,USD,UPI,AUTHENTICATION,TEMPORARY,21,2,1
pay_synth_03409,demo_company_001,DEMO,1716.28,INR,CARD,INSUFFICIENT_FUNDS,TEMPORARY,10,3,1
pay_synth_03234,demo_company_001,DEMO,2883.47,INR,CARD,INSUFFICIENT_FUNDS,TEMPORARY,11,1,1
pay_synth_02491,demo_company_001,DEMO,1490.34,INR,UPI,BANK,UNKNOWN,18,3,0
pay_synth_04686,demo_company_001,DEMO,5108.88,INR,CARD,INSUFFICIENT_FUNDS,TEMPORARY,4,2,1
pay_synth_01637,demo_company_001,DEMO,3515.74,INR,NETBANKING,NETWORK,TEMPORARY,1,0,1
pay_synth_03843,demo_company_001,DEMO,2568.3,INR,UPI,INSUFFICIENT_FUNDS,TEMPORARY,19,5,0
pay_synth_04668,demo_company_001,STRIPE,2090.39,INR,UPI,NETWORK,TEMPORARY,0,3,0
pay_synth_04938,demo_company_001,RAZORPAY,969.88,INR,CARD,BANK,UNKNOWN,20,1,1
pay_synth_01153,demo_company_001,RAZORPAY,252.69,INR,UPI,AUTHENTICATION,TEMPORARY,17,1,1
pay_synth_00281,demo_company_001,STRIPE,1718.49,INR,WALLET,AUTHENTICATION,TEMPORARY,14,6,1
pay_synth_01615,demo_company_001,DEMO,1698.62,INR,UPI,INSUFFICIENT_FUNDS,TEMPORARY,7,4,1
pay_synth_00339,demo_company_001,DEMO,358.71,USD,NETBANKING,AUTHENTICATION,TEMPORARY,5,4,1
pay_synth_02368,demo_company_001,RAZORPAY,903.64,INR,CARD,AUTHENTICATION,TEMPORARY,10,1,0
pay_synth_03787,demo_company_001,RAZORPAY,2066.12,INR,CARD,CARD,PERMANENT,21,0,0
pay_synth_02696,demo_company_001,RAZORPAY,3514.62,INR,CARD,NETWORK,TEMPORARY,12,6,0
pay_synth_02052,demo_company_001,DEMO,259.47,USD,CARD,AUTHENTICATION,TEMPORARY,13,0,1
pay_synth_01751,demo_company_001,RAZORPAY,786.55,INR,UPI,NETWORK,TEMPORARY,13,3,1
pay_synth_04141,demo_company_001,DEMO,1151.43,USD,UPI,AUTHENTICATION,TEMPORARY,18,6,1
pay_synth_02755,demo_company_001,STRIPE,1018.48,INR,UPI,CARD,PERMANENT,4,3,1
pay_synth_01724,demo_company_001,DEMO,5156.91,INR,UPI,NETWORK,TEMPORARY,8,3,1
pay_synth_00953,demo_company_001,DEMO,1985.5,INR,CARD,INSUFFICIENT_FUNDS,TEMPORARY,22,5,1
pay_synth_02039,demo_company_001,DEMO,850.86,INR,CARD,NETWORK,TEMPORARY,8,6,1
pay_synth_01543,demo_company_001,RAZORPAY,576.95,INR,WALLET,BANK,TEMPORARY,14,3,1
pay_synth_00709,demo_company_001,DEMO,686.24,USD,CARD,CARD,PERMANENT,18,3,1
pay_synth_00523,demo_company_001,STRIPE,900.81,INR,CARD,PROVIDER,TEMPORARY,16,3,1
pay_synth_04854,demo_company_001,DEMO,2860.42,USD,CARD,INSUFFICIENT_FUNDS,TEMPORARY,4,3,1
pay_synth_00789,demo_company_001,DEMO,5061.61,INR,WALLET,CARD,PERMANENT,12,2,1
pay_synth_04353,demo_company_001,DEMO,1364.39,INR,NETBANKING,INSUFFICIENT_FUNDS,TEMPORARY,0,0,1
pay_synth_04588,demo_company_001,DEMO,1280.67,INR,UPI,INSUFFICIENT_FUNDS,TEMPORARY,6,1,1
pay_synth_01507,demo_company_001,RAZORPAY,3898.12,INR,CARD,PROVIDER,TEMPORARY,7,1,0
pay_synth_01867,demo_company_001,DEMO,847.5,INR,UPI,INSUFFICIENT_FUNDS,TEMPORARY,9,3,1
pay_synth_01426,demo_company_001,STRIPE,1465.61,INR,UPI,AUTHENTICATION,TEMPORARY,14,0,0
pay_synth_00648,demo_company_001,RAZORPAY,2574.02,INR,CARD,BANK,TEMPORARY,10,2,1
pay_synth_03313,demo_company_001,RAZORPAY,674.04,USD,UPI,INSUFFICIENT_FUNDS,TEMPORARY,16,6,0
pay_synth_01562,demo_company_001,DEMO,864.0,INR,UPI,INSUFFICIENT_FUNDS,TEMPORARY,19,6,0
pay_synth_04945,demo_company_001,RAZORPAY,5363.01,INR,UPI,INSUFFICIENT_FUNDS,TEMPORARY,9,1,1
pay_synth_02341,demo_company_001,RAZORPAY,5321.57,USD,NETBANKING,CARD,PERMANENT,2,1,0
pay_synth_03431,demo_company_001,RAZORPAY,3347.79,INR,UPI,INSUFFICIENT_FUNDS,TEMPORARY,10,3,0
pay_synth_00572,demo_company_001,RAZORPAY,170.09,INR,UPI,BANK,PERMANENT,5,5,1
pay_synth_00685,demo_company_001,STRIPE,2378.92,INR,UPI,AUTHENTICATION,TEMPORARY,6,5,0
pay_synth_01532,demo_company_001,RAZORPAY,2278.12,INR,NETBANKING,INSUFFICIENT_FUNDS,TEMPORARY,14,3,1
pay_synth_00697,demo_company_001,DEMO,482.11,INR,UPI,TEMPORARY,TEMPORARY,21,3,1
pay_synth_02329,demo_company_001,RAZORPAY,740.24,INR,UPI,CUSTOMER_ACTION_REQUIRED,TEMPORARY,12,4,1
pay_synth_02791,demo_company_001,RAZORPAY,7103.96,INR,CARD,INSUFFICIENT_FUNDS,TEMPORARY,13,4,0
pay_synth_00737,demo_company_001,DEMO,1700.91,INR,CARD,BANK,PERMANENT,15,2,1
pay_synth_03098,demo_company_001,DEMO,5216.79,INR,UPI,INSUFFICIENT_FUNDS,TEMPORARY,17,6,1
pay_synth_00787,demo_company_001,RAZORPAY,1308.4,INR,UPI,INSUFFICIENT_FUNDS,TEMPORARY,3,6,1
pay_synth_01644,demo_company_001,RAZORPAY,477.09,INR,NETBANKING,CARD,PERMANENT,12,0,0
pay_synth_01555,demo_company_001,DEMO,2335.6,INR,CARD,NETWORK,TEMPORARY,16,1,1
pay_synth_03886,demo_company_001,STRIPE,2671.38,INR,CARD,CUSTOMER_ACTION_REQUIRED,TEMPORARY,0,2,0
pay_synth_01373,demo_company_001,STRIPE,3254.53,INR,NETBANKING,BANK,TEMPORARY,14,0,0
pay_synth_02425,demo_company_001,DEMO,545.33,INR,CARD,CARD,PERMANENT,17,4,0
pay_synth_02280,demo_company_001,DEMO,1111.64,USD,CARD,AUTHENTICATION,TEMPORARY,17,2,1
pay_synth_04173,demo_company_001,DEMO,319.29,INR,UPI,CARD,PERMANENT,17,3,0
pay_synth_04414,demo_company_001,RAZORPAY,2622.23,INR,UPI,INSUFFICIENT_FUNDS,TEMPORARY,7,2,1
pay_synth_00355,demo_company_001,DEMO,1160.35,INR,CARD,AUTHENTICATION,TEMPORARY,7,4,0
pay_synth_03610,demo_company_001,STRIPE,3010.25,USD,NETBANKING,AUTHENTICATION,TEMPORARY,9,1,0
pay_synth_02036,demo_company_001,DEMO,10958.25,INR,NETBANKING,NETWORK,TEMPORARY,4,1,0
pay_synth_01814,demo_company_001,DEMO,3573.26,INR,CARD,INSUFFICIENT_FUNDS,TEMPORARY,18,0,0
pay_synth_00829,demo_company_001,RAZORPAY,1006.06,INR,UPI,PROVIDER,TEMPORARY,15,0,1
pay_synth_04349,demo_company_001,STRIPE,4229.71,INR,CARD,INSUFFICIENT_FUNDS,TEMPORARY,11,2,0
pay_synth_04544,demo_company_001,DEMO,520.35,INR,CARD,INSUFFICIENT_FUNDS,TEMPORARY,22,1,0
pay_synth_04776,demo_company_001,STRIPE,1037.84,INR,CARD,CARD,PERMANENT,14,6,0
pay_synth_02041,demo_company_001,STRIPE,4270.09,USD,CARD,NETWORK,TEMPORARY,4,5,1
pay_synth_02984,demo_company_001,STRIPE,1517.57,INR,UPI,CUSTOMER_ACTION_REQUIRED,TEMPORARY,16,0,1
pay_synth_01060,demo_company_001,RAZORPAY,1408.6,INR,NETBANKING,CARD,PERMANENT,20,0,0
pay_synth_03260,demo_company_001,STRIPE,13005.46,INR,CARD,INSUFFICIENT_FUNDS,TEMPORARY,7,1,1
pay_synth_01963,demo_company_001,STRIPE,2066.75,INR,WALLET,AUTHENTICATION,TEMPORARY,2,5,1
pay_synth_03856,demo_company_001,DEMO,3297.33,INR,UPI,PROVIDER,TEMPORARY,4,0,1
pay_synth_00652,demo_company_001,RAZORPAY,590.19,INR,CARD,BANK,PERMANENT,10,3,1
pay_synth_00639,demo_company_001,DEMO,4956.0,INR,UPI,CARD,PERMANENT,8,3,0
pay_synth_01705,demo_company_001,DEMO,5770.41,INR,CARD,INSUFFICIENT_FUNDS,TEMPORARY,2,2,1
pay_synth_00615,demo_company_001,STRIPE,3214.76,INR,UPI,AUTHENTICATION,TEMPORARY,22,4,0
pay_synth_01828,demo_company_001,STRIPE,1374.69,INR,UPI,CUSTOMER_ACTION_REQUIRED,TEMPORARY,5,2,0
pay_synth_04133,demo_company_001,RAZORPAY,655.84,USD,CARD,AUTHENTICATION,TEMPORARY,9,4,0
pay_synth_02963,demo_company_001,DEMO,4779.68,INR,UPI,BANK,TEMPORARY,2,1,0
pay_synth_04983,demo_company_001,RAZORPAY,5638.95,INR,UPI,UNKNOWN,UNKNOWN,4,4,0
pay_synth_00123,demo_company_001,DEMO,1737.44,INR,UPI,PROVIDER,TEMPORARY,17,1,1
pay_synth_02384,demo_company_001,DEMO,3027.57,INR,CARD,AUTHENTICATION,TEMPORARY,2,0,1
pay_synth_00166,demo_company_001,STRIPE,3518.01,INR,WALLET,INSUFFICIENT_FUNDS,TEMPORARY,22,1,1
pay_synth_01598,demo_company_001,DEMO,3725.75,INR,UPI,INSUFFICIENT_FUNDS,TEMPORARY,1,5,1
pay_synth_02652,demo_company_001,DEMO,1547.32,INR,UPI,INSUFFICIENT_FUNDS,TEMPORARY,3,5,0
pay_synth_04000,demo_company_001,DEMO,1053.71,INR,NETBANKING,CARD,PERMANENT,21,3,0
pay_synth_00001,demo_company_001,DEMO,4914.65,INR,UPI,AUTHENTICATION,TEMPORARY,17,0,0
pay_synth_03507,demo_company_001,STRIPE,604.29,INR,UPI,NETWORK,TEMPORARY,23,0,1
pay_synth_00902,demo_company_001,DEMO,394.28,INR,CARD,NETWORK,TEMPORARY,0,2,1
pay_synth_01934,demo_company_001,RAZORPAY,3676.09,INR,UPI,INSUFFICIENT_FUNDS,TEMPORARY,15,4,1
pay_synth_01935,demo_company_001,RAZORPAY,1126.13,INR,NETBANKING,AUTHENTICATION,TEMPORARY,18,1,0
pay_synth_01163,demo_company_001,DEMO,840.58,INR,UPI,BANK,TEMPORARY,14,0,1
pay_synth_00390,demo_company_001,STRIPE,204.27,INR,NETBANKING,PROVIDER,TEMPORARY,13,5,0
pay_synth_04758,demo_company_001,RAZORPAY,1351.56,USD,WALLET,NETWORK,TEMPORARY,13,3,1
pay_synth_04012,demo_company_001,DEMO,2837.6,INR,UPI,CUSTOMER_ACTION_REQUIRED,TEMPORARY,22,6,1
pay_synth_02661,demo_company_001,DEMO,1808.25,INR,UPI,INSUFFICIENT_FUNDS,TEMPORARY,23,3,1
pay_synth_00806,demo_company_001,RAZORPAY,551.36,INR,UPI,INSUFFICIENT_FUNDS,TEMPORARY,21,3,1
pay_synth_01034,demo_company_001,DEMO,2355.16,INR,UPI,CARD,PERMANENT,7,6,0
pay_synth_00346,demo_company_001,RAZORPAY,1318.78,INR,CARD,AUTHENTICATION,TEMPORARY,13,5,1
pay_synth_04465,demo_company_001,RAZORPAY,4176.1,INR,NETBANKING,UNKNOWN,UNKNOWN,15,3,0
pay_synth_01838,demo_company_001,DEMO,754.38,INR,CARD,BANK,PERMANENT,19,5,1
pay_synth_00568,demo_company_001,DEMO,1085.95,INR,CARD,AUTHENTICATION,TEMPORARY,7,6,1
pay_synth_04346,demo_company_001,DEMO,1435.9,INR,WALLET,INSUFFICIENT_FUNDS,TEMPORARY,13,3,1
pay_synth_03377,demo_company_001,RAZORPAY,1245.84,INR,UPI,PROVIDER,TEMPORARY,13,5,1
pay_synth_00729,demo_company_001,DEMO,2305.49,INR,UPI,INSUFFICIENT_FUNDS,TEMPORARY,7,1,1
pay_synth_02538,demo_company_001,DEMO,1598.31,INR,UPI,CARD,PERMANENT,19,2,0
pay_synth_00331,demo_company_001,DEMO,5819.01,INR,UPI,CARD,PERMANENT,2,2,1
pay_synth_04040,demo_company_001,RAZORPAY,9220.72,INR,UPI,INSUFFICIENT_FUNDS,TEMPORARY,21,0,1
pay_synth_04831,demo_company_001,RAZORPAY,4526.53,INR,UPI,AUTHENTICATION,TEMPORARY,21,4,0
pay_synth_02005,demo_company_001,DEMO,1900.07,INR,UPI,NETWORK,TEMPORARY,14,6,1
pay_synth_01645,demo_company_001,DEMO,1700.78,INR,UPI,INSUFFICIENT_FUNDS,TEMPORARY,7,6,0
pay_synth_02004,demo_company_001,DEMO,1569.52,INR,CARD,BANK,TEMPORARY,20,0,0
pay_synth_00361,demo_company_001,DEMO,502.71,INR,CARD,PROVIDER,TEMPORARY,2,5,0
pay_synth_02056,demo_company_001,RAZORPAY,9937.26,INR,UPI,NETWORK,TEMPORARY,14,3,0
pay_synth_02888,demo_company_001,DEMO,838.7,INR,UPI,AUTHENTICATION,TEMPORARY,1,1,1
pay_synth_04086,demo_company_001,DEMO,3010.77,INR,UPI,AUTHENTICATION,TEMPORARY,2,5,0
pay_synth_02388,demo_company_001,RAZORPAY,7016.69,INR,WALLET,AUTHENTICATION,TEMPORARY,21,0,1
pay_synth_00394,demo_company_001,RAZORPAY,3390.57,INR,CARD,NETWORK,TEMPORARY,22,0,0
pay_synth_00723,demo_company_001,DEMO,110.01,INR,CARD,NETWORK,TEMPORARY,1,2,0
pay_synth_04492,demo_company_001,RAZORPAY,1946.59,USD,UPI,CARD,PERMANENT,4,5,0
pay_synth_03503,demo_company_001,STRIPE,2510.81,INR,UPI,INSUFFICIENT_FUNDS,TEMPORARY,15,3,1
pay_synth_00750,demo_company_001,RAZORPAY,3238.06,USD,CARD,INSUFFICIENT_FUNDS,TEMPORARY,21,0,1
pay_synth_04100,demo_company_001,DEMO,6459.72,INR,UPI,PROVIDER,TEMPORARY,20,5,1
pay_synth_03252,demo_company_001,DEMO,7795.03,USD,WALLET,AUTHENTICATION,TEMPORARY,18,6,0
pay_synth_00811,demo_company_001,STRIPE,578.86,INR,UPI,NETWORK,TEMPORARY,19,4,1
pay_synth_04343,demo_company_001,STRIPE,640.19,INR,NETBANKING,INSUFFICIENT_FUNDS,TEMPORARY,21,5,1
pay_synth_03563,demo_company_001,DEMO,1364.3,INR,CARD,NETWORK,TEMPORARY,2,3,0
pay_synth_01856,demo_company_001,DEMO,573.93,USD,UPI,INSUFFICIENT_FUNDS,TEMPORARY,15,0,1
pay_synth_00323,demo_company_001,RAZORPAY,207.5,USD,UPI,TEMPORARY,TEMPORARY,4,5,1
pay_synth_04810,demo_company_001,STRIPE,705.36,USD,CARD,UNKNOWN,UNKNOWN,6,2,1
pay_synth_01829,demo_company_001,RAZORPAY,1035.19,INR,CARD,INSUFFICIENT_FUNDS,TEMPORARY,12,3,1
pay_synth_04259,demo_company_001,DEMO,1305.19,INR,CARD,INSUFFICIENT_FUNDS,TEMPORARY,13,2,1
pay_synth_00099,demo_company_001,DEMO,2037.45,INR,UPI,INSUFFICIENT_FUNDS,TEMPORARY,22,5,1
pay_synth_04123,demo_company_001,RAZORPAY,1721.37,INR,CARD,NETWORK,TEMPORARY,1,2,1
pay_synth_03072,demo_company_001,RAZORPAY,4339.89,INR,UPI,PROVIDER,TEMPORARY,11,5,1
pay_synth_00655,demo_company_001,DEMO,1293.22,INR,UPI,AUTHENTICATION,TEMPORARY,6,0,1
pay_synth_01262,demo_company_001,RAZORPAY,4941.63,INR,NETBANKING,AUTHENTICATION,TEMPORARY,23,6,1
pay_synth_01472,demo_company_001,RAZORPAY,384.67,USD,NETBANKING,INSUFFICIENT_FUNDS,TEMPORARY,20,5,1
pay_synth_02156,demo_company_001,DEMO,1154.48,INR,NETBANKING,INSUFFICIENT_FUNDS,TEMPORARY,19,3,1
pay_synth_04392,demo_company_001,RAZORPAY,3139.87,INR,WALLET,BANK,PERMANENT,5,0,0
pay_synth_03929,demo_company_001,RAZORPAY,2345.89,INR,UPI,BANK,PERMANENT,6,2,0
pay_synth_00103,demo_company_001,DEMO,2299.5,INR,CARD,UNKNOWN,UNKNOWN,11,5,0
pay_synth_00677,demo_company_001,DEMO,1125.34,INR,CARD,PROVIDER,TEMPORARY,5,4,1
pay_synth_03593,demo_company_001,RAZORPAY,681.94,INR,UPI,CUSTOMER_ACTION_REQUIRED,TEMPORARY,10,3,0
pay_synth_00989,demo_company_001,DEMO,29758.7,INR,CARD,PROVIDER,TEMPORARY,17,1,1
pay_synth_01431,demo_company_001,DEMO,1003.66,INR,CARD,INSUFFICIENT_FUNDS,TEMPORARY,21,1,1
pay_synth_04188,demo_company_001,RAZORPAY,2529.3,INR,UPI,TEMPORARY,TEMPORARY,13,3,1
pay_synth_01477,demo_company_001,STRIPE,3831.92,INR,CARD,NETWORK,TEMPORARY,17,4,1
pay_synth_03919,demo_company_001,RAZORPAY,766.33,INR,UPI,CUSTOMER_ACTION_REQUIRED,TEMPORARY,19,1,1
pay_synth_01135,demo_company_001,RAZORPAY,1466.17,INR,UPI,NETWORK,TEMPORARY,22,4,1
pay_synth_03311,demo_company_001,RAZORPAY,9462.28,INR,CARD,AUTHENTICATION,TEMPORARY,2,5,1
pay_synth_02330,demo_company_001,DEMO,450.41,USD,CARD,INSUFFICIENT_FUNDS,TEMPORARY,14,5,1
pay_synth_01000,demo_company_001,DEMO,7404.96,INR,UPI,NETWORK,TEMPORARY,4,3,1
pay_synth_00505,demo_company_001,RAZORPAY,207.34,INR,UPI,BANK,PERMANENT,21,0,1
pay_synth_03481,demo_company_001,DEMO,1897.92,INR,UPI,CARD,PERMANENT,5,6,0
pay_synth_00373,demo_company_001,DEMO,1884.77,INR,UPI,NETWORK,TEMPORARY,9,0,1
pay_synth_03410,demo_company_001,DEMO,298.65,INR,UPI,BANK,PERMANENT,4,5,1
pay_synth_00659,demo_company_001,RAZORPAY,691.41,INR,WALLET,AUTHENTICATION,TEMPORARY,11,6,1
pay_synth_03245,demo_company_001,RAZORPAY,3733.49,USD,UPI,CARD,PERMANENT,2,2,0
pay_synth_02745,demo_company_001,RAZORPAY,206.39,INR,CARD,PROVIDER,TEMPORARY,21,0,0
pay_synth_03847,demo_company_001,STRIPE,4643.12,USD,NETBANKING,CARD,PERMANENT,8,3,0
pay_synth_02788,demo_company_001,DEMO,8261.77,INR,NETBANKING,UNKNOWN,UNKNOWN,15,0,1
pay_synth_02358,demo_company_001,DEMO,723.56,INR,NETBANKING,BANK,TEMPORARY,5,5,0
pay_synth_01115,demo_company_001,RAZORPAY,6061.96,USD,UPI,NETWORK,TEMPORARY,17,4,0
pay_synth_02072,demo_company_001,RAZORPAY,2543.2,INR,UPI,AUTHENTICATION,TEMPORARY,16,5,1
pay_synth_01027,demo_company_001,STRIPE,1949.62,INR,NETBANKING,INSUFFICIENT_FUNDS,TEMPORARY,17,2,1
pay_synth_04014,demo_company_001,DEMO,1171.5,INR,UPI,BANK,UNKNOWN,13,6,1
pay_synth_00715,demo_company_001,DEMO,353.47,INR,CARD,UNKNOWN,UNKNOWN,13,1,0
pay_synth_03301,demo_company_001,DEMO,2114.5,INR,CARD,NETWORK,TEMPORARY,5,3,1
pay_synth_00877,demo_company_001,RAZORPAY,557.67,INR,NETBANKING,AUTHENTICATION,TEMPORARY,13,5,0
pay_synth_01072,demo_company_001,DEMO,1825.79,INR,UPI,CUSTOMER_ACTION_REQUIRED,TEMPORARY,17,6,1
pay_synth_00067,demo_company_001,DEMO,3005.76,INR,CARD,CARD,PERMANENT,4,0,0
pay_synth_00007,demo_company_001,DEMO,680.36,INR,CARD,INSUFFICIENT_FUNDS,TEMPORARY,7,1,1
pay_synth_02943,demo_company_001,DEMO,396.38,INR,NETBANKING,INSUFFICIENT_FUNDS,TEMPORARY,10,4,0
pay_synth_02860,demo_company_001,DEMO,429.4,INR,UPI,INSUFFICIENT_FUNDS,TEMPORARY,3,2,1
pay_synth_03182,demo_company_001,DEMO,2163.52,INR,UPI,INSUFFICIENT_FUNDS,TEMPORARY,11,5,0
pay_synth_00816,demo_company_001,RAZORPAY,3790.68,INR,UPI,NETWORK,TEMPORARY,12,2,0
pay_synth_03540,demo_company_001,DEMO,8528.11,INR,NETBANKING,AUTHENTICATION,TEMPORARY,15,4,1
pay_synth_03160,demo_company_001,DEMO,1151.1,INR,CARD,INSUFFICIENT_FUNDS,TEMPORARY,6,3,1
pay_synth_01148,demo_company_001,RAZORPAY,1930.59,INR,CARD,AUTHENTICATION,TEMPORARY,8,4,0
pay_synth_00880,demo_company_001,DEMO,682.3,INR,CARD,CUSTOMER_ACTION_REQUIRED,TEMPORARY,21,1,1
pay_synth_01285,demo_company_001,DEMO,4219.26,INR,UPI,PROVIDER,TEMPORARY,0,1,1
pay_synth_02147,demo_company_001,DEMO,645.29,INR,CARD,INSUFFICIENT_FUNDS,TEMPORARY,22,5,1
pay_synth_03861,demo_company_001,STRIPE,2939.03,INR,CARD,AUTHENTICATION,TEMPORARY,7,6,0
pay_synth_02528,demo_company_001,STRIPE,6209.2,INR,CARD,INSUFFICIENT_FUNDS,TEMPORARY,3,6,1
pay_synth_00078,demo_company_001,DEMO,470.71,INR,UPI,AUTHENTICATION,TEMPORARY,5,6,0
pay_synth_01338,demo_company_001,RAZORPAY,1910.85,INR,UPI,INSUFFICIENT_FUNDS,TEMPORARY,20,2,0
pay_synth_03460,demo_company_001,RAZORPAY,1281.51,INR,UPI,INSUFFICIENT_FUNDS,TEMPORARY,18,6,1
pay_synth_00924,demo_company_001,RAZORPAY,547.6,USD,CARD,INSUFFICIENT_FUNDS,TEMPORARY,1,4,1
pay_synth_01101,demo_company_001,DEMO,666.25,INR,UPI,INSUFFICIENT_FUNDS,TEMPORARY,1,4,1
pay_synth_03349,demo_company_001,DEMO,1951.56,USD,CARD,AUTHENTICATION,TEMPORARY,10,0,1
pay_synth_00479,demo_company_001,STRIPE,1557.14,INR,CARD,AUTHENTICATION,TEMPORARY,7,3,0
pay_synth_01618,demo_company_001,RAZORPAY,1484.32,INR,UPI,INSUFFICIENT_FUNDS,TEMPORARY,3,5,0
pay_synth_04683,demo_company_001,STRIPE,940.54,INR,UPI,CARD,PERMANENT,7,1,1
pay_synth_00590,demo_company_001,DEMO,1404.88,INR,CARD,INSUFFICIENT_FUNDS,TEMPORARY,15,6,0
pay_synth_00608,demo_company_001,DEMO,6387.45,INR,NETBANKING,PROVIDER,TEMPORARY,15,5,1
pay_synth_00413,demo_company_001,STRIPE,1391.78,INR,CARD,INSUFFICIENT_FUNDS,TEMPORARY,12,2,1
pay_synth_02998,demo_company_001,DEMO,1378.14,INR,CARD,PROVIDER,TEMPORARY,12,0,0
pay_synth_01049,demo_company_001,STRIPE,6302.5,INR,NETBANKING,AUTHENTICATION,TEMPORARY,7,5,0
pay_synth_03179,demo_company_001,STRIPE,231.65,INR,UPI,INSUFFICIENT_FUNDS,TEMPORARY,16,4,1
pay_synth_01880,demo_company_001,RAZORPAY,725.93,INR,UPI,PROVIDER,TEMPORARY,13,2,1
pay_synth_02760,demo_company_001,DEMO,656.88,USD,UPI,AUTHENTICATION,TEMPORARY,19,3,1
pay_synth_02524,demo_company_001,DEMO,1285.02,INR,CARD,AUTHENTICATION,TEMPORARY,5,4,0
pay_synth_03233,demo_company_001,DEMO,666.97,INR,CARD,BANK,TEMPORARY,0,5,0
pay_synth_02175,demo_company_001,DEMO,1786.91,INR,UPI,CARD,PERMANENT,9,4,0
pay_synth_02855,demo_company_001,DEMO,1444.74,INR,CARD,AUTHENTICATION,TEMPORARY,14,5,1
pay_synth_02131,demo_company_001,DEMO,841.72,INR,UPI,NETWORK,TEMPORARY,20,5,1
pay_synth_01865,demo_company_001,STRIPE,250.91,INR,CARD,BANK,PERMANENT,4,3,1
pay_synth_02206,demo_company_001,STRIPE,5479.9,INR,UPI,INSUFFICIENT_FUNDS,TEMPORARY,22,3,0
pay_synth_00443,demo_company_001,DEMO,33730.49,INR,UPI,PROVIDER,TEMPORARY,9,6,1
pay_synth_03820,demo_company_001,DEMO,359.3,INR,UPI,INSUFFICIENT_FUNDS,TEMPORARY,5,1,1
pay_synth_01664,demo_company_001,DEMO,285.31,INR,CARD,BANK,PERMANENT,17,6,0
pay_synth_02210,demo_company_001,STRIPE,5205.41,INR,CARD,INSUFFICIENT_FUNDS,TEMPORARY,18,5,1
pay_synth_02956,demo_company_001,RAZORPAY,816.06,INR,CARD,CARD,PERMANENT,2,2,0
pay_synth_00277,demo_company_001,RAZORPAY,1274.4,INR,UPI,NETWORK,TEMPORARY,19,4,0
pay_synth_04997,demo_company_001,DEMO,14559.59,INR,NETBANKING,INSUFFICIENT_FUNDS,TEMPORARY,22,0,0
pay_synth_00757,demo_company_001,RAZORPAY,1670.16,INR,CARD,INSUFFICIENT_FUNDS,TEMPORARY,6,3,1
pay_synth_02993,demo_company_001,RAZORPAY,1960.42,INR,UPI,INSUFFICIENT_FUNDS,TEMPORARY,8,2,0
pay_synth_00094,demo_company_001,RAZORPAY,2251.25,USD,UPI,BANK,TEMPORARY,19,4,1
pay_synth_01820,demo_company_001,DEMO,4840.31,INR,CARD,AUTHENTICATION,TEMPORARY,6,5,1
pay_synth_03998,demo_company_001,DEMO,737.23,INR,WALLET,AUTHENTICATION,TEMPORARY,20,4,1
pay_synth_03195,demo_company_001,DEMO,3806.97,INR,UPI,NETWORK,TEMPORARY,0,4,0
pay_synth_01038,demo_company_001,RAZORPAY,1007.62,INR,NETBANKING,INSUFFICIENT_FUNDS,TEMPORARY,4,4,1
pay_synth_00962,demo_company_001,RAZORPAY,6500.59,INR,NETBANKING,NETWORK,TEMPORARY,2,5,0
pay_synth_02941,demo_company_001,DEMO,3866.56,INR,UPI,INSUFFICIENT_FUNDS,TEMPORARY,9,2,1
pay_synth_04656,demo_company_001,DEMO,1868.2,USD,CARD,BANK,TEMPORARY,15,0,1
pay_synth_03669,demo_company_001,DEMO,1179.56,INR,UPI,PROVIDER,TEMPORARY,5,0,1
pay_synth_01244,demo_company_001,STRIPE,4717.1,INR,CARD,AUTHENTICATION,TEMPORARY,9,4,1
pay_synth_00993,demo_company_001,DEMO,2674.39,INR,CARD,BANK,TEMPORARY,4,1,0
pay_synth_01528,demo_company_001,DEMO,14482.45,INR,NETBANKING,BANK,PERMANENT,6,2,0
pay_synth_00154,demo_company_001,DEMO,924.92,INR,CARD,INSUFFICIENT_FUNDS,TEMPORARY,17,0,1
pay_synth_01046,demo_company_001,RAZORPAY,2611.54,INR,CARD,CARD,PERMANENT,18,0,0
pay_synth_01457,demo_company_001,RAZORPAY,2043.31,USD,CARD,AUTHENTICATION,TEMPORARY,5,6,0
pay_synth_02664,demo_company_001,RAZORPAY,4822.94,INR,CARD,CARD,PERMANENT,16,4,0
pay_synth_04800,demo_company_001,RAZORPAY,6277.53,USD,NETBANKING,CARD,PERMANENT,22,4,0
pay_synth_02844,demo_company_001,STRIPE,4214.71,INR,CARD,INSUFFICIENT_FUNDS,TEMPORARY,11,2,0
pay_synth_02886,demo_company_001,STRIPE,548.9,INR,NETBANKING,INSUFFICIENT_FUNDS,TEMPORARY,11,0,1
pay_synth_02495,demo_company_001,RAZORPAY,1338.29,INR,NETBANKING,INSUFFICIENT_FUNDS,TEMPORARY,0,2,0
pay_synth_03873,demo_company_001,DEMO,1099.59,INR,CARD,NETWORK,TEMPORARY,21,6,1
pay_synth_04597,demo_company_001,RAZORPAY,1407.5,INR,CARD,CUSTOMER_ACTION_REQUIRED,TEMPORARY,3,0,1
pay_synth_04823,demo_company_001,DEMO,5679.74,INR,CARD,AUTHENTICATION,TEMPORARY,10,4,0
pay_synth_00207,demo_company_001,DEMO,1116.39,INR,NETBANKING,BANK,UNKNOWN,23,3,0
pay_synth_02106,demo_company_001,DEMO,11571.82,INR,UPI,BANK,TEMPORARY,16,2,0
pay_synth_00807,demo_company_001,STRIPE,764.89,INR,UPI,INSUFFICIENT_FUNDS,TEMPORARY,19,1,1
pay_synth_00986,demo_company_001,DEMO,1246.21,INR,UPI,INSUFFICIENT_FUNDS,TEMPORARY,9,6,1
pay_synth_03828,demo_company_001,DEMO,265.72,INR,UPI,INSUFFICIENT_FUNDS,TEMPORARY,20,4,1
pay_synth_01474,demo_company_001,DEMO,3072.64,INR,WALLET,AUTHENTICATION,TEMPORARY,16,2,1
pay_synth_04774,demo_company_001,STRIPE,1702.57,INR,UPI,NETWORK,TEMPORARY,11,1,1
pay_synth_02869,demo_company_001,DEMO,2750.58,INR,UPI,NETWORK,TEMPORARY,10,4,1
pay_synth_01093,demo_company_001,RAZORPAY,100.0,INR,UPI,INSUFFICIENT_FUNDS,TEMPORARY,23,6,1
pay_synth_03390,demo_company_001,RAZORPAY,570.45,INR,UPI,INSUFFICIENT_FUNDS,TEMPORARY,11,5,1
pay_synth_02753,demo_company_001,DEMO,2844.44,INR,UPI,INSUFFICIENT_FUNDS,TEMPORARY,0,0,1
pay_synth_03143,demo_company_001,RAZORPAY,127.11,INR,CARD,AUTHENTICATION,TEMPORARY,5,3,0
pay_synth_04918,demo_company_001,DEMO,1500.48,INR,UPI,AUTHENTICATION,TEMPORARY,14,4,1
pay_synth_03124,demo_company_001,DEMO,6477.56,INR,CARD,NETWORK,TEMPORARY,15,3,1
pay_synth_02636,demo_company_001,RAZORPAY,5683.51,INR,UPI,INSUFFICIENT_FUNDS,TEMPORARY,1,5,1
pay_synth_04237,demo_company_001,DEMO,2898.1,INR,UPI,CUSTOMER_ACTION_REQUIRED,TEMPORARY,14,4,1
pay_synth_01185,demo_company_001,DEMO,3209.07,INR,UPI,CARD,PERMANENT,16,4,0
pay_synth_00843,demo_company_001,DEMO,3074.61,INR,UPI,PROVIDER,TEMPORARY,14,6,0
pay_synth_03231,demo_company_001,RAZORPAY,1544.23,INR,UPI,INSUFFICIENT_FUNDS,TEMPORARY,6,1,0
pay_synth_00190,demo_company_001,DEMO,10108.88,USD,UPI,INSUFFICIENT_FUNDS,TEMPORARY,18,6,1
pay_synth_02604,demo_company_001,DEMO,3498.65,INR,NETBANKING,AUTHENTICATION,TEMPORARY,3,0,0
pay_synth_04772,demo_company_001,DEMO,810.12,INR,UPI,PROVIDER,TEMPORARY,4,4,0
pay_synth_02520,demo_company_001,RAZORPAY,4208.47,INR,UPI,NETWORK,TEMPORARY,0,5,1
pay_synth_00612,demo_company_001,RAZORPAY,2092.84,INR,CARD,CARD,PERMANENT,22,5,0
pay_synth_00933,demo_company_001,STRIPE,1418.19,INR,UPI,INSUFFICIENT_FUNDS,TEMPORARY,23,0,1
pay_synth_01894,demo_company_001,DEMO,4123.74,INR,UPI,AUTHENTICATION,TEMPORARY,9,5,0
pay_synth_03738,demo_company_001,RAZORPAY,5397.9,INR,UPI,BANK,PERMANENT,12,5,0
pay_synth_02550,demo_company_001,DEMO,1242.75,INR,CARD,PROVIDER,TEMPORARY,19,0,1
pay_synth_01479,demo_company_001,RAZORPAY,4100.5,INR,CARD,AUTHENTICATION,TEMPORARY,16,0,1
pay_synth_04330,demo_company_001,STRIPE,568.82,INR,NETBANKING,INSUFFICIENT_FUNDS,TEMPORARY,14,5,1
pay_synth_02334,demo_company_001,RAZORPAY,976.0,INR,CARD,TEMPORARY,TEMPORARY,23,2,1
pay_synth_04712,demo_company_001,DEMO,796.59,INR,NETBANKING,INSUFFICIENT_FUNDS,TEMPORARY,2,2,1
pay_synth_02926,demo_company_001,STRIPE,432.4,INR,UPI,AUTHENTICATION,TEMPORARY,2,1,1
pay_synth_04049,demo_company_001,STRIPE,348.65,INR,WALLET,CUSTOMER_ACTION_REQUIRED,TEMPORARY,7,4,0
pay_synth_00772,demo_company_001,STRIPE,318.95,INR,CARD,CARD,PERMANENT,12,3,1
pay_synth_02030,demo_company_001,RAZORPAY,399.14,INR,UPI,AUTHENTICATION,TEMPORARY,0,5,1
pay_synth_04038,demo_company_001,RAZORPAY,1034.43,INR,NETBANKING,AUTHENTICATION,TEMPORARY,13,5,1
pay_synth_03041,demo_company_001,DEMO,6283.1,INR,WALLET,AUTHENTICATION,TEMPORARY,11,0,1
pay_synth_00322,demo_company_001,RAZORPAY,341.65,INR,UPI,INSUFFICIENT_FUNDS,TEMPORARY,10,0,1
pay_synth_01237,demo_company_001,STRIPE,2582.02,INR,CARD,NETWORK,TEMPORARY,19,1,1
pay_synth_02577,demo_company_001,STRIPE,3226.53,INR,CARD,INSUFFICIENT_FUNDS,TEMPORARY,14,3,1
pay_synth_00949,demo_company_001,STRIPE,213.39,INR,CARD,INSUFFICIENT_FUNDS,TEMPORARY,4,6,1
pay_synth_00382,demo_company_001,RAZORPAY,12670.67,INR,CARD,CARD,PERMANENT,6,0,0
pay_synth_00661,demo_company_001,DEMO,1665.65,INR,UPI,AUTHENTICATION,TEMPORARY,2,3,0
pay_synth_01836,demo_company_001,RAZORPAY,2673.97,INR,UPI,INSUFFICIENT_FUNDS,TEMPORARY,12,3,1
pay_synth_03866,demo_company_001,DEMO,492.29,INR,CARD,CARD,PERMANENT,2,3,0
pay_synth_01122,demo_company_001,STRIPE,2065.52,INR,UPI,INSUFFICIENT_FUNDS,TEMPORARY,8,1,0
pay_synth_01792,demo_company_001,RAZORPAY,6633.71,INR,UPI,INSUFFICIENT_FUNDS,TEMPORARY,19,3,1
pay_synth_00440,demo_company_001,DEMO,1151.03,INR,NETBANKING,AUTHENTICATION,TEMPORARY,10,1,1
pay_synth_02905,demo_company_001,RAZORPAY,978.53,INR,UPI,PROVIDER,TEMPORARY,22,4,1
pay_synth_01040,demo_company_001,DEMO,410.82,INR,NETBANKING,BANK,TEMPORARY,9,1,1
pay_synth_00485,demo_company_001,RAZORPAY,626.21,USD,CARD,INSUFFICIENT_FUNDS,TEMPORARY,10,6,1
pay_synth_03663,demo_company_001,DEMO,2634.99,INR,UPI,NETWORK,TEMPORARY,0,0,1
pay_synth_00875,demo_company_001,DEMO,6170.77,INR,UPI,CUSTOMER_ACTION_REQUIRED,TEMPORARY,17,5,1
pay_synth_00633,demo_company_001,RAZORPAY,2117.44,USD,UPI,INSUFFICIENT_FUNDS,TEMPORARY,13,3,1
pay_synth_01590,demo_company_001,RAZORPAY,808.88,INR,CARD,CARD,PERMANENT,8,4,0
pay_synth_01463,demo_company_001,DEMO,3895.7,INR,NETBANKING,NETWORK,TEMPORARY,11,4,1
pay_synth_03909,demo_company_001,RAZORPAY,3584.24,INR,CARD,PROVIDER,TEMPORARY,11,5,1
pay_synth_00564,demo_company_001,DEMO,563.58,INR,UPI,INSUFFICIENT_FUNDS,TEMPORARY,11,0,1
pay_synth_03964,demo_company_001,RAZORPAY,335.02,USD,UPI,INSUFFICIENT_FUNDS,TEMPORARY,15,3,1
pay_synth_03009,demo_company_001,RAZORPAY,2905.56,USD,CARD,INSUFFICIENT_FUNDS,TEMPORARY,20,4,1
pay_synth_04677,demo_company_001,DEMO,2776.16,INR,NETBANKING,INSUFFICIENT_FUNDS,TEMPORARY,7,0,1
pay_synth_04057,demo_company_001,STRIPE,3764.04,INR,NETBANKING,AUTHENTICATION,TEMPORARY,8,5,1
pay_synth_00192,demo_company_001,STRIPE,365.65,INR,CARD,AUTHENTICATION,TEMPORARY,3,4,1
pay_synth_04958,demo_company_001,RAZORPAY,1977.91,INR,CARD,BANK,TEMPORARY,18,2,1
pay_synth_00180,demo_company_001,DEMO,4559.57,USD,NETBANKING,CARD,PERMANENT,0,2,0
pay_synth_02094,demo_company_001,RAZORPAY,3787.74,INR,UPI,BANK,TEMPORARY,10,3,1
pay_synth_01288,demo_company_001,DEMO,5342.46,INR,UPI,AUTHENTICATION,TEMPORARY,22,1,1
pay_synth_04001,demo_company_001,RAZORPAY,1730.86,INR,NETBANKING,INSUFFICIENT_FUNDS,TEMPORARY,14,1,0
pay_synth_03612,demo_company_001,DEMO,1489.76,INR,NETBANKING,PROVIDER,TEMPORARY,3,2,0
pay_synth_03686,demo_company_001,RAZORPAY,10978.0,INR,CARD,INSUFFICIENT_FUNDS,TEMPORARY,21,6,1
pay_synth_00936,demo_company_001,DEMO,399.95,INR,CARD,INSUFFICIENT_FUNDS,TEMPORARY,3,6,1
pay_synth_00064,demo_company_001,DEMO,1923.58,INR,UPI,INSUFFICIENT_FUNDS,TEMPORARY,7,3,1
pay_synth_02454,demo_company_001,DEMO,7211.92,INR,CARD,BANK,TEMPORARY,23,4,0
pay_synth_02983,demo_company_001,RAZORPAY,945.45,INR,CARD,INSUFFICIENT_FUNDS,TEMPORARY,6,1,1
pay_synth_04797,demo_company_001,DEMO,3100.16,INR,NETBANKING,INSUFFICIENT_FUNDS,TEMPORARY,19,6,0
pay_synth_02685,demo_company_001,DEMO,3123.62,INR,UPI,NETWORK,TEMPORARY,4,3,1
pay_synth_01138,demo_company_001,DEMO,2473.43,INR,NETBANKING,PROVIDER,TEMPORARY,4,0,1
pay_synth_03835,demo_company_001,DEMO,1934.74,INR,NETBANKING,AUTHENTICATION,TEMPORARY,20,2,1
pay_synth_02355,demo_company_001,RAZORPAY,2789.82,INR,UPI,NETWORK,TEMPORARY,1,4,1
pay_synth_01220,demo_company_001,DEMO,1271.39,INR,UPI,AUTHENTICATION,TEMPORARY,2,5,0
pay_synth_03871,demo_company_001,DEMO,2197.99,INR,NETBANKING,BANK,PERMANENT,20,2,1
pay_synth_03156,demo_company_001,RAZORPAY,1806.86,INR,UPI,INSUFFICIENT_FUNDS,TEMPORARY,11,5,1
pay_synth_00080,demo_company_001,DEMO,429.2,INR,UPI,UNKNOWN,UNKNOWN,5,6,1
pay_synth_02310,demo_company_001,DEMO,1670.47,INR,UPI,CARD,PERMANENT,18,3,0
pay_synth_03268,demo_company_001,RAZORPAY,1482.91,USD,UPI,CARD,PERMANENT,21,5,1
pay_synth_02098,demo_company_001,RAZORPAY,670.11,INR,UPI,PROVIDER,TEMPORARY,18,5,1
pay_synth_01610,demo_company_001,RAZORPAY,174.64,INR,UPI,AUTHENTICATION,TEMPORARY,15,6,1
pay_synth_03602,demo_company_001,RAZORPAY,1245.12,INR,CARD,INSUFFICIENT_FUNDS,TEMPORARY,16,5,1
pay_synth_03001,demo_company_001,RAZORPAY,489.5,INR,CARD,UNKNOWN,UNKNOWN,21,0,1
pay_synth_00560,demo_company_001,RAZORPAY,237.87,INR,CARD,UNKNOWN,UNKNOWN,14,6,1
pay_synth_04006,demo_company_001,DEMO,1403.54,INR,UPI,CUSTOMER_ACTION_REQUIRED,TEMPORARY,23,5,0
pay_synth_02417,demo_company_001,DEMO,1230.32,INR,UPI,INSUFFICIENT_FUNDS,TEMPORARY,15,1,1
pay_synth_02684,demo_company_001,DEMO,1291.78,INR,CARD,INSUFFICIENT_FUNDS,TEMPORARY,21,3,1
pay_synth_01203,demo_company_001,DEMO,3000.96,INR,NETBANKING,NETWORK,TEMPORARY,22,3,1
pay_synth_02780,demo_company_001,DEMO,1272.34,USD,CARD,AUTHENTICATION,TEMPORARY,23,3,1
pay_synth_01155,demo_company_001,RAZORPAY,5660.11,INR,UPI,BANK,PERMANENT,3,0,0
pay_synth_00970,demo_company_001,DEMO,1156.15,INR,NETBANKING,INSUFFICIENT_FUNDS,TEMPORARY,10,4,1
pay_synth_00367,demo_company_001,STRIPE,3921.3,INR,CARD,BANK,PERMANENT,19,3,0
pay_synth_04934,demo_company_001,DEMO,2936.99,INR,UPI,AUTHENTICATION,TEMPORARY,18,5,1
pay_synth_03959,demo_company_001,DEMO,19173.82,INR,CARD,NETWORK,TEMPORARY,6,1,1
pay_synth_02402,demo_company_001,DEMO,4175.76,INR,CARD,NETWORK,TEMPORARY,2,0,1
pay_synth_00622,demo_company_001,DEMO,4314.88,INR,NETBANKING,INSUFFICIENT_FUNDS,TEMPORARY,12,4,1
pay_synth_04245,demo_company_001,DEMO,1819.41,INR,CARD,CARD,PERMANENT,9,3,0
pay_synth_00311,demo_company_001,DEMO,533.0,INR,UPI,UNKNOWN,UNKNOWN,1,5,0
pay_synth_03952,demo_company_001,STRIPE,1572.81,INR,NETBANKING,CARD,PERMANENT,17,2,0
pay_synth_04763,demo_company_001,RAZORPAY,7507.56,INR,WALLET,INSUFFICIENT_FUNDS,TEMPORARY,3,2,1
pay_synth_04135,demo_company_001,RAZORPAY,2578.41,INR,CARD,CARD,PERMANENT,6,1,0
pay_synth_00883,demo_company_001,DEMO,574.53,INR,UPI,AUTHENTICATION,TEMPORARY,14,2,1
pay_synth_04887,demo_company_001,DEMO,1938.81,INR,NETBANKING,AUTHENTICATION,TEMPORARY,2,6,0
pay_synth_01940,demo_company_001,DEMO,657.84,INR,UPI,AUTHENTICATION,TEMPORARY,16,3,0
pay_synth_02035,demo_company_001,RAZORPAY,313.57,INR,UPI,PROVIDER,TEMPORARY,20,0,1
pay_synth_01513,demo_company_001,STRIPE,2118.49,INR,NETBANKING,PROVIDER,TEMPORARY,15,4,1
pay_synth_01631,demo_company_001,RAZORPAY,2441.53,INR,UPI,CUSTOMER_ACTION_REQUIRED,TEMPORARY,20,2,1
pay_synth_02080,demo_company_001,RAZORPAY,159.71,INR,CARD,CARD,PERMANENT,7,0,0
pay_synth_04710,demo_company_001,RAZORPAY,1512.93,INR,CARD,INSUFFICIENT_FUNDS,TEMPORARY,18,2,1
pay_synth_04708,demo_company_001,DEMO,1274.16,INR,CARD,AUTHENTICATION,TEMPORARY,18,1,1
pay_synth_01246,demo_company_001,RAZORPAY,3749.67,INR,CARD,BANK,TEMPORARY,16,6,1
pay_synth_03966,demo_company_001,RAZORPAY,6402.91,INR,CARD,CARD,PERMANENT,10,5,0
pay_synth_01261,demo_company_001,DEMO,6433.45,USD,UPI,INSUFFICIENT_FUNDS,TEMPORARY,14,6,1
pay_synth_03129,demo_company_001,STRIPE,789.24,INR,NETBANKING,CARD,PERMANENT,10,0,1
pay_synth_02852,demo_company_001,DEMO,2658.22,INR,CARD,AUTHENTICATION,TEMPORARY,19,4,1
pay_synth_01936,demo_company_001,STRIPE,613.6,INR,CARD,INSUFFICIENT_FUNDS,TEMPORARY,10,5,1
pay_synth_01134,demo_company_001,DEMO,655.14,INR,UPI,CARD,PERMANENT,15,1,0
pay_synth_00946,demo_company_001,DEMO,5665.68,INR,UPI,CARD,PERMANENT,2,3,1
pay_synth_04428,demo_company_001,DEMO,3060.2,INR,NETBANKING,INSUFFICIENT_FUNDS,TEMPORARY,22,5,1
pay_synth_04179,demo_company_001,DEMO,248.73,INR,CARD,INSUFFICIENT_FUNDS,TEMPORARY,11,6,0
pay_synth_04482,demo_company_001,DEMO,5117.86,INR,UPI,NETWORK,TEMPORARY,2,1,1
pay_synth_04497,demo_company_001,DEMO,516.35,INR,CARD,CARD,PERMANENT,10,4,0
pay_synth_03502,demo_company_001,STRIPE,3044.34,INR,UPI,CARD,PERMANENT,16,6,0
pay_synth_04972,demo_company_001,STRIPE,2833.81,INR,WALLET,AUTHENTICATION,TEMPORARY,7,6,0
pay_synth_02263,demo_company_001,STRIPE,915.67,INR,CARD,CARD,PERMANENT,12,5,0
pay_synth_04136,demo_company_001,DEMO,1665.83,INR,CARD,AUTHENTICATION,TEMPORARY,17,3,0
pay_synth_01790,demo_company_001,RAZORPAY,2468.47,INR,CARD,NETWORK,TEMPORARY,9,6,1
pay_synth_03749,demo_company_001,DEMO,5279.91,INR,UPI,CARD,PERMANENT,23,4,0
pay_synth_00393,demo_company_001,DEMO,366.97,INR,NETBANKING,NETWORK,TEMPORARY,23,2,1
pay_synth_02543,demo_company_001,STRIPE,3037.88,INR,CARD,TEMPORARY,TEMPORARY,23,2,0
pay_synth_04289,demo_company_001,DEMO,1137.5,INR,UPI,BANK,PERMANENT,18,5,1
pay_synth_04599,demo_company_001,DEMO,1973.43,INR,UPI,AUTHENTICATION,TEMPORARY,16,6,0
pay_synth_00491,demo_company_001,DEMO,934.92,INR,UPI,INSUFFICIENT_FUNDS,TEMPORARY,7,1,1
pay_synth_01142,demo_company_001,DEMO,3262.73,INR,UPI,TEMPORARY,TEMPORARY,5,2,0
pay_synth_00076,demo_company_001,RAZORPAY,13130.39,INR,CARD,INSUFFICIENT_FUNDS,TEMPORARY,0,0,1
pay_synth_02932,demo_company_001,RAZORPAY,2253.03,INR,CARD,BANK,UNKNOWN,21,4,0
pay_synth_00105,demo_company_001,STRIPE,753.61,INR,UPI,CARD,PERMANENT,16,6,1
pay_synth_04020,demo_company_001,DEMO,3615.04,INR,CARD,INSUFFICIENT_FUNDS,TEMPORARY,21,0,1
pay_synth_02198,demo_company_001,STRIPE,4238.16,INR,CARD,INSUFFICIENT_FUNDS,TEMPORARY,19,2,1
pay_synth_01837,demo_company_001,DEMO,1382.98,INR,UPI,NETWORK,TEMPORARY,19,0,1
pay_synth_04777,demo_company_001,DEMO,1914.6,INR,CARD,INSUFFICIENT_FUNDS,TEMPORARY,18,4,0
pay_synth_02763,demo_company_001,RAZORPAY,4696.83,INR,UPI,AUTHENTICATION,TEMPORARY,15,2,1
pay_synth_04423,demo_company_001,RAZORPAY,392.16,INR,CARD,CARD,PERMANENT,15,2,0
pay_synth_02232,demo_company_001,DEMO,400.3,INR,UPI,UNKNOWN,UNKNOWN,9,1,1
pay_synth_01147,demo_company_001,RAZORPAY,1862.62,INR,CARD,AUTHENTICATION,TEMPORARY,7,1,0
pay_synth_02464,demo_company_001,RAZORPAY,553.56,INR,UPI,BANK,TEMPORARY,15,3,1
pay_synth_04929,demo_company_001,RAZORPAY,748.4,INR,NETBANKING,INSUFFICIENT_FUNDS,TEMPORARY,20,1,1
pay_synth_01088,demo_company_001,DEMO,4173.6,INR,UPI,NETWORK,TEMPORARY,15,5,1
pay_synth_03794,demo_company_001,RAZORPAY,9642.72,INR,CARD,CARD,PERMANENT,3,5,0
pay_synth_03745,demo_company_001,DEMO,5005.63,INR,CARD,INSUFFICIENT_FUNDS,TEMPORARY,17,0,0
pay_synth_02231,demo_company_001,RAZORPAY,2789.99,INR,UPI,NETWORK,TEMPORARY,5,1,1
pay_synth_02021,demo_company_001,STRIPE,26582.66,INR,CARD,AUTHENTICATION,TEMPORARY,19,6,1
pay_synth_04551,demo_company_001,STRIPE,2388.87,INR,UPI,AUTHENTICATION,TEMPORARY,6,1,1
pay_synth_04507,demo_company_001,RAZORPAY,1746.24,INR,UPI,PROVIDER,TEMPORARY,22,1,1
pay_synth_02251,demo_company_001,DEMO,4723.71,USD,NETBANKING,CARD,PERMANENT,8,0,0
pay_synth_00009,demo_company_001,RAZORPAY,5371.62,USD,UPI,CARD,PERMANENT,21,0,0
pay_synth_00152,demo_company_001,DEMO,2054.05,INR,UPI,INSUFFICIENT_FUNDS,TEMPORARY,19,2,1
pay_synth_02595,demo_company_001,DEMO,5518.42,INR,UPI,INSUFFICIENT_FUNDS,TEMPORARY,0,6,1
pay_synth_01012,demo_company_001,STRIPE,650.47,INR,NETBANKING,CARD,PERMANENT,6,3,1
pay_synth_03457,demo_company_001,RAZORPAY,426.83,INR,CARD,INSUFFICIENT_FUNDS,TEMPORARY,10,3,1
pay_synth_01144,demo_company_001,RAZORPAY,5921.49,INR,NETBANKING,BANK,TEMPORARY,0,2,1
pay_synth_03782,demo_company_001,DEMO,6181.83,INR,NETBANKING,INSUFFICIENT_FUNDS,TEMPORARY,14,5,1
pay_synth_01690,demo_company_001,RAZORPAY,2725.1,INR,UPI,CARD,PERMANENT,21,6,0
pay_synth_03937,demo_company_001,DEMO,3961.04,INR,UPI,CARD,PERMANENT,14,4,0
pay_synth_01985,demo_company_001,DEMO,2562.87,INR,NETBANKING,AUTHENTICATION,TEMPORARY,22,3,0
pay_synth_02046,demo_company_001,RAZORPAY,1492.75,INR,UPI,INSUFFICIENT_FUNDS,TEMPORARY,22,0,1
pay_synth_03946,demo_company_001,DEMO,3755.6,INR,NETBANKING,CUSTOMER_ACTION_REQUIRED,TEMPORARY,3,3,0
pay_synth_02375,demo_company_001,RAZORPAY,10385.65,INR,UPI,CUSTOMER_ACTION_REQUIRED,TEMPORARY,16,3,1
pay_synth_03997,demo_company_001,DEMO,1287.92,INR,UPI,CUSTOMER_ACTION_REQUIRED,TEMPORARY,10,0,1
pay_synth_00257,demo_company_001,STRIPE,904.93,INR,UPI,NETWORK,TEMPORARY,9,3,1
pay_synth_03762,demo_company_001,RAZORPAY,389.97,INR,CARD,AUTHENTICATION,TEMPORARY,19,2,0
pay_synth_01014,demo_company_001,DEMO,17545.06,INR,CARD,INSUFFICIENT_FUNDS,TEMPORARY,18,5,0
pay_synth_01379,demo_company_001,DEMO,4685.18,INR,WALLET,INSUFFICIENT_FUNDS,TEMPORARY,21,4,1
pay_synth_01126,demo_company_001,RAZORPAY,844.25,INR,CARD,CARD,PERMANENT,19,6,0
pay_synth_02802,demo_company_001,STRIPE,818.71,INR,UPI,INSUFFICIENT_FUNDS,TEMPORARY,16,2,1
pay_synth_01993,demo_company_001,RAZORPAY,1016.37,INR,UPI,TEMPORARY,TEMPORARY,23,6,1
pay_synth_01614,demo_company_001,DEMO,749.64,INR,UPI,TEMPORARY,TEMPORARY,1,3,1
pay_synth_04780,demo_company_001,DEMO,1948.43,INR,CARD,PROVIDER,TEMPORARY,12,2,1
pay_synth_03718,demo_company_001,DEMO,5071.12,INR,CARD,BANK,TEMPORARY,21,4,1
pay_synth_04309,demo_company_001,STRIPE,795.63,USD,UPI,INSUFFICIENT_FUNDS,TEMPORARY,15,4,1
pay_synth_00900,demo_company_001,DEMO,7602.26,INR,CARD,AUTHENTICATION,TEMPORARY,6,6,0
pay_synth_01258,demo_company_001,DEMO,835.98,INR,CARD,AUTHENTICATION,TEMPORARY,0,5,0
pay_synth_02942,demo_company_001,RAZORPAY,191.55,INR,CARD,CARD,PERMANENT,17,3,1
pay_synth_01565,demo_company_001,STRIPE,4590.43,INR,UPI,BANK,PERMANENT,14,6,1
pay_synth_04984,demo_company_001,STRIPE,326.1,USD,NETBANKING,AUTHENTICATION,TEMPORARY,4,0,1
pay_synth_03333,demo_company_001,DEMO,1090.41,INR,NETBANKING,NETWORK,TEMPORARY,18,2,1
pay_synth_02445,demo_company_001,DEMO,1452.94,INR,UPI,INSUFFICIENT_FUNDS,TEMPORARY,20,6,0
pay_synth_03728,demo_company_001,DEMO,1680.91,USD,UPI,BANK,PERMANENT,0,6,1
pay_synth_03043,demo_company_001,DEMO,333.87,INR,UPI,TEMPORARY,TEMPORARY,7,4,0
pay_synth_02095,demo_company_001,DEMO,1737.76,INR,UPI,NETWORK,TEMPORARY,23,3,1
pay_synth_04155,demo_company_001,DEMO,3058.09,INR,UPI,CARD,PERMANENT,19,3,0
pay_synth_00621,demo_company_001,DEMO,1624.72,INR,UPI,AUTHENTICATION,TEMPORARY,8,0,0
pay_synth_01393,demo_company_001,DEMO,1964.76,INR,CARD,CARD,PERMANENT,18,1,1
pay_synth_02369,demo_company_001,DEMO,574.94,INR,UPI,INSUFFICIENT_FUNDS,TEMPORARY,1,3,1
pay_synth_03421,demo_company_001,RAZORPAY,53345.18,INR,CARD,CUSTOMER_ACTION_REQUIRED,TEMPORARY,11,0,0
pay_synth_02619,demo_company_001,STRIPE,1213.17,USD,WALLET,INSUFFICIENT_FUNDS,TEMPORARY,22,0,1
pay_synth_02044,demo_company_001,DEMO,5625.4,INR,UPI,AUTHENTICATION,TEMPORARY,1,3,0
pay_synth_04233,demo_company_001,DEMO,1696.59,INR,NETBANKING,INSUFFICIENT_FUNDS,TEMPORARY,6,5,1
pay_synth_00753,demo_company_001,RAZORPAY,1199.58,INR,UPI,NETWORK,TEMPORARY,10,2,1
pay_synth_02279,demo_company_001,RAZORPAY,1040.12,INR,CARD,CARD,PERMANENT,11,0,0
pay_synth_00519,demo_company_001,STRIPE,17874.08,INR,UPI,CARD,PERMANENT,12,2,1
pay_synth_04553,demo_company_001,DEMO,4067.94,USD,CARD,CARD,PERMANENT,19,1,0
pay_synth_04606,demo_company_001,STRIPE,2341.76,INR,CARD,PROVIDER,TEMPORARY,0,0,0
pay_synth_04216,demo_company_001,STRIPE,1305.3,INR,UPI,INSUFFICIENT_FUNDS,TEMPORARY,12,2,0
pay_synth_01679,demo_company_001,DEMO,880.28,INR,CARD,NETWORK,TEMPORARY,1,1,0
pay_synth_02972,demo_company_001,DEMO,2512.85,INR,CARD,CUSTOMER_ACTION_REQUIRED,TEMPORARY,15,4,1
pay_synth_00426,demo_company_001,RAZORPAY,890.74,INR,CARD,BANK,PERMANENT,9,1,1
pay_synth_01446,demo_company_001,DEMO,1324.29,INR,CARD,BANK,TEMPORARY,9,3,0
pay_synth_03073,demo_company_001,DEMO,1793.97,INR,CARD,INSUFFICIENT_FUNDS,TEMPORARY,0,3,1
pay_synth_03525,demo_company_001,DEMO,1436.96,USD,CARD,NETWORK,TEMPORARY,19,0,1
pay_synth_00022,demo_company_001,DEMO,3575.22,INR,UPI,INSUFFICIENT_FUNDS,TEMPORARY,22,0,1
pay_synth_00760,demo_company_001,RAZORPAY,577.99,INR,UPI,CARD,PERMANENT,19,1,0
pay_synth_04244,demo_company_001,DEMO,5346.6,INR,CARD,AUTHENTICATION,TEMPORARY,9,2,1
pay_synth_03470,demo_company_001,DEMO,3827.86,INR,UPI,AUTHENTICATION,TEMPORARY,1,6,0
pay_synth_01045,demo_company_001,STRIPE,4696.53,INR,CARD,AUTHENTICATION,TEMPORARY,4,3,0
pay_synth_02322,demo_company_001,RAZORPAY,1178.48,INR,CARD,TEMPORARY,TEMPORARY,13,5,1
pay_synth_03926,demo_company_001,DEMO,7712.33,INR,CARD,INSUFFICIENT_FUNDS,TEMPORARY,6,1,0
pay_synth_03173,demo_company_001,DEMO,5168.21,INR,CARD,AUTHENTICATION,TEMPORARY,13,4,0
pay_synth_01279,demo_company_001,DEMO,2377.47,INR,NETBANKING,BANK,TEMPORARY,3,6,0
pay_synth_02183,demo_company_001,DEMO,3115.1,INR,CARD,NETWORK,TEMPORARY,7,1,1
pay_synth_03167,demo_company_001,STRIPE,3225.39,INR,UPI,AUTHENTICATION,TEMPORARY,10,3,0
pay_synth_03150,demo_company_001,DEMO,2838.54,INR,UPI,CARD,PERMANENT,16,0,0
pay_synth_00522,demo_company_001,DEMO,2914.93,INR,CARD,CARD,PERMANENT,13,6,1
pay_synth_01428,demo_company_001,STRIPE,1950.6,INR,CARD,CARD,PERMANENT,12,3,0
pay_synth_02580,demo_company_001,RAZORPAY,2490.1,INR,CARD,INSUFFICIENT_FUNDS,TEMPORARY,14,6,1
pay_synth_01200,demo_company_001,DEMO,1621.18,INR,UPI,TEMPORARY,TEMPORARY,11,6,1
pay_synth_01467,demo_company_001,STRIPE,7220.15,INR,CARD,INSUFFICIENT_FUNDS,TEMPORARY,21,1,1
pay_synth_04098,demo_company_001,DEMO,1284.33,INR,UPI,UNKNOWN,UNKNOWN,16,0,0
pay_synth_01749,demo_company_001,RAZORPAY,904.53,USD,WALLET,INSUFFICIENT_FUNDS,TEMPORARY,5,6,1
pay_synth_00813,demo_company_001,DEMO,543.17,USD,NETBANKING,INSUFFICIENT_FUNDS,TEMPORARY,0,1,1
pay_synth_01586,demo_company_001,DEMO,6706.84,INR,UPI,CARD,PERMANENT,13,1,0
pay_synth_04407,demo_company_001,STRIPE,2737.23,INR,UPI,INSUFFICIENT_FUNDS,TEMPORARY,23,6,0
pay_synth_04301,demo_company_001,DEMO,865.02,INR,UPI,INSUFFICIENT_FUNDS,TEMPORARY,21,5,1
pay_synth_02746,demo_company_001,RAZORPAY,724.09,INR,CARD,INSUFFICIENT_FUNDS,TEMPORARY,21,4,1
pay_synth_04352,demo_company_001,RAZORPAY,5668.95,INR,UPI,AUTHENTICATION,TEMPORARY,9,2,0
pay_synth_03654,demo_company_001,DEMO,1284.41,INR,CARD,NETWORK,TEMPORARY,14,5,0
pay_synth_02612,demo_company_001,DEMO,1957.21,INR,UPI,INSUFFICIENT_FUNDS,TEMPORARY,19,4,1
pay_synth_03242,demo_company_001,DEMO,4208.69,INR,CARD,INSUFFICIENT_FUNDS,TEMPORARY,5,6,1
pay_synth_01933,demo_company_001,RAZORPAY,710.01,INR,UPI,INSUFFICIENT_FUNDS,TEMPORARY,10,0,1
pay_synth_03319,demo_company_001,STRIPE,8302.28,INR,NETBANKING,PROVIDER,TEMPORARY,23,6,1
pay_synth_03736,demo_company_001,DEMO,1263.48,INR,WALLET,INSUFFICIENT_FUNDS,TEMPORARY,15,4,1
pay_synth_03048,demo_company_001,DEMO,1237.38,INR,UPI,NETWORK,TEMPORARY,7,2,1
pay_synth_04619,demo_company_001,DEMO,3926.13,INR,CARD,BANK,PERMANENT,19,0,0
pay_synth_02960,demo_company_001,STRIPE,4684.84,INR,UPI,UNKNOWN,UNKNOWN,14,6,0
pay_synth_03494,demo_company_001,STRIPE,1558.79,INR,NETBANKING,AUTHENTICATION,TEMPORARY,22,4,0
pay_synth_03854,demo_company_001,STRIPE,382.39,INR,CARD,INSUFFICIENT_FUNDS,TEMPORARY,5,1,0
pay_synth_02006,demo_company_001,RAZORPAY,1454.4,INR,UPI,CUSTOMER_ACTION_REQUIRED,TEMPORARY,18,1,0
pay_synth_02097,demo_company_001,RAZORPAY,4574.09,INR,NETBANKING,INSUFFICIENT_FUNDS,TEMPORARY,8,6,0
pay_synth_01357,demo_company_001,STRIPE,2377.97,INR,CARD,INSUFFICIENT_FUNDS,TEMPORARY,13,0,1
pay_synth_02681,demo_company_001,DEMO,1201.11,INR,NETBANKING,CARD,PERMANENT,17,6,0
pay_synth_00429,demo_company_001,DEMO,3373.47,INR,CARD,INSUFFICIENT_FUNDS,TEMPORARY,16,4,1
pay_synth_02379,demo_company_001,DEMO,189.24,INR,CARD,NETWORK,TEMPORARY,3,3,1
pay_synth_02686,demo_company_001,DEMO,6307.77,USD,CARD,CUSTOMER_ACTION_REQUIRED,TEMPORARY,21,4,0
pay_synth_00774,demo_company_001,DEMO,20483.47,INR,CARD,INSUFFICIENT_FUNDS,TEMPORARY,22,3,1
pay_synth_02807,demo_company_001,RAZORPAY,1806.5,INR,CARD,INSUFFICIENT_FUNDS,TEMPORARY,17,1,1
pay_synth_03424,demo_company_001,DEMO,4950.33,INR,UPI,CARD,PERMANENT,13,4,1
pay_synth_00353,demo_company_001,RAZORPAY,1491.61,INR,UPI,INSUFFICIENT_FUNDS,TEMPORARY,15,1,1
pay_synth_04003,demo_company_001,RAZORPAY,1321.15,INR,CARD,CARD,PERMANENT,7,5,0
pay_synth_00266,demo_company_001,RAZORPAY,846.05,INR,CARD,INSUFFICIENT_FUNDS,TEMPORARY,13,2,1
pay_synth_02317,demo_company_001,DEMO,1120.99,INR,UPI,AUTHENTICATION,TEMPORARY,2,5,1
pay_synth_04833,demo_company_001,RAZORPAY,1213.94,INR,UPI,BANK,PERMANENT,19,6,0
pay_synth_01052,demo_company_001,RAZORPAY,32312.56,USD,WALLET,INSUFFICIENT_FUNDS,TEMPORARY,4,5,1
pay_synth_00512,demo_company_001,DEMO,4599.77,INR,NETBANKING,NETWORK,TEMPORARY,2,4,1
pay_synth_04139,demo_company_001,RAZORPAY,1377.98,INR,CARD,CARD,PERMANENT,16,5,0
pay_synth_01538,demo_company_001,RAZORPAY,7132.16,INR,NETBANKING,NETWORK,TEMPORARY,4,0,0
pay_synth_04646,demo_company_001,RAZORPAY,8120.88,INR,CARD,AUTHENTICATION,TEMPORARY,3,1,1
pay_synth_01175,demo_company_001,RAZORPAY,364.28,INR,CARD,TEMPORARY,TEMPORARY,20,3,1
pay_synth_03708,demo_company_001,DEMO,539.47,INR,CARD,INSUFFICIENT_FUNDS,TEMPORARY,8,6,0
pay_synth_02112,demo_company_001,DEMO,3414.62,INR,NETBANKING,CARD,PERMANENT,9,3,0
pay_synth_01685,demo_company_001,DEMO,26782.09,INR,CARD,TEMPORARY,TEMPORARY,21,6,1
pay_synth_00249,demo_company_001,STRIPE,1436.83,INR,CARD,UNKNOWN,UNKNOWN,2,1,0
pay_synth_04248,demo_company_001,DEMO,3558.82,INR,CARD,CARD,PERMANENT,20,3,0
pay_synth_00632,demo_company_001,STRIPE,2497.49,INR,CARD,CARD,PERMANENT,5,1,0
pay_synth_00567,demo_company_001,DEMO,3404.38,INR,CARD,PROVIDER,TEMPORARY,4,5,0
pay_synth_01251,demo_company_001,RAZORPAY,1141.39,INR,CARD,NETWORK,TEMPORARY,0,5,1
pay_synth_01810,demo_company_001,DEMO,4961.53,INR,UPI,INSUFFICIENT_FUNDS,TEMPORARY,2,1,1
pay_synth_02300,demo_company_001,DEMO,546.52,INR,CARD,AUTHENTICATION,TEMPORARY,4,3,1
pay_synth_03492,demo_company_001,RAZORPAY,7356.66,INR,UPI,INSUFFICIENT_FUNDS,TEMPORARY,2,5,0
pay_synth_01976,demo_company_001,STRIPE,7253.83,INR,UPI,PROVIDER,TEMPORARY,20,3,0
pay_synth_03052,demo_company_001,DEMO,6202.13,INR,UPI,AUTHENTICATION,TEMPORARY,5,5,1
pay_synth_03031,demo_company_001,DEMO,1042.23,INR,UPI,AUTHENTICATION,TEMPORARY,23,6,1
pay_synth_04639,demo_company_001,RAZORPAY,1637.42,USD,UPI,CARD,PERMANENT,5,5,0
pay_synth_04845,demo_company_001,DEMO,1584.26,INR,UPI,BANK,UNKNOWN,9,2,0
pay_synth_04649,demo_company_001,STRIPE,2999.09,INR,CARD,BANK,TEMPORARY,14,1,0
pay_synth_01103,demo_company_001,STRIPE,1984.3,INR,UPI,CARD,PERMANENT,20,3,1
pay_synth_01159,demo_company_001,STRIPE,6180.68,INR,UPI,CARD,PERMANENT,6,3,0
pay_synth_03332,demo_company_001,RAZORPAY,2229.04,INR,CARD,AUTHENTICATION,TEMPORARY,15,1,1
pay_synth_01483,demo_company_001,RAZORPAY,4160.14,INR,CARD,NETWORK,TEMPORARY,2,5,0
pay_synth_01958,demo_company_001,DEMO,1945.13,INR,CARD,TEMPORARY,TEMPORARY,16,1,1
pay_synth_03194,demo_company_001,DEMO,860.68,INR,UPI,NETWORK,TEMPORARY,16,1,1
pay_synth_02092,demo_company_001,STRIPE,5219.48,INR,NETBANKING,INSUFFICIENT_FUNDS,TEMPORARY,20,6,1
pay_synth_03628,demo_company_001,STRIPE,1777.26,INR,NETBANKING,INSUFFICIENT_FUNDS,TEMPORARY,5,4,1
pay_synth_01016,demo_company_001,STRIPE,1682.56,USD,CARD,CUSTOMER_ACTION_REQUIRED,TEMPORARY,14,1,0
pay_synth_03790,demo_company_001,STRIPE,156.09,INR,CARD,CARD,PERMANENT,3,1,0
pay_synth_04558,demo_company_001,RAZORPAY,2711.27,INR,CARD,NETWORK,TEMPORARY,0,6,1
pay_synth_04281,demo_company_001,DEMO,1103.94,INR,UPI,PROVIDER,TEMPORARY,10,3,0
pay_synth_01273,demo_company_001,RAZORPAY,2611.91,INR,UPI,NETWORK,TEMPORARY,22,4,1
pay_synth_04684,demo_company_001,DEMO,1572.4,INR,NETBANKING,INSUFFICIENT_FUNDS,TEMPORARY,18,2,1
pay_synth_00352,demo_company_001,STRIPE,4587.66,INR,WALLET,CARD,PERMANENT,21,4,1
pay_synth_02778,demo_company_001,DEMO,2192.55,INR,NETBANKING,CUSTOMER_ACTION_REQUIRED,TEMPORARY,12,5,0
pay_synth_00629,demo_company_001,DEMO,4072.38,INR,CARD,INSUFFICIENT_FUNDS,TEMPORARY,12,4,0
pay_synth_01872,demo_company_001,DEMO,1241.4,INR,UPI,AUTHENTICATION,TEMPORARY,10,2,1
pay_synth_04426,demo_company_001,DEMO,5482.01,INR,CARD,CARD,PERMANENT,20,5,0
pay_synth_01068,demo_company_001,DEMO,12278.95,INR,UPI,AUTHENTICATION,TEMPORARY,13,2,1
pay_synth_01296,demo_company_001,DEMO,24767.15,INR,NETBANKING,INSUFFICIENT_FUNDS,TEMPORARY,17,0,1
pay_synth_04294,demo_company_001,STRIPE,1650.99,INR,CARD,INSUFFICIENT_FUNDS,TEMPORARY,23,1,1
pay_synth_00617,demo_company_001,DEMO,15340.97,INR,NETBANKING,CUSTOMER_ACTION_REQUIRED,TEMPORARY,13,5,0
pay_synth_03061,demo_company_001,DEMO,370.78,INR,CARD,BANK,UNKNOWN,8,5,0
pay_synth_04196,demo_company_001,DEMO,1876.97,USD,UPI,INSUFFICIENT_FUNDS,TEMPORARY,1,4,1
pay_synth_01347,demo_company_001,DEMO,967.86,INR,UPI,TEMPORARY,TEMPORARY,3,0,1
pay_synth_03770,demo_company_001,DEMO,7100.85,INR,UPI,INSUFFICIENT_FUNDS,TEMPORARY,22,5,1
pay_synth_00967,demo_company_001,RAZORPAY,2884.95,INR,NETBANKING,INSUFFICIENT_FUNDS,TEMPORARY,16,1,1
pay_synth_04225,demo_company_001,RAZORPAY,311.34,INR,NETBANKING,NETWORK,TEMPORARY,21,2,1
pay_synth_02854,demo_company_001,STRIPE,605.38,INR,UPI,NETWORK,TEMPORARY,1,4,1
pay_synth_01006,demo_company_001,RAZORPAY,1533.6,INR,WALLET,TEMPORARY,TEMPORARY,0,5,1
pay_synth_00392,demo_company_001,DEMO,1809.63,USD,CARD,NETWORK,TEMPORARY,17,4,1
pay_synth_01703,demo_company_001,DEMO,4517.28,INR,UPI,INSUFFICIENT_FUNDS,TEMPORARY,20,5,0
pay_synth_01210,demo_company_001,STRIPE,6230.56,INR,UPI,AUTHENTICATION,TEMPORARY,14,2,1
pay_synth_00690,demo_company_001,DEMO,1040.32,INR,CARD,INSUFFICIENT_FUNDS,TEMPORARY,6,4,1
pay_synth_03826,demo_company_001,DEMO,1190.57,INR,UPI,INSUFFICIENT_FUNDS,TEMPORARY,7,1,1
pay_synth_00598,demo_company_001,DEMO,1044.8,INR,CARD,NETWORK,TEMPORARY,5,5,1
pay_synth_02240,demo_company_001,DEMO,295.88,INR,UPI,UNKNOWN,UNKNOWN,7,3,1
pay_synth_03748,demo_company_001,DEMO,489.51,INR,UPI,CARD,PERMANENT,16,4,0
pay_synth_03679,demo_company_001,STRIPE,8662.02,INR,CARD,AUTHENTICATION,TEMPORARY,12,5,0
pay_synth_04660,demo_company_001,RAZORPAY,4147.94,INR,NETBANKING,UNKNOWN,UNKNOWN,13,5,0
pay_synth_01738,demo_company_001,DEMO,503.55,INR,UPI,NETWORK,TEMPORARY,20,2,1
pay_synth_02978,demo_company_001,DEMO,517.22,INR,CARD,INSUFFICIENT_FUNDS,TEMPORARY,10,0,1
pay_synth_00049,demo_company_001,RAZORPAY,1132.52,INR,UPI,CARD,PERMANENT,2,4,0
pay_synth_03933,demo_company_001,RAZORPAY,6763.99,INR,UPI,INSUFFICIENT_FUNDS,TEMPORARY,6,5,0
pay_synth_00712,demo_company_001,RAZORPAY,8520.91,INR,WALLET,INSUFFICIENT_FUNDS,TEMPORARY,2,5,0
pay_synth_00335,demo_company_001,DEMO,808.19,INR,WALLET,INSUFFICIENT_FUNDS,TEMPORARY,23,2,1
pay_synth_02459,demo_company_001,DEMO,5060.35,INR,UPI,AUTHENTICATION,TEMPORARY,9,2,1
pay_synth_00228,demo_company_001,DEMO,3336.6,INR,NETBANKING,BANK,PERMANENT,18,4,0
pay_synth_00452,demo_company_001,RAZORPAY,218.47,INR,UPI,TEMPORARY,TEMPORARY,21,2,1
pay_synth_03227,demo_company_001,DEMO,762.4,INR,UPI,AUTHENTICATION,TEMPORARY,23,3,0
pay_synth_03793,demo_company_001,RAZORPAY,4721.23,INR,UPI,NETWORK,TEMPORARY,20,5,1
pay_synth_02976,demo_company_001,DEMO,1387.87,INR,UPI,CARD,PERMANENT,16,6,1
pay_synth_03034,demo_company_001,DEMO,2892.67,INR,UPI,INSUFFICIENT_FUNDS,TEMPORARY,10,3,1
pay_synth_00418,demo_company_001,DEMO,1614.92,INR,UPI,INSUFFICIENT_FUNDS,TEMPORARY,20,5,1
pay_synth_02348,demo_company_001,DEMO,508.88,INR,CARD,BANK,PERMANENT,18,1,0
pay_synth_04160,demo_company_001,RAZORPAY,886.05,INR,UPI,INSUFFICIENT_FUNDS,TEMPORARY,18,5,1
pay_synth_04089,demo_company_001,STRIPE,4118.51,INR,UPI,INSUFFICIENT_FUNDS,TEMPORARY,11,5,1
pay_synth_04723,demo_company_001,DEMO,2245.24,INR,CARD,AUTHENTICATION,TEMPORARY,7,3,1
pay_synth_00831,demo_company_001,DEMO,5515.13,INR,WALLET,INSUFFICIENT_FUNDS,TEMPORARY,19,1,1
pay_synth_01150,demo_company_001,STRIPE,314.81,INR,NETBANKING,PROVIDER,TEMPORARY,9,3,1
pay_synth_01721,demo_company_001,DEMO,2292.07,INR,CARD,INSUFFICIENT_FUNDS,TEMPORARY,12,5,0
pay_synth_03916,demo_company_001,DEMO,550.16,INR,CARD,CARD,PERMANENT,11,0,0
pay_synth_04732,demo_company_001,DEMO,431.9,INR,CARD,INSUFFICIENT_FUNDS,TEMPORARY,4,4,1
pay_synth_04741,demo_company_001,RAZORPAY,1727.17,INR,UPI,PROVIDER,TEMPORARY,21,6,1
pay_synth_01832,demo_company_001,RAZORPAY,2345.52,INR,UPI,BANK,TEMPORARY,14,2,1
pay_synth_04214,demo_company_001,DEMO,9882.82,INR,UPI,PROVIDER,TEMPORARY,20,6,0
pay_synth_03032,demo_company_001,DEMO,646.57,INR,CARD,AUTHENTICATION,TEMPORARY,6,4,1
pay_synth_02088,demo_company_001,RAZORPAY,652.2,INR,CARD,NETWORK,TEMPORARY,5,0,1
pay_synth_03731,demo_company_001,DEMO,14997.12,INR,UPI,AUTHENTICATION,TEMPORARY,14,0,0
pay_synth_03278,demo_company_001,DEMO,475.43,INR,UPI,CARD,PERMANENT,9,2,0
pay_synth_03913,demo_company_001,DEMO,1353.33,INR,NETBANKING,NETWORK,TEMPORARY,16,3,0
pay_synth_01265,demo_company_001,DEMO,3700.82,INR,NETBANKING,CARD,PERMANENT,9,4,0
pay_synth_01420,demo_company_001,STRIPE,1072.44,INR,CARD,NETWORK,TEMPORARY,9,6,1
pay_synth_01629,demo_company_001,DEMO,239.7,USD,CARD,AUTHENTICATION,TEMPORARY,17,1,1
pay_synth_04491,demo_company_001,DEMO,4292.66,INR,CARD,PROVIDER,TEMPORARY,13,0,0
pay_synth_00116,demo_company_001,STRIPE,10487.16,INR,CARD,INSUFFICIENT_FUNDS,TEMPORARY,3,3,0
pay_synth_04130,demo_company_001,DEMO,8608.91,USD,WALLET,INSUFFICIENT_FUNDS,TEMPORARY,13,0,1
pay_synth_04571,demo_company_001,RAZORPAY,1224.64,INR,UPI,INSUFFICIENT_FUNDS,TEMPORARY,0,3,1
pay_synth_03017,demo_company_001,RAZORPAY,3844.17,INR,CARD,BANK,TEMPORARY,12,1,0
pay_synth_04920,demo_company_001,DEMO,1314.59,INR,UPI,NETWORK,TEMPORARY,18,3,1
pay_synth_01344,demo_company_001,RAZORPAY,570.62,INR,NETBANKING,PROVIDER,TEMPORARY,17,3,1
pay_synth_02253,demo_company_001,RAZORPAY,1387.68,INR,UPI,BANK,UNKNOWN,8,0,1
pay_synth_00093,demo_company_001,RAZORPAY,2466.52,INR,NETBANKING,AUTHENTICATION,TEMPORARY,7,2,0
pay_synth_04127,demo_company_001,RAZORPAY,2320.7,INR,UPI,CARD,PERMANENT,7,0,0
pay_synth_04422,demo_company_001,STRIPE,6027.74,INR,CARD,NETWORK,TEMPORARY,6,1,1
pay_synth_00416,demo_company_001,DEMO,4254.51,INR,UPI,BANK,UNKNOWN,0,1,1
pay_synth_03589,demo_company_001,DEMO,9105.57,INR,CARD,INSUFFICIENT_FUNDS,TEMPORARY,23,6,1
pay_synth_02411,demo_company_001,RAZORPAY,430.71,USD,UPI,CARD,PERMANENT,18,5,1
pay_synth_03771,demo_company_001,RAZORPAY,1279.91,INR,UPI,NETWORK,TEMPORARY,18,5,1
pay_synth_01121,demo_company_001,STRIPE,430.07,INR,UPI,CARD,PERMANENT,1,4,0
pay_synth_00932,demo_company_001,STRIPE,5693.43,INR,UPI,AUTHENTICATION,TEMPORARY,2,1,1
pay_synth_00930,demo_company_001,DEMO,3027.39,INR,NETBANKING,PROVIDER,TEMPORARY,16,6,1
pay_synth_04059,demo_company_001,STRIPE,1925.44,INR,UPI,AUTHENTICATION,TEMPORARY,14,2,1
pay_synth_04109,demo_company_001,STRIPE,1935.81,INR,UPI,BANK,TEMPORARY,2,1,0
pay_synth_02656,demo_company_001,DEMO,1503.81,INR,CARD,INSUFFICIENT_FUNDS,TEMPORARY,8,6,1
pay_synth_01450,demo_company_001,RAZORPAY,1671.36,INR,CARD,PROVIDER,TEMPORARY,5,6,1
pay_synth_00961,demo_company_001,DEMO,1322.72,INR,UPI,AUTHENTICATION,TEMPORARY,3,1,0
pay_synth_01961,demo_company_001,DEMO,2691.61,INR,CARD,TEMPORARY,TEMPORARY,6,3,1
pay_synth_04658,demo_company_001,RAZORPAY,4567.39,INR,UPI,CARD,PERMANENT,13,4,0
pay_synth_00597,demo_company_001,RAZORPAY,299.66,INR,UPI,NETWORK,TEMPORARY,5,5,1
pay_synth_00812,demo_company_001,STRIPE,4470.99,INR,WALLET,CARD,PERMANENT,2,2,0
pay_synth_00112,demo_company_001,DEMO,3077.99,INR,NETBANKING,INSUFFICIENT_FUNDS,TEMPORARY,15,0,1
pay_synth_04898,demo_company_001,DEMO,2258.52,USD,CARD,INSUFFICIENT_FUNDS,TEMPORARY,8,2,1
pay_synth_02412,demo_company_001,DEMO,426.57,INR,UPI,PROVIDER,TEMPORARY,12,5,1
pay_synth_04501,demo_company_001,RAZORPAY,2990.62,INR,CARD,CARD,PERMANENT,11,4,0
pay_synth_04718,demo_company_001,STRIPE,10607.3,INR,UPI,PROVIDER,TEMPORARY,21,5,1
pay_synth_03323,demo_company_001,RAZORPAY,7028.89,INR,UPI,NETWORK,TEMPORARY,23,5,1
pay_synth_04169,demo_company_001,DEMO,1409.55,INR,UPI,INSUFFICIENT_FUNDS,TEMPORARY,5,2,1
pay_synth_02153,demo_company_001,RAZORPAY,622.18,USD,WALLET,INSUFFICIENT_FUNDS,TEMPORARY,13,0,1
pay_synth_04456,demo_company_001,DEMO,5361.17,INR,UPI,AUTHENTICATION,TEMPORARY,13,5,1
pay_synth_02892,demo_company_001,RAZORPAY,1061.29,INR,CARD,NETWORK,TEMPORARY,14,2,1
pay_synth_00453,demo_company_001,DEMO,167.35,INR,UPI,BANK,PERMANENT,8,4,0
pay_synth_00735,demo_company_001,DEMO,2221.83,INR,CARD,AUTHENTICATION,TEMPORARY,0,3,0
pay_synth_02919,demo_company_001,DEMO,806.65,INR,UPI,INSUFFICIENT_FUNDS,TEMPORARY,21,1,1
pay_synth_02510,demo_company_001,STRIPE,5401.12,INR,NETBANKING,PROVIDER,TEMPORARY,13,6,1
pay_synth_02890,demo_company_001,STRIPE,2035.25,INR,UPI,BANK,TEMPORARY,6,6,0
pay_synth_01713,demo_company_001,RAZORPAY,854.52,USD,CARD,CARD,PERMANENT,19,2,0
pay_synth_00906,demo_company_001,STRIPE,3377.71,INR,CARD,AUTHENTICATION,TEMPORARY,16,1,1
pay_synth_04744,demo_company_001,STRIPE,587.2,INR,CARD,AUTHENTICATION,TEMPORARY,4,6,1
pay_synth_00529,demo_company_001,DEMO,1111.64,INR,UPI,PROVIDER,TEMPORARY,4,1,1
pay_synth_00081,demo_company_001,STRIPE,1239.43,INR,UPI,NETWORK,TEMPORARY,8,3,1
pay_synth_03287,demo_company_001,DEMO,8170.09,INR,UPI,PROVIDER,TEMPORARY,22,5,1
pay_synth_02616,demo_company_001,DEMO,2355.58,INR,UPI,NETWORK,TEMPORARY,11,4,0
pay_synth_04370,demo_company_001,DEMO,1833.49,USD,CARD,BANK,TEMPORARY,9,5,1
pay_synth_00148,demo_company_001,RAZORPAY,3306.76,INR,NETBANKING,NETWORK,TEMPORARY,22,4,0
pay_synth_02023,demo_company_001,STRIPE,3375.4,INR,WALLET,PROVIDER,TEMPORARY,0,6,1
pay_synth_02559,demo_company_001,DEMO,453.97,INR,CARD,PROVIDER,TEMPORARY,7,1,1
pay_synth_02529,demo_company_001,DEMO,548.0,INR,CARD,NETWORK,TEMPORARY,0,0,1
pay_synth_00087,demo_company_001,RAZORPAY,2852.75,INR,CARD,CARD,PERMANENT,22,1,0
pay_synth_04008,demo_company_001,DEMO,964.9,INR,CARD,NETWORK,TEMPORARY,22,5,1
pay_synth_02864,demo_company_001,RAZORPAY,1509.92,INR,CARD,AUTHENTICATION,TEMPORARY,6,3,0
pay_synth_02074,demo_company_001,STRIPE,3395.12,INR,UPI,TEMPORARY,TEMPORARY,6,4,0
pay_synth_00175,demo_company_001,RAZORPAY,5597.99,INR,UPI,INSUFFICIENT_FUNDS,TEMPORARY,22,0,0
pay_synth_01381,demo_company_001,DEMO,4746.36,INR,CARD,AUTHENTICATION,TEMPORARY,8,4,0
pay_synth_03327,demo_company_001,STRIPE,4522.07,INR,UPI,AUTHENTICATION,TEMPORARY,0,5,1
pay_synth_04816,demo_company_001,STRIPE,1260.51,INR,CARD,AUTHENTICATION,TEMPORARY,6,1,1
pay_synth_04665,demo_company_001,STRIPE,6538.1,INR,UPI,INSUFFICIENT_FUNDS,TEMPORARY,9,1,1
pay_synth_02249,demo_company_001,RAZORPAY,709.87,INR,UPI,INSUFFICIENT_FUNDS,TEMPORARY,1,5,1
pay_synth_03315,demo_company_001,DEMO,1942.09,INR,UPI,NETWORK,TEMPORARY,6,6,1
pay_synth_03562,demo_company_001,STRIPE,1313.34,INR,NETBANKING,AUTHENTICATION,TEMPORARY,20,1,1
pay_synth_01956,demo_company_001,STRIPE,9302.66,INR,UPI,BANK,TEMPORARY,21,4,1
pay_synth_00666,demo_company_001,DEMO,4189.0,INR,CARD,INSUFFICIENT_FUNDS,TEMPORARY,22,1,1
pay_synth_03936,demo_company_001,RAZORPAY,1729.0,INR,CARD,INSUFFICIENT_FUNDS,TEMPORARY,13,6,1
pay_synth_02213,demo_company_001,DEMO,459.92,INR,UPI,UNKNOWN,UNKNOWN,1,6,1
pay_synth_02451,demo_company_001,DEMO,3512.51,INR,CARD,PROVIDER,TEMPORARY,7,2,1
pay_synth_04183,demo_company_001,RAZORPAY,4385.36,INR,UPI,PROVIDER,TEMPORARY,0,2,1
pay_synth_03833,demo_company_001,STRIPE,6273.86,INR,CARD,CARD,PERMANENT,12,6,0
pay_synth_01975,demo_company_001,DEMO,1662.79,INR,CARD,INSUFFICIENT_FUNDS,TEMPORARY,1,6,0
pay_synth_01533,demo_company_001,RAZORPAY,344.0,INR,NETBANKING,CUSTOMER_ACTION_REQUIRED,TEMPORARY,4,3,0
pay_synth_02248,demo_company_001,STRIPE,376.35,INR,NETBANKING,INSUFFICIENT_FUNDS,TEMPORARY,19,1,0
pay_synth_04339,demo_company_001,DEMO,8466.54,INR,UPI,AUTHENTICATION,TEMPORARY,23,2,1
pay_synth_03429,demo_company_001,STRIPE,4806.19,INR,UPI,INSUFFICIENT_FUNDS,TEMPORARY,10,0,1
pay_synth_01436,demo_company_001,DEMO,32956.43,INR,CARD,NETWORK,TEMPORARY,13,5,1
pay_synth_03898,demo_company_001,STRIPE,876.15,INR,CARD,INSUFFICIENT_FUNDS,TEMPORARY,20,0,1
pay_synth_00297,demo_company_001,RAZORPAY,900.39,INR,CARD,PROVIDER,TEMPORARY,21,5,1
pay_synth_04789,demo_company_001,DEMO,3725.6,INR,CARD,INSUFFICIENT_FUNDS,TEMPORARY,12,2,0
pay_synth_04630,demo_company_001,RAZORPAY,1070.32,INR,UPI,INSUFFICIENT_FUNDS,TEMPORARY,15,1,1
pay_synth_03459,demo_company_001,RAZORPAY,1877.34,INR,WALLET,UNKNOWN,UNKNOWN,18,3,0
pay_synth_04720,demo_company_001,STRIPE,2344.29,INR,CARD,AUTHENTICATION,TEMPORARY,7,0,0
pay_synth_01551,demo_company_001,STRIPE,866.83,INR,UPI,INSUFFICIENT_FUNDS,TEMPORARY,14,3,1
pay_synth_02423,demo_company_001,RAZORPAY,471.39,INR,UPI,INSUFFICIENT_FUNDS,TEMPORARY,6,5,1
pay_synth_03667,demo_company_001,STRIPE,1334.96,INR,CARD,AUTHENTICATION,TEMPORARY,9,0,0
pay_synth_00839,demo_company_001,RAZORPAY,655.96,INR,CARD,CARD,PERMANENT,10,1,1
pay_synth_04825,demo_company_001,RAZORPAY,2907.87,INR,CARD,AUTHENTICATION,TEMPORARY,14,2,1
pay_synth_03780,demo_company_001,STRIPE,687.88,INR,UPI,CARD,PERMANENT,20,1,0
pay_synth_03316,demo_company_001,RAZORPAY,910.19,INR,UPI,INSUFFICIENT_FUNDS,TEMPORARY,23,4,0
pay_synth_03170,demo_company_001,DEMO,995.5,INR,UPI,CARD,PERMANENT,1,0,0
pay_synth_00456,demo_company_001,DEMO,2561.11,INR,UPI,AUTHENTICATION,TEMPORARY,13,2,1
pay_synth_00159,demo_company_001,DEMO,8374.16,INR,CARD,CUSTOMER_ACTION_REQUIRED,TEMPORARY,1,0,1
pay_synth_04064,demo_company_001,DEMO,4062.78,INR,UPI,AUTHENTICATION,TEMPORARY,4,4,0
pay_synth_04503,demo_company_001,DEMO,1167.22,INR,CARD,INSUFFICIENT_FUNDS,TEMPORARY,17,1,1
pay_synth_00197,demo_company_001,RAZORPAY,747.71,USD,CARD,CARD,PERMANENT,18,2,0
pay_synth_04199,demo_company_001,DEMO,6498.67,INR,CARD,CARD,PERMANENT,21,4,0
pay_synth_00459,demo_company_001,DEMO,1624.8,INR,WALLET,INSUFFICIENT_FUNDS,TEMPORARY,10,5,1
pay_synth_04538,demo_company_001,RAZORPAY,9465.73,INR,CARD,INSUFFICIENT_FUNDS,TEMPORARY,20,1,0
pay_synth_01434,demo_company_001,RAZORPAY,1425.08,INR,CARD,AUTHENTICATION,TEMPORARY,22,1,1
pay_synth_00187,demo_company_001,STRIPE,2668.46,INR,CARD,BANK,TEMPORARY,11,2,1
pay_synth_03493,demo_company_001,STRIPE,3390.75,INR,CARD,INSUFFICIENT_FUNDS,TEMPORARY,14,4,0
pay_synth_04070,demo_company_001,STRIPE,7299.52,USD,UPI,INSUFFICIENT_FUNDS,TEMPORARY,4,6,1
pay_synth_02831,demo_company_001,DEMO,2659.29,INR,UPI,AUTHENTICATION,TEMPORARY,11,5,0
pay_synth_02752,demo_company_001,RAZORPAY,2031.96,INR,CARD,INSUFFICIENT_FUNDS,TEMPORARY,0,1,0
pay_synth_04539,demo_company_001,DEMO,777.84,INR,UPI,PROVIDER,TEMPORARY,8,2,1
pay_synth_01169,demo_company_001,DEMO,3271.87,INR,UPI,AUTHENTICATION,TEMPORARY,9,6,0
pay_synth_00935,demo_company_001,DEMO,475.15,INR,UPI,AUTHENTICATION,TEMPORARY,15,2,1
pay_synth_01744,demo_company_001,DEMO,3622.79,INR,NETBANKING,UNKNOWN,UNKNOWN,7,5,0
pay_synth_04850,demo_company_001,DEMO,18974.51,INR,CARD,AUTHENTICATION,TEMPORARY,12,2,0
pay_synth_03696,demo_company_001,DEMO,858.53,INR,CARD,INSUFFICIENT_FUNDS,TEMPORARY,22,5,1
pay_synth_00793,demo_company_001,RAZORPAY,1776.06,INR,WALLET,BANK,TEMPORARY,8,3,0
pay_synth_02687,demo_company_001,DEMO,6415.21,INR,CARD,NETWORK,TEMPORARY,23,3,1
pay_synth_00817,demo_company_001,RAZORPAY,4360.65,USD,UPI,PROVIDER,TEMPORARY,13,2,1
pay_synth_02914,demo_company_001,STRIPE,2164.97,INR,UPI,INSUFFICIENT_FUNDS,TEMPORARY,7,0,0
pay_synth_00089,demo_company_001,STRIPE,1198.27,INR,CARD,CARD,PERMANENT,9,6,0
pay_synth_02197,demo_company_001,DEMO,6270.09,INR,UPI,BANK,PERMANENT,4,1,0
pay_synth_04377,demo_company_001,DEMO,614.83,INR,CARD,BANK,TEMPORARY,7,0,1
pay_synth_02266,demo_company_001,RAZORPAY,5252.72,INR,UPI,AUTHENTICATION,TEMPORARY,15,2,1
pay_synth_03739,demo_company_001,RAZORPAY,1206.69,INR,UPI,INSUFFICIENT_FUNDS,TEMPORARY,11,4,1
pay_synth_04082,demo_company_001,DEMO,666.95,INR,CARD,BANK,TEMPORARY,22,2,0
pay_synth_01189,demo_company_001,DEMO,1513.66,INR,UPI,INSUFFICIENT_FUNDS,TEMPORARY,8,5,1
pay_synth_02512,demo_company_001,STRIPE,12964.08,USD,WALLET,UNKNOWN,UNKNOWN,2,3,0
pay_synth_03259,demo_company_001,DEMO,100.0,INR,CARD,INSUFFICIENT_FUNDS,TEMPORARY,21,2,1
pay_synth_01196,demo_company_001,STRIPE,2142.26,INR,UPI,INSUFFICIENT_FUNDS,TEMPORARY,21,5,1
pay_synth_04238,demo_company_001,RAZORPAY,5416.35,INR,UPI,INSUFFICIENT_FUNDS,TEMPORARY,6,1,1
pay_synth_00124,demo_company_001,DEMO,7241.84,INR,CARD,CARD,PERMANENT,19,5,0
pay_synth_00736,demo_company_001,STRIPE,3294.68,INR,CARD,INSUFFICIENT_FUNDS,TEMPORARY,8,1,1
pay_synth_01658,demo_company_001,DEMO,3563.89,INR,UPI,UNKNOWN,UNKNOWN,1,0,0
pay_synth_03148,demo_company_001,RAZORPAY,2428.05,INR,NETBANKING,NETWORK,TEMPORARY,12,1,1
pay_synth_00055,demo_company_001,RAZORPAY,7092.62,INR,UPI,NETWORK,TEMPORARY,6,1,1
pay_synth_00354,demo_company_001,DEMO,2898.23,INR,CARD,BANK,PERMANENT,12,5,1
pay_synth_01363,demo_company_001,RAZORPAY,734.26,INR,UPI,CARD,PERMANENT,8,0,1
pay_synth_01281,demo_company_001,RAZORPAY,727.11,INR,NETBANKING,INSUFFICIENT_FUNDS,TEMPORARY,16,2,1
pay_synth_00869,demo_company_001,STRIPE,1283.63,INR,NETBANKING,NETWORK,TEMPORARY,22,5,1
pay_synth_03570,demo_company_001,STRIPE,2024.33,INR,UPI,PROVIDER,TEMPORARY,6,3,1
pay_synth_01502,demo_company_001,DEMO,360.64,INR,UPI,PROVIDER,TEMPORARY,19,0,1
pay_synth_00832,demo_company_001,DEMO,1347.5,INR,CARD,INSUFFICIENT_FUNDS,TEMPORARY,15,3,1
pay_synth_00826,demo_company_001,STRIPE,377.67,INR,UPI,NETWORK,TEMPORARY,21,5,1
pay_synth_00594,demo_company_001,DEMO,10344.5,INR,WALLET,INSUFFICIENT_FUNDS,TEMPORARY,11,3,1
pay_synth_02400,demo_company_001,RAZORPAY,2023.88,INR,UPI,INSUFFICIENT_FUNDS,TEMPORARY,5,5,1
pay_synth_04582,demo_company_001,DEMO,1190.89,INR,CARD,INSUFFICIENT_FUNDS,TEMPORARY,21,3,1
pay_synth_04936,demo_company_001,DEMO,3839.42,INR,UPI,TEMPORARY,TEMPORARY,23,1,1
pay_synth_02639,demo_company_001,STRIPE,5050.72,INR,UPI,AUTHENTICATION,TEMPORARY,9,3,1
pay_synth_02102,demo_company_001,RAZORPAY,4869.76,INR,UPI,INSUFFICIENT_FUNDS,TEMPORARY,2,5,1
pay_synth_04861,demo_company_001,RAZORPAY,2686.72,INR,NETBANKING,INSUFFICIENT_FUNDS,TEMPORARY,4,3,0
pay_synth_04527,demo_company_001,RAZORPAY,2510.88,USD,NETBANKING,AUTHENTICATION,TEMPORARY,8,2,1
pay_synth_02319,demo_company_001,DEMO,3776.75,INR,UPI,INSUFFICIENT_FUNDS,TEMPORARY,19,1,1
pay_synth_00108,demo_company_001,RAZORPAY,2330.61,INR,UPI,NETWORK,TEMPORARY,20,4,1
pay_synth_04143,demo_company_001,DEMO,1501.01,INR,WALLET,NETWORK,TEMPORARY,12,1,0
pay_synth_01050,demo_company_001,DEMO,2144.15,INR,NETBANKING,INSUFFICIENT_FUNDS,TEMPORARY,15,4,1
pay_synth_02116,demo_company_001,DEMO,13368.09,INR,NETBANKING,INSUFFICIENT_FUNDS,TEMPORARY,3,3,0
pay_synth_04483,demo_company_001,RAZORPAY,1605.22,INR,CARD,INSUFFICIENT_FUNDS,TEMPORARY,6,5,1
pay_synth_01478,demo_company_001,RAZORPAY,273.07,INR,UPI,CARD,PERMANENT,18,5,0
pay_synth_03920,demo_company_001,STRIPE,1371.82,INR,CARD,AUTHENTICATION,TEMPORARY,16,3,1
pay_synth_01740,demo_company_001,DEMO,4297.12,INR,NETBANKING,INSUFFICIENT_FUNDS,TEMPORARY,7,5,1
pay_synth_04335,demo_company_001,DEMO,2533.09,INR,UPI,AUTHENTICATION,TEMPORARY,16,2,0
pay_synth_04010,demo_company_001,DEMO,6590.78,INR,CARD,UNKNOWN,UNKNOWN,15,2,1
pay_synth_00048,demo_company_001,RAZORPAY,2170.17,INR,CARD,INSUFFICIENT_FUNDS,TEMPORARY,1,6,1
pay_synth_00477,demo_company_001,DEMO,4787.52,INR,UPI,INSUFFICIENT_FUNDS,TEMPORARY,17,0,1
pay_synth_03837,demo_company_001,STRIPE,2277.91,INR,CARD,TEMPORARY,TEMPORARY,13,1,1
pay_synth_02903,demo_company_001,DEMO,2254.93,INR,UPI,INSUFFICIENT_FUNDS,TEMPORARY,10,5,1
pay_synth_04956,demo_company_001,RAZORPAY,7321.22,INR,UPI,CARD,PERMANENT,16,4,0
pay_synth_04019,demo_company_001,DEMO,3963.21,INR,UPI,TEMPORARY,TEMPORARY,2,3,1
pay_synth_02806,demo_company_001,STRIPE,10566.13,INR,UPI,BANK,UNKNOWN,15,1,0
pay_synth_04050,demo_company_001,DEMO,1762.16,INR,CARD,INSUFFICIENT_FUNDS,TEMPORARY,3,0,1
pay_synth_01861,demo_company_001,RAZORPAY,15075.6,INR,UPI,CUSTOMER_ACTION_REQUIRED,TEMPORARY,0,4,0
pay_synth_02590,demo_company_001,RAZORPAY,1677.67,INR,UPI,CARD,PERMANENT,0,4,0
pay_synth_00834,demo_company_001,DEMO,4076.21,INR,UPI,INSUFFICIENT_FUNDS,TEMPORARY,20,0,1
pay_synth_04807,demo_company_001,DEMO,437.77,INR,CARD,INSUFFICIENT_FUNDS,TEMPORARY,6,3,1
pay_synth_02602,demo_company_001,DEMO,6351.95,INR,UPI,AUTHENTICATION,TEMPORARY,1,3,0
pay_synth_03564,demo_company_001,DEMO,3652.77,INR,NETBANKING,NETWORK,TEMPORARY,19,6,1
pay_synth_01468,demo_company_001,DEMO,1118.56,INR,UPI,CARD,PERMANENT,13,1,0
pay_synth_01534,demo_company_001,DEMO,435.49,INR,UPI,INSUFFICIENT_FUNDS,TEMPORARY,12,4,1
pay_synth_04185,demo_company_001,DEMO,714.04,INR,CARD,NETWORK,TEMPORARY,2,6,1
pay_synth_04959,demo_company_001,DEMO,2353.52,USD,CARD,NETWORK,TEMPORARY,17,2,1
pay_synth_00721,demo_company_001,STRIPE,873.98,INR,UPI,CARD,PERMANENT,16,6,0
pay_synth_00726,demo_company_001,STRIPE,4066.49,INR,CARD,AUTHENTICATION,TEMPORARY,2,1,0
pay_synth_01480,demo_company_001,DEMO,3983.14,INR,UPI,BANK,TEMPORARY,5,3,1
pay_synth_02784,demo_company_001,RAZORPAY,1784.17,INR,UPI,INSUFFICIENT_FUNDS,TEMPORARY,20,1,1
pay_synth_00383,demo_company_001,RAZORPAY,247.41,INR,UPI,INSUFFICIENT_FUNDS,TEMPORARY,0,5,0
pay_synth_03393,demo_company_001,STRIPE,9268.43,INR,WALLET,INSUFFICIENT_FUNDS,TEMPORARY,8,5,0
pay_synth_03601,demo_company_001,DEMO,2241.27,INR,UPI,INSUFFICIENT_FUNDS,TEMPORARY,15,4,1
pay_synth_04292,demo_company_001,DEMO,169.37,INR,CARD,INSUFFICIENT_FUNDS,TEMPORARY,23,1,1
pay_synth_00142,demo_company_001,DEMO,2181.08,INR,UPI,AUTHENTICATION,TEMPORARY,12,3,1
pay_synth_01352,demo_company_001,RAZORPAY,2735.86,INR,CARD,INSUFFICIENT_FUNDS,TEMPORARY,12,6,1
pay_synth_02561,demo_company_001,RAZORPAY,5260.38,INR,CARD,BANK,TEMPORARY,2,4,0
pay_synth_02557,demo_company_001,RAZORPAY,708.72,INR,UPI,CARD,PERMANENT,9,5,1
pay_synth_02058,demo_company_001,DEMO,446.38,INR,UPI,AUTHENTICATION,TEMPORARY,3,2,0
pay_synth_00260,demo_company_001,DEMO,8146.32,INR,NETBANKING,INSUFFICIENT_FUNDS,TEMPORARY,15,3,1
pay_synth_01784,demo_company_001,RAZORPAY,1754.96,USD,UPI,CARD,PERMANENT,5,4,0
pay_synth_03603,demo_company_001,DEMO,3939.51,INR,NETBANKING,AUTHENTICATION,TEMPORARY,9,3,0
pay_synth_00366,demo_company_001,DEMO,2400.61,USD,WALLET,AUTHENTICATION,TEMPORARY,23,5,1
pay_synth_00091,demo_company_001,DEMO,1003.9,INR,UPI,INSUFFICIENT_FUNDS,TEMPORARY,3,4,0
pay_synth_00042,demo_company_001,DEMO,255.99,INR,CARD,INSUFFICIENT_FUNDS,TEMPORARY,4,4,1
pay_synth_03342,demo_company_001,RAZORPAY,2240.78,INR,CARD,INSUFFICIENT_FUNDS,TEMPORARY,11,1,1
pay_synth_02793,demo_company_001,RAZORPAY,197.03,INR,UPI,BANK,TEMPORARY,12,5,1
pay_synth_04735,demo_company_001,DEMO,882.88,INR,CARD,NETWORK,TEMPORARY,21,5,1
pay_synth_00702,demo_company_001,DEMO,1081.82,INR,UPI,AUTHENTICATION,TEMPORARY,18,4,1
pay_synth_01511,demo_company_001,STRIPE,997.15,INR,UPI,INSUFFICIENT_FUNDS,TEMPORARY,22,1,1
pay_synth_01459,demo_company_001,DEMO,2140.92,INR,UPI,CUSTOMER_ACTION_REQUIRED,TEMPORARY,1,3,0
pay_synth_04324,demo_company_001,DEMO,1013.21,INR,UPI,NETWORK,TEMPORARY,21,2,1
pay_synth_02024,demo_company_001,DEMO,5680.99,INR,CARD,UNKNOWN,UNKNOWN,15,4,1
pay_synth_02994,demo_company_001,DEMO,1528.12,INR,UPI,INSUFFICIENT_FUNDS,TEMPORARY,3,2,1
pay_synth_04607,demo_company_001,STRIPE,1588.4,INR,NETBANKING,BANK,TEMPORARY,12,6,0
pay_synth_00084,demo_company_001,DEMO,7493.16,INR,UPI,AUTHENTICATION,TEMPORARY,14,5,1
pay_synth_04944,demo_company_001,DEMO,2875.74,INR,CARD,AUTHENTICATION,TEMPORARY,23,3,0
pay_synth_04771,demo_company_001,DEMO,7165.1,INR,CARD,PROVIDER,TEMPORARY,21,2,1
pay_synth_03232,demo_company_001,RAZORPAY,4047.83,INR,CARD,AUTHENTICATION,TEMPORARY,15,3,0
pay_synth_03205,demo_company_001,RAZORPAY,1497.62,INR,CARD,NETWORK,TEMPORARY,19,5,1
pay_synth_01826,demo_company_001,RAZORPAY,4600.83,INR,NETBANKING,INSUFFICIENT_FUNDS,TEMPORARY,18,4,0
pay_synth_01862,demo_company_001,RAZORPAY,1375.42,INR,NETBANKING,INSUFFICIENT_FUNDS,TEMPORARY,21,0,1
pay_synth_03374,demo_company_001,RAZORPAY,2773.78,INR,CARD,NETWORK,TEMPORARY,11,2,1
pay_synth_00916,demo_company_001,DEMO,2086.81,INR,UPI,INSUFFICIENT_FUNDS,TEMPORARY,12,3,1
pay_synth_03046,demo_company_001,RAZORPAY,1601.73,INR,UPI,NETWORK,TEMPORARY,18,5,1
pay_synth_04556,demo_company_001,RAZORPAY,2365.45,INR,NETBANKING,AUTHENTICATION,TEMPORARY,7,1,1
pay_synth_02812,demo_company_001,RAZORPAY,4632.58,INR,UPI,NETWORK,TEMPORARY,16,0,1
pay_synth_01113,demo_company_001,DEMO,3326.63,INR,NETBANKING,INSUFFICIENT_FUNDS,TEMPORARY,17,3,1
pay_synth_00689,demo_company_001,RAZORPAY,1113.38,INR,UPI,BANK,PERMANENT,3,6,1
pay_synth_03574,demo_company_001,STRIPE,3960.78,INR,UPI,NETWORK,TEMPORARY,22,5,1
pay_synth_03029,demo_company_001,RAZORPAY,814.2,INR,CARD,INSUFFICIENT_FUNDS,TEMPORARY,19,2,1
pay_synth_03517,demo_company_001,DEMO,4849.79,INR,WALLET,AUTHENTICATION,TEMPORARY,7,3,0
pay_synth_00849,demo_company_001,RAZORPAY,5800.02,INR,UPI,CUSTOMER_ACTION_REQUIRED,TEMPORARY,1,6,1
pay_synth_03401,demo_company_001,DEMO,810.98,INR,CARD,UNKNOWN,UNKNOWN,5,2,0
pay_synth_01529,demo_company_001,STRIPE,1788.44,INR,UPI,NETWORK,TEMPORARY,4,5,0
pay_synth_00866,demo_company_001,RAZORPAY,823.58,INR,UPI,TEMPORARY,TEMPORARY,1,3,1
pay_synth_03704,demo_company_001,STRIPE,1800.87,INR,UPI,AUTHENTICATION,TEMPORARY,20,3,1
pay_synth_00920,demo_company_001,DEMO,1849.0,INR,CARD,INSUFFICIENT_FUNDS,TEMPORARY,19,2,1
pay_synth_01612,demo_company_001,RAZORPAY,2222.25,INR,CARD,INSUFFICIENT_FUNDS,TEMPORARY,12,6,1
pay_synth_03599,demo_company_001,DEMO,3307.83,INR,CARD,INSUFFICIENT_FUNDS,TEMPORARY,1,5,1
pay_synth_02542,demo_company_001,RAZORPAY,2548.6,INR,UPI,AUTHENTICATION,TEMPORARY,10,2,0
pay_synth_04674,demo_company_001,DEMO,2840.52,USD,UPI,BANK,PERMANENT,23,3,0
pay_synth_01927,demo_company_001,RAZORPAY,3463.18,USD,UPI,INSUFFICIENT_FUNDS,TEMPORARY,9,2,1
pay_synth_00884,demo_company_001,DEMO,29727.39,INR,WALLET,NETWORK,TEMPORARY,22,1,0
pay_synth_01059,demo_company_001,DEMO,2184.58,INR,NETBANKING,INSUFFICIENT_FUNDS,TEMPORARY,22,3,0
pay_synth_04697,demo_company_001,RAZORPAY,2010.47,INR,UPI,INSUFFICIENT_FUNDS,TEMPORARY,16,3,1
pay_synth_03441,demo_company_001,DEMO,5667.19,INR,UPI,AUTHENTICATION,TEMPORARY,10,2,1
pay_synth_04883,demo_company_001,STRIPE,12464.53,INR,UPI,NETWORK,TEMPORARY,2,2,0
pay_synth_02906,demo_company_001,DEMO,1684.47,INR,WALLET,NETWORK,TEMPORARY,1,0,1
pay_synth_03757,demo_company_001,DEMO,1509.03,INR,UPI,AUTHENTICATION,TEMPORARY,3,1,1
pay_synth_03513,demo_company_001,STRIPE,753.95,INR,CARD,CARD,PERMANENT,2,6,0
pay_synth_01418,demo_company_001,DEMO,464.98,INR,NETBANKING,AUTHENTICATION,TEMPORARY,21,3,0
pay_synth_01535,demo_company_001,DEMO,1815.96,INR,UPI,AUTHENTICATION,TEMPORARY,18,5,1
pay_synth_02008,demo_company_001,RAZORPAY,527.23,INR,UPI,PROVIDER,TEMPORARY,15,0,1
pay_synth_03078,demo_company_001,DEMO,3357.99,INR,CARD,CARD,PERMANENT,8,3,0
pay_synth_03567,demo_company_001,RAZORPAY,1523.53,INR,NETBANKING,INSUFFICIENT_FUNDS,TEMPORARY,1,4,1
pay_synth_02160,demo_company_001,RAZORPAY,319.57,INR,CARD,INSUFFICIENT_FUNDS,TEMPORARY,5,3,1
pay_synth_03147,demo_company_001,STRIPE,1233.79,INR,UPI,TEMPORARY,TEMPORARY,8,0,1
pay_synth_03304,demo_company_001,DEMO,4111.25,INR,UPI,BANK,PERMANENT,16,1,0
pay_synth_01914,demo_company_001,DEMO,4740.37,USD,UPI,CUSTOMER_ACTION_REQUIRED,TEMPORARY,23,3,1
pay_synth_01928,demo_company_001,DEMO,1039.77,INR,CARD,INSUFFICIENT_FUNDS,TEMPORARY,9,3,1
pay_synth_02466,demo_company_001,DEMO,16200.38,INR,UPI,INSUFFICIENT_FUNDS,TEMPORARY,1,0,1
pay_synth_00305,demo_company_001,RAZORPAY,588.66,INR,UPI,INSUFFICIENT_FUNDS,TEMPORARY,23,5,1
pay_synth_03096,demo_company_001,RAZORPAY,1405.73,INR,NETBANKING,UNKNOWN,UNKNOWN,23,3,0
pay_synth_03775,demo_company_001,RAZORPAY,1802.75,INR,NETBANKING,PROVIDER,TEMPORARY,18,4,1
pay_synth_02073,demo_company_001,DEMO,6954.6,INR,CARD,INSUFFICIENT_FUNDS,TEMPORARY,20,1,1
pay_synth_03611,demo_company_001,RAZORPAY,1326.76,INR,UPI,NETWORK,TEMPORARY,15,2,0
pay_synth_00262,demo_company_001,STRIPE,942.09,INR,NETBANKING,CARD,PERMANENT,3,6,0
pay_synth_02603,demo_company_001,RAZORPAY,3584.67,INR,CARD,AUTHENTICATION,TEMPORARY,2,3,0
pay_synth_03955,demo_company_001,DEMO,436.81,INR,UPI,TEMPORARY,TEMPORARY,11,4,0
pay_synth_03524,demo_company_001,DEMO,4329.28,INR,UPI,PROVIDER,TEMPORARY,7,3,0
pay_synth_04814,demo_company_001,RAZORPAY,6435.79,USD,CARD,INSUFFICIENT_FUNDS,TEMPORARY,8,3,1
pay_synth_00498,demo_company_001,DEMO,4228.84,INR,NETBANKING,NETWORK,TEMPORARY,11,2,1
pay_synth_00114,demo_company_001,STRIPE,14687.01,INR,CARD,AUTHENTICATION,TEMPORARY,13,0,0
pay_synth_01570,demo_company_001,DEMO,1018.0,INR,UPI,CARD,PERMANENT,5,2,0
pay_synth_03766,demo_company_001,DEMO,6246.23,INR,NETBANKING,AUTHENTICATION,TEMPORARY,6,1,1
pay_synth_02560,demo_company_001,RAZORPAY,5584.83,INR,NETBANKING,NETWORK,TEMPORARY,11,6,1
pay_synth_02898,demo_company_001,DEMO,347.26,INR,CARD,PROVIDER,TEMPORARY,19,2,1
pay_synth_00794,demo_company_001,RAZORPAY,434.55,INR,NETBANKING,INSUFFICIENT_FUNDS,TEMPORARY,20,3,1
pay_synth_02623,demo_company_001,DEMO,2079.87,INR,UPI,TEMPORARY,TEMPORARY,11,2,1
pay_synth_01161,demo_company_001,STRIPE,1938.92,INR,UPI,INSUFFICIENT_FUNDS,TEMPORARY,22,4,1
pay_synth_02332,demo_company_001,DEMO,5649.87,INR,NETBANKING,UNKNOWN,UNKNOWN,13,1,0
pay_synth_01875,demo_company_001,RAZORPAY,3357.42,USD,NETBANKING,BANK,UNKNOWN,8,0,1
pay_synth_02591,demo_company_001,STRIPE,2359.29,INR,UPI,PROVIDER,TEMPORARY,11,0,1
pay_synth_03556,demo_company_001,RAZORPAY,1015.2,INR,CARD,AUTHENTICATION,TEMPORARY,0,3,1
pay_synth_03508,demo_company_001,DEMO,1259.99,INR,CARD,BANK,TEMPORARY,18,4,1
pay_synth_01073,demo_company_001,DEMO,7336.04,INR,UPI,AUTHENTICATION,TEMPORARY,22,0,0
pay_synth_04980,demo_company_001,DEMO,1589.06,INR,CARD,CARD,PERMANENT,3,6,0
pay_synth_01636,demo_company_001,DEMO,944.02,INR,UPI,AUTHENTICATION,TEMPORARY,6,4,0
pay_synth_02370,demo_company_001,RAZORPAY,522.18,USD,NETBANKING,BANK,TEMPORARY,8,4,0
pay_synth_02458,demo_company_001,RAZORPAY,1538.89,INR,UPI,AUTHENTICATION,TEMPORARY,18,6,1
pay_synth_02433,demo_company_001,STRIPE,608.89,USD,UPI,PROVIDER,TEMPORARY,9,3,1
pay_synth_02935,demo_company_001,RAZORPAY,1070.98,INR,UPI,CARD,PERMANENT,15,5,0
pay_synth_02002,demo_company_001,DEMO,337.48,INR,UPI,INSUFFICIENT_FUNDS,TEMPORARY,15,2,1
pay_synth_00300,demo_company_001,DEMO,1386.78,INR,UPI,BANK,TEMPORARY,19,5,1
pay_synth_01015,demo_company_001,RAZORPAY,11184.36,INR,CARD,PROVIDER,TEMPORARY,23,6,0
pay_synth_00336,demo_company_001,DEMO,2088.83,INR,NETBANKING,BANK,TEMPORARY,15,2,0
pay_synth_01858,demo_company_001,DEMO,19555.1,INR,UPI,AUTHENTICATION,TEMPORARY,11,3,0
pay_synth_00198,demo_company_001,STRIPE,9842.57,USD,UPI,CARD,PERMANENT,20,0,1
pay_synth_03320,demo_company_001,RAZORPAY,699.14,USD,CARD,NETWORK,TEMPORARY,18,5,1
pay_synth_04091,demo_company_001,RAZORPAY,913.6,INR,UPI,TEMPORARY,TEMPORARY,22,2,1
pay_synth_01228,demo_company_001,DEMO,1625.86,INR,WALLET,TEMPORARY,TEMPORARY,2,3,0
pay_synth_03019,demo_company_001,DEMO,1897.99,INR,CARD,AUTHENTICATION,TEMPORARY,0,3,0
pay_synth_01539,demo_company_001,DEMO,4293.93,INR,CARD,NETWORK,TEMPORARY,5,1,1
pay_synth_01131,demo_company_001,RAZORPAY,2993.06,INR,UPI,BANK,TEMPORARY,9,0,1
pay_synth_02318,demo_company_001,DEMO,2149.46,INR,CARD,INSUFFICIENT_FUNDS,TEMPORARY,2,2,0
pay_synth_01186,demo_company_001,STRIPE,1507.52,INR,NETBANKING,UNKNOWN,UNKNOWN,23,2,1
pay_synth_02534,demo_company_001,DEMO,2979.18,INR,CARD,AUTHENTICATION,TEMPORARY,3,5,0
pay_synth_04464,demo_company_001,DEMO,2160.7,USD,CARD,INSUFFICIENT_FUNDS,TEMPORARY,13,6,0
pay_synth_00150,demo_company_001,DEMO,1150.99,INR,UPI,AUTHENTICATION,TEMPORARY,19,0,0
pay_synth_01620,demo_company_001,RAZORPAY,1101.8,INR,CARD,INSUFFICIENT_FUNDS,TEMPORARY,22,5,1
pay_synth_02741,demo_company_001,DEMO,2539.86,USD,CARD,CARD,PERMANENT,14,2,0
pay_synth_03917,demo_company_001,RAZORPAY,1574.72,INR,CARD,BANK,TEMPORARY,17,2,0
pay_synth_03511,demo_company_001,DEMO,2782.95,INR,UPI,AUTHENTICATION,TEMPORARY,14,0,1
pay_synth_00698,demo_company_001,RAZORPAY,1556.25,USD,UPI,AUTHENTICATION,TEMPORARY,6,1,1
pay_synth_04964,demo_company_001,RAZORPAY,2916.01,INR,CARD,INSUFFICIENT_FUNDS,TEMPORARY,11,4,1
pay_synth_04399,demo_company_001,DEMO,1132.11,INR,CARD,BANK,TEMPORARY,23,4,0
pay_synth_03258,demo_company_001,DEMO,572.4,INR,WALLET,AUTHENTICATION,TEMPORARY,17,5,1
pay_synth_03876,demo_company_001,DEMO,695.77,USD,UPI,INSUFFICIENT_FUNDS,TEMPORARY,13,3,1
pay_synth_01270,demo_company_001,DEMO,5312.07,INR,CARD,INSUFFICIENT_FUNDS,TEMPORARY,15,3,1
pay_synth_04709,demo_company_001,STRIPE,1821.21,INR,UPI,INSUFFICIENT_FUNDS,TEMPORARY,9,1,1
pay_synth_04190,demo_company_001,RAZORPAY,149.59,INR,NETBANKING,NETWORK,TEMPORARY,10,1,0
pay_synth_00047,demo_company_001,DEMO,514.07,USD,CARD,INSUFFICIENT_FUNDS,TEMPORARY,5,2,1
pay_synth_00692,demo_company_001,DEMO,2057.74,INR,UPI,INSUFFICIENT_FUNDS,TEMPORARY,5,6,0
pay_synth_01730,demo_company_001,RAZORPAY,682.1,INR,NETBANKING,INSUFFICIENT_FUNDS,TEMPORARY,9,0,0
pay_synth_04897,demo_company_001,DEMO,1187.66,INR,CARD,NETWORK,TEMPORARY,13,1,1
pay_synth_03189,demo_company_001,STRIPE,1876.02,INR,CARD,TEMPORARY,TEMPORARY,0,2,1
pay_synth_02228,demo_company_001,RAZORPAY,3693.16,INR,UPI,INSUFFICIENT_FUNDS,TEMPORARY,3,4,1
pay_synth_04310,demo_company_001,RAZORPAY,598.2,INR,UPI,INSUFFICIENT_FUNDS,TEMPORARY,21,2,1
pay_synth_03265,demo_company_001,RAZORPAY,2834.81,INR,NETBANKING,NETWORK,TEMPORARY,21,0,0
pay_synth_01525,demo_company_001,DEMO,7200.08,INR,UPI,NETWORK,TEMPORARY,20,2,0
pay_synth_00819,demo_company_001,DEMO,752.01,USD,NETBANKING,INSUFFICIENT_FUNDS,TEMPORARY,15,6,1
pay_synth_01675,demo_company_001,RAZORPAY,1922.36,INR,UPI,INSUFFICIENT_FUNDS,TEMPORARY,8,5,0
pay_synth_04129,demo_company_001,DEMO,741.7,INR,CARD,CARD,PERMANENT,6,0,0
pay_synth_04016,demo_company_001,DEMO,1701.77,INR,UPI,INSUFFICIENT_FUNDS,TEMPORARY,0,4,1
pay_synth_02959,demo_company_001,DEMO,416.03,INR,UPI,AUTHENTICATION,TEMPORARY,16,1,1
pay_synth_00627,demo_company_001,DEMO,2359.22,INR,UPI,BANK,TEMPORARY,4,6,1
pay_synth_02937,demo_company_001,RAZORPAY,721.42,INR,CARD,NETWORK,TEMPORARY,8,1,1
pay_synth_04448,demo_company_001,RAZORPAY,2160.12,INR,CARD,AUTHENTICATION,TEMPORARY,17,6,1
pay_synth_03117,demo_company_001,RAZORPAY,2924.51,INR,CARD,AUTHENTICATION,TEMPORARY,11,5,0
pay_synth_02853,demo_company_001,DEMO,1461.05,INR,CARD,PROVIDER,TEMPORARY,19,1,1
pay_synth_00534,demo_company_001,RAZORPAY,1950.4,INR,CARD,INSUFFICIENT_FUNDS,TEMPORARY,1,5,1
pay_synth_03615,demo_company_001,DEMO,5904.89,INR,UPI,AUTHENTICATION,TEMPORARY,5,0,1
pay_synth_00237,demo_company_001,DEMO,1337.53,INR,CARD,BANK,TEMPORARY,0,4,1
pay_synth_03434,demo_company_001,DEMO,2007.18,INR,NETBANKING,NETWORK,TEMPORARY,16,3,1
pay_synth_04832,demo_company_001,RAZORPAY,263.3,INR,NETBANKING,NETWORK,TEMPORARY,18,5,1
pay_synth_00408,demo_company_001,DEMO,998.66,INR,UPI,NETWORK,TEMPORARY,6,3,1
pay_synth_03961,demo_company_001,RAZORPAY,3348.42,INR,UPI,INSUFFICIENT_FUNDS,TEMPORARY,15,6,1
pay_synth_00584,demo_company_001,DEMO,674.26,INR,CARD,NETWORK,TEMPORARY,0,0,1
pay_synth_01368,demo_company_001,STRIPE,7507.87,INR,UPI,UNKNOWN,UNKNOWN,12,0,1
pay_synth_00507,demo_company_001,STRIPE,2565.56,INR,CARD,AUTHENTICATION,TEMPORARY,0,0,1
pay_synth_03140,demo_company_001,DEMO,2067.27,INR,UPI,INSUFFICIENT_FUNDS,TEMPORARY,22,4,1
pay_synth_03322,demo_company_001,DEMO,2054.24,INR,CARD,AUTHENTICATION,TEMPORARY,0,3,1
pay_synth_03531,demo_company_001,DEMO,1615.53,INR,NETBANKING,CUSTOMER_ACTION_REQUIRED,TEMPORARY,11,6,0
pay_synth_02969,demo_company_001,STRIPE,1889.1,INR,UPI,NETWORK,TEMPORARY,10,6,1
pay_synth_00056,demo_company_001,STRIPE,3778.87,INR,CARD,AUTHENTICATION,TEMPORARY,14,2,1
pay_synth_04027,demo_company_001,DEMO,1043.81,INR,CARD,CARD,PERMANENT,19,3,0
pay_synth_00897,demo_company_001,DEMO,1329.61,USD,NETBANKING,INSUFFICIENT_FUNDS,TEMPORARY,12,2,1
pay_synth_00825,demo_company_001,RAZORPAY,389.13,INR,UPI,CARD,PERMANENT,12,1,0
pay_synth_01924,demo_company_001,DEMO,629.63,INR,CARD,UNKNOWN,UNKNOWN,7,1,0
pay_synth_04519,demo_company_001,DEMO,2225.36,USD,CARD,TEMPORARY,TEMPORARY,9,4,1
pay_synth_00214,demo_company_001,DEMO,424.32,INR,CARD,NETWORK,TEMPORARY,18,1,1
pay_synth_03813,demo_company_001,DEMO,842.63,INR,NETBANKING,AUTHENTICATION,TEMPORARY,3,1,1
pay_synth_03214,demo_company_001,RAZORPAY,1281.15,INR,CARD,CUSTOMER_ACTION_REQUIRED,TEMPORARY,13,3,1
pay_synth_00956,demo_company_001,DEMO,1063.87,INR,CARD,PROVIDER,TEMPORARY,17,4,0
pay_synth_01451,demo_company_001,DEMO,4039.71,INR,NETBANKING,INSUFFICIENT_FUNDS,TEMPORARY,4,2,1
pay_synth_03412,demo_company_001,DEMO,1148.2,INR,WALLET,INSUFFICIENT_FUNDS,TEMPORARY,2,6,1
pay_synth_00872,demo_company_001,DEMO,8195.6,USD,UPI,NETWORK,TEMPORARY,8,6,0
pay_synth_04066,demo_company_001,DEMO,1765.13,INR,CARD,PROVIDER,TEMPORARY,23,1,1
pay_synth_00885,demo_company_001,RAZORPAY,2196.56,INR,CARD,NETWORK,TEMPORARY,14,6,0
pay_synth_01762,demo_company_001,STRIPE,899.89,INR,UPI,INSUFFICIENT_FUNDS,TEMPORARY,0,6,1
pay_synth_00862,demo_company_001,DEMO,579.48,INR,CARD,AUTHENTICATION,TEMPORARY,19,4,0
pay_synth_00316,demo_company_001,RAZORPAY,2626.1,INR,CARD,NETWORK,TEMPORARY,5,2,0
pay_synth_02938,demo_company_001,RAZORPAY,472.66,INR,CARD,INSUFFICIENT_FUNDS,TEMPORARY,8,0,0
pay_synth_01430,demo_company_001,STRIPE,7347.99,INR,CARD,AUTHENTICATION,TEMPORARY,1,1,1
pay_synth_04716,demo_company_001,DEMO,650.41,INR,CARD,INSUFFICIENT_FUNDS,TEMPORARY,14,0,1
pay_synth_04495,demo_company_001,RAZORPAY,959.12,INR,CARD,CARD,PERMANENT,17,3,0
pay_synth_00945,demo_company_001,DEMO,4648.11,INR,WALLET,AUTHENTICATION,TEMPORARY,19,1,1
pay_synth_00592,demo_company_001,RAZORPAY,7044.45,INR,CARD,NETWORK,TEMPORARY,16,4,1
pay_synth_03650,demo_company_001,STRIPE,545.16,INR,UPI,CARD,PERMANENT,8,5,1
pay_synth_04348,demo_company_001,RAZORPAY,4551.35,INR,NETBANKING,AUTHENTICATION,TEMPORARY,4,3,1
pay_synth_03949,demo_company_001,DEMO,964.48,INR,UPI,NETWORK,TEMPORARY,12,2,1
pay_synth_03445,demo_company_001,STRIPE,477.34,INR,UPI,INSUFFICIENT_FUNDS,TEMPORARY,17,3,1
pay_synth_01912,demo_company_001,STRIPE,1183.29,INR,WALLET,NETWORK,TEMPORARY,0,3,0
pay_synth_04633,demo_company_001,STRIPE,397.92,INR,UPI,INSUFFICIENT_FUNDS,TEMPORARY,12,5,1
pay_synth_01667,demo_company_001,DEMO,112.97,INR,UPI,NETWORK,TEMPORARY,3,1,1
pay_synth_02622,demo_company_001,STRIPE,1820.08,INR,CARD,PROVIDER,TEMPORARY,21,5,1
pay_synth_04926,demo_company_001,DEMO,2465.67,INR,UPI,INSUFFICIENT_FUNDS,TEMPORARY,8,0,1
pay_synth_01757,demo_company_001,STRIPE,139.53,INR,NETBANKING,BANK,TEMPORARY,0,3,0
pay_synth_00006,demo_company_001,DEMO,735.56,USD,UPI,PROVIDER,TEMPORARY,7,3,1
pay_synth_02284,demo_company_001,DEMO,1571.73,INR,CARD,AUTHENTICATION,TEMPORARY,0,1,0
pay_synth_02818,demo_company_001,DEMO,3512.62,INR,NETBANKING,TEMPORARY,TEMPORARY,10,6,1
pay_synth_02054,demo_company_001,STRIPE,2171.07,INR,CARD,CARD,PERMANENT,6,2,0
pay_synth_02077,demo_company_001,DEMO,2942.51,INR,CARD,INSUFFICIENT_FUNDS,TEMPORARY,12,1,0
pay_synth_02259,demo_company_001,DEMO,929.04,INR,CARD,NETWORK,TEMPORARY,12,2,1
pay_synth_04624,demo_company_001,RAZORPAY,2588.49,USD,CARD,PROVIDER,TEMPORARY,9,1,1
pay_synth_00033,demo_company_001,DEMO,1903.03,INR,CARD,PROVIDER,TEMPORARY,16,3,1
pay_synth_04112,demo_company_001,RAZORPAY,8851.46,INR,CARD,NETWORK,TEMPORARY,6,5,1
pay_synth_03504,demo_company_001,DEMO,324.95,INR,WALLET,INSUFFICIENT_FUNDS,TEMPORARY,20,2,1
pay_synth_01191,demo_company_001,DEMO,7136.96,INR,CARD,NETWORK,TEMPORARY,9,4,1
pay_synth_02726,demo_company_001,DEMO,325.08,INR,UPI,CUSTOMER_ACTION_REQUIRED,TEMPORARY,13,2,1
pay_synth_00184,demo_company_001,STRIPE,276.55,USD,NETBANKING,AUTHENTICATION,TEMPORARY,1,6,1
pay_synth_00265,demo_company_001,STRIPE,3625.81,USD,WALLET,BANK,PERMANENT,9,6,0
pay_synth_01209,demo_company_001,DEMO,3010.54,INR,UPI,INSUFFICIENT_FUNDS,TEMPORARY,15,1,0
pay_synth_01571,demo_company_001,RAZORPAY,946.41,USD,CARD,INSUFFICIENT_FUNDS,TEMPORARY,8,2,1
pay_synth_04529,demo_company_001,RAZORPAY,1121.54,INR,WALLET,BANK,PERMANENT,19,4,0
pay_synth_00010,demo_company_001,RAZORPAY,784.79,INR,UPI,CARD,PERMANENT,8,6,0
pay_synth_03497,demo_company_001,STRIPE,555.82,INR,WALLET,CUSTOMER_ACTION_REQUIRED,TEMPORARY,5,5,0
pay_synth_01295,demo_company_001,STRIPE,2419.54,INR,NETBANKING,INSUFFICIENT_FUNDS,TEMPORARY,16,4,1
pay_synth_01375,demo_company_001,DEMO,3140.44,INR,UPI,CUSTOMER_ACTION_REQUIRED,TEMPORARY,22,4,0
pay_synth_00240,demo_company_001,DEMO,12942.15,INR,UPI,INSUFFICIENT_FUNDS,TEMPORARY,0,0,0
pay_synth_00998,demo_company_001,DEMO,306.23,INR,CARD,CARD,PERMANENT,14,3,0
pay_synth_04022,demo_company_001,DEMO,3535.88,INR,NETBANKING,INSUFFICIENT_FUNDS,TEMPORARY,14,6,1
pay_synth_00997,demo_company_001,STRIPE,5036.69,INR,CARD,CUSTOMER_ACTION_REQUIRED,TEMPORARY,23,2,0
pay_synth_03144,demo_company_001,RAZORPAY,2301.69,INR,UPI,INSUFFICIENT_FUNDS,TEMPORARY,1,5,1
pay_synth_03307,demo_company_001,DEMO,1469.47,INR,UPI,NETWORK,TEMPORARY,11,3,1
pay_synth_00447,demo_company_001,STRIPE,2567.02,INR,UPI,AUTHENTICATION,TEMPORARY,6,6,1
pay_synth_03991,demo_company_001,DEMO,652.31,INR,UPI,INSUFFICIENT_FUNDS,TEMPORARY,10,1,1
pay_synth_04485,demo_company_001,DEMO,907.18,INR,NETBANKING,INSUFFICIENT_FUNDS,TEMPORARY,16,0,1
pay_synth_03680,demo_company_001,DEMO,2885.06,INR,UPI,AUTHENTICATION,TEMPORARY,12,3,0
pay_synth_02033,demo_company_001,DEMO,814.47,INR,CARD,CARD,PERMANENT,7,2,0
pay_synth_01965,demo_company_001,RAZORPAY,1064.44,INR,UPI,NETWORK,TEMPORARY,0,6,1
pay_synth_03878,demo_company_001,STRIPE,2890.86,INR,UPI,AUTHENTICATION,TEMPORARY,22,3,1
pay_synth_04096,demo_company_001,DEMO,4027.71,INR,NETBANKING,CARD,PERMANENT,13,5,0
pay_synth_02737,demo_company_001,STRIPE,3189.05,INR,NETBANKING,INSUFFICIENT_FUNDS,TEMPORARY,5,1,0
pay_synth_01323,demo_company_001,STRIPE,1034.76,INR,CARD,INSUFFICIENT_FUNDS,TEMPORARY,8,0,0
pay_synth_04215,demo_company_001,RAZORPAY,2744.36,INR,UPI,AUTHENTICATION,TEMPORARY,4,4,1
pay_synth_04355,demo_company_001,RAZORPAY,5488.7,INR,UPI,INSUFFICIENT_FUNDS,TEMPORARY,0,2,1
pay_synth_01378,demo_company_001,RAZORPAY,3285.78,INR,NETBANKING,AUTHENTICATION,TEMPORARY,22,4,0
pay_synth_04192,demo_company_001,STRIPE,4522.27,INR,UPI,INSUFFICIENT_FUNDS,TEMPORARY,5,5,1
pay_synth_04031,demo_company_001,RAZORPAY,120.76,INR,UPI,AUTHENTICATION,TEMPORARY,14,5,1
pay_synth_00219,demo_company_001,RAZORPAY,8087.58,USD,UPI,NETWORK,TEMPORARY,10,5,0
pay_synth_02915,demo_company_001,DEMO,1847.16,INR,UPI,BANK,TEMPORARY,22,4,1
pay_synth_02204,demo_company_001,DEMO,1052.39,INR,UPI,CARD,PERMANENT,14,6,0
pay_synth_01199,demo_company_001,RAZORPAY,2431.56,INR,UPI,AUTHENTICATION,TEMPORARY,3,0,0
pay_synth_04642,demo_company_001,DEMO,2264.69,INR,CARD,CARD,PERMANENT,6,4,0
pay_synth_03060,demo_company_001,STRIPE,1952.12,INR,CARD,INSUFFICIENT_FUNDS,TEMPORARY,11,2,1
pay_synth_03893,demo_company_001,RAZORPAY,6123.77,INR,WALLET,INSUFFICIENT_FUNDS,TEMPORARY,4,6,0
pay_synth_01633,demo_company_001,RAZORPAY,2086.87,INR,CARD,CARD,PERMANENT,19,3,0
pay_synth_02982,demo_company_001,DEMO,1359.57,INR,UPI,NETWORK,TEMPORARY,23,3,1
pay_synth_02992,demo_company_001,STRIPE,184.38,INR,UPI,NETWORK,TEMPORARY,13,5,0
pay_synth_00275,demo_company_001,RAZORPAY,2842.37,INR,CARD,CUSTOMER_ACTION_REQUIRED,TEMPORARY,2,3,0
pay_synth_00957,demo_company_001,RAZORPAY,1290.57,INR,UPI,AUTHENTICATION,TEMPORARY,16,3,1
pay_synth_02677,demo_company_001,DEMO,917.78,INR,CARD,INSUFFICIENT_FUNDS,TEMPORARY,13,2,1
pay_synth_01062,demo_company_001,STRIPE,1093.13,INR,UPI,INSUFFICIENT_FUNDS,TEMPORARY,4,4,1
pay_synth_00421,demo_company_001,RAZORPAY,1684.59,INR,UPI,INSUFFICIENT_FUNDS,TEMPORARY,22,5,1
pay_synth_03030,demo_company_001,RAZORPAY,6947.2,INR,NETBANKING,INSUFFICIENT_FUNDS,TEMPORARY,6,4,1
pay_synth_00555,demo_company_001,STRIPE,2687.77,INR,NETBANKING,CARD,PERMANENT,13,5,0
pay_synth_03962,demo_company_001,DEMO,980.85,INR,CARD,NETWORK,TEMPORARY,20,1,1
pay_synth_00143,demo_company_001,DEMO,1125.18,INR,CARD,CUSTOMER_ACTION_REQUIRED,TEMPORARY,3,6,1
pay_synth_03765,demo_company_001,DEMO,1008.62,INR,UPI,BANK,UNKNOWN,20,1,0
pay_synth_01676,demo_company_001,DEMO,13502.37,INR,NETBANKING,INSUFFICIENT_FUNDS,TEMPORARY,9,5,1
pay_synth_01136,demo_company_001,DEMO,1954.74,INR,UPI,INSUFFICIENT_FUNDS,TEMPORARY,0,1,0
pay_synth_01043,demo_company_001,DEMO,21012.27,INR,UPI,CUSTOMER_ACTION_REQUIRED,TEMPORARY,19,2,1
pay_synth_00488,demo_company_001,DEMO,1857.21,INR,CARD,CUSTOMER_ACTION_REQUIRED,TEMPORARY,9,2,1
pay_synth_03274,demo_company_001,RAZORPAY,1729.09,INR,CARD,NETWORK,TEMPORARY,22,0,1
pay_synth_03120,demo_company_001,DEMO,3582.12,INR,CARD,INSUFFICIENT_FUNDS,TEMPORARY,20,5,1
pay_synth_03760,demo_company_001,STRIPE,3411.52,INR,CARD,AUTHENTICATION,TEMPORARY,11,0,0
pay_synth_03500,demo_company_001,RAZORPAY,1482.1,INR,UPI,CARD,PERMANENT,5,3,0
pay_synth_01063,demo_company_001,RAZORPAY,530.52,INR,CARD,PROVIDER,TEMPORARY,21,2,0
pay_synth_01455,demo_company_001,DEMO,2214.39,USD,NETBANKING,UNKNOWN,UNKNOWN,19,5,0
pay_synth_00782,demo_company_001,RAZORPAY,541.26,INR,UPI,NETWORK,TEMPORARY,13,4,1
pay_synth_02743,demo_company_001,DEMO,1922.12,INR,CARD,AUTHENTICATION,TEMPORARY,17,2,0
pay_synth_03249,demo_company_001,STRIPE,6873.52,INR,NETBANKING,NETWORK,TEMPORARY,18,6,1
pay_synth_00861,demo_company_001,RAZORPAY,1265.31,INR,CARD,TEMPORARY,TEMPORARY,0,0,1
pay_synth_02494,demo_company_001,DEMO,453.96,INR,CARD,INSUFFICIENT_FUNDS,TEMPORARY,23,3,1
pay_synth_03817,demo_company_001,DEMO,3005.73,INR,CARD,INSUFFICIENT_FUNDS,TEMPORARY,9,1,1
pay_synth_04455,demo_company_001,STRIPE,11491.57,INR,NETBANKING,AUTHENTICATION,TEMPORARY,23,3,1
pay_synth_01124,demo_company_001,STRIPE,632.73,INR,WALLET,NETWORK,TEMPORARY,0,3,1
pay_synth_00465,demo_company_001,STRIPE,2663.69,INR,UPI,INSUFFICIENT_FUNDS,TEMPORARY,1,0,0
pay_synth_01672,demo_company_001,STRIPE,1476.34,INR,NETBANKING,INSUFFICIENT_FUNDS,TEMPORARY,6,1,0
pay_synth_00599,demo_company_001,DEMO,1711.71,INR,CARD,INSUFFICIENT_FUNDS,TEMPORARY,6,1,0
pay_synth_00372,demo_company_001,DEMO,1787.88,INR,UPI,CUSTOMER_ACTION_REQUIRED,TEMPORARY,15,1,0
pay_synth_02628,demo_company_001,RAZORPAY,7823.33,INR,UPI,CUSTOMER_ACTION_REQUIRED,TEMPORARY,23,5,0
pay_synth_04263,demo_company_001,DEMO,694.63,INR,CARD,AUTHENTICATION,TEMPORARY,5,6,0
pay_synth_04372,demo_company_001,DEMO,703.04,INR,UPI,CARD,PERMANENT,19,1,1
pay_synth_04569,demo_company_001,DEMO,2515.88,INR,CARD,BANK,TEMPORARY,20,3,1
pay_synth_01651,demo_company_001,DEMO,1353.2,INR,UPI,AUTHENTICATION,TEMPORARY,6,1,0
pay_synth_01863,demo_company_001,DEMO,11314.09,INR,WALLET,BANK,TEMPORARY,8,4,0
pay_synth_00718,demo_company_001,STRIPE,660.54,INR,UPI,INSUFFICIENT_FUNDS,TEMPORARY,13,5,1
pay_synth_03402,demo_company_001,DEMO,1689.85,USD,NETBANKING,CARD,PERMANENT,2,3,0
pay_synth_00804,demo_company_001,RAZORPAY,3715.46,INR,NETBANKING,TEMPORARY,TEMPORARY,5,0,1
pay_synth_03829,demo_company_001,STRIPE,934.87,INR,UPI,INSUFFICIENT_FUNDS,TEMPORARY,2,5,1
pay_synth_03643,demo_company_001,DEMO,2369.26,INR,UPI,NETWORK,TEMPORARY,13,5,1
pay_synth_00915,demo_company_001,RAZORPAY,6909.59,USD,CARD,PROVIDER,TEMPORARY,11,6,1
pay_synth_04657,demo_company_001,STRIPE,1858.61,USD,NETBANKING,CARD,PERMANENT,22,3,0
pay_synth_03187,demo_company_001,DEMO,1330.5,INR,UPI,INSUFFICIENT_FUNDS,TEMPORARY,1,3,1
pay_synth_02917,demo_company_001,RAZORPAY,872.64,INR,CARD,AUTHENTICATION,TEMPORARY,14,6,0
pay_synth_04162,demo_company_001,DEMO,1479.57,INR,CARD,INSUFFICIENT_FUNDS,TEMPORARY,19,3,1
pay_synth_03381,demo_company_001,DEMO,100.0,INR,CARD,INSUFFICIENT_FUNDS,TEMPORARY,23,6,1
pay_synth_00492,demo_company_001,RAZORPAY,2521.16,INR,CARD,INSUFFICIENT_FUNDS,TEMPORARY,18,4,1
pay_synth_03116,demo_company_001,STRIPE,1238.69,INR,UPI,NETWORK,TEMPORARY,8,2,1
pay_synth_01654,demo_company_001,DEMO,585.21,USD,UPI,INSUFFICIENT_FUNDS,TEMPORARY,13,3,1
pay_synth_04060,demo_company_001,STRIPE,1294.87,USD,UPI,UNKNOWN,UNKNOWN,4,3,0
pay_synth_00545,demo_company_001,RAZORPAY,1686.31,INR,CARD,CUSTOMER_ACTION_REQUIRED,TEMPORARY,13,6,1
pay_synth_02922,demo_company_001,RAZORPAY,2225.02,INR,CARD,INSUFFICIENT_FUNDS,TEMPORARY,6,2,1
pay_synth_04729,demo_company_001,RAZORPAY,7656.3,USD,UPI,CUSTOMER_ACTION_REQUIRED,TEMPORARY,12,3,0
pay_synth_02732,demo_company_001,DEMO,2430.89,INR,UPI,AUTHENTICATION,TEMPORARY,6,5,1
pay_synth_01053,demo_company_001,STRIPE,1940.81,INR,CARD,CARD,PERMANENT,0,4,0
pay_synth_01622,demo_company_001,DEMO,14118.21,INR,UPI,INSUFFICIENT_FUNDS,TEMPORARY,20,5,1
pay_synth_03036,demo_company_001,DEMO,264.46,INR,UPI,CARD,PERMANENT,20,4,0
pay_synth_02731,demo_company_001,RAZORPAY,4061.71,USD,CARD,INSUFFICIENT_FUNDS,TEMPORARY,11,6,1
pay_synth_02539,demo_company_001,RAZORPAY,582.37,INR,UPI,INSUFFICIENT_FUNDS,TEMPORARY,7,5,1
pay_synth_01087,demo_company_001,RAZORPAY,1524.3,INR,CARD,CUSTOMER_ACTION_REQUIRED,TEMPORARY,0,5,1
pay_synth_00473,demo_company_001,DEMO,3578.52,INR,UPI,BANK,TEMPORARY,17,6,1
pay_synth_01231,demo_company_001,STRIPE,2216.13,INR,CARD,BANK,TEMPORARY,9,5,0
pay_synth_00040,demo_company_001,DEMO,291.02,INR,NETBANKING,INSUFFICIENT_FUNDS,TEMPORARY,13,0,1
pay_synth_02453,demo_company_001,RAZORPAY,275.91,INR,UPI,INSUFFICIENT_FUNDS,TEMPORARY,6,6,1
pay_synth_00654,demo_company_001,RAZORPAY,1850.37,INR,UPI,NETWORK,TEMPORARY,19,6,1
pay_synth_00892,demo_company_001,STRIPE,13612.24,INR,CARD,INSUFFICIENT_FUNDS,TEMPORARY,8,0,1
pay_synth_03958,demo_company_001,DEMO,8164.64,INR,NETBANKING,AUTHENTICATION,TEMPORARY,0,6,1
pay_synth_01048,demo_company_001,DEMO,4239.5,INR,CARD,AUTHENTICATION,TEMPORARY,13,3,0
pay_synth_03659,demo_company_001,RAZORPAY,915.68,INR,UPI,INSUFFICIENT_FUNDS,TEMPORARY,1,3,1
pay_synth_03468,demo_company_001,RAZORPAY,977.81,INR,CARD,BANK,TEMPORARY,4,5,0
pay_synth_01813,demo_company_001,DEMO,11138.46,INR,UPI,INSUFFICIENT_FUNDS,TEMPORARY,6,1,1
pay_synth_00377,demo_company_001,STRIPE,500.14,USD,CARD,INSUFFICIENT_FUNDS,TEMPORARY,18,5,0
pay_synth_04733,demo_company_001,RAZORPAY,596.04,INR,CARD,INSUFFICIENT_FUNDS,TEMPORARY,4,3,1
pay_synth_00173,demo_company_001,RAZORPAY,3426.49,INR,UPI,NETWORK,TEMPORARY,16,6,0
pay_synth_03094,demo_company_001,STRIPE,1969.79,INR,WALLET,INSUFFICIENT_FUNDS,TEMPORARY,16,6,0
pay_synth_03206,demo_company_001,STRIPE,1610.85,INR,UPI,CUSTOMER_ACTION_REQUIRED,TEMPORARY,5,3,1
pay_synth_00799,demo_company_001,RAZORPAY,2525.77,INR,WALLET,CARD,PERMANENT,19,6,0
pay_synth_02194,demo_company_001,RAZORPAY,801.56,INR,UPI,NETWORK,TEMPORARY,22,0,1
pay_synth_01559,demo_company_001,STRIPE,1119.08,INR,CARD,INSUFFICIENT_FUNDS,TEMPORARY,2,1,1
pay_synth_01913,demo_company_001,STRIPE,372.93,INR,UPI,INSUFFICIENT_FUNDS,TEMPORARY,22,1,1
pay_synth_03638,demo_company_001,DEMO,949.43,INR,CARD,AUTHENTICATION,TEMPORARY,19,5,1
pay_synth_00144,demo_company_001,DEMO,1172.46,INR,CARD,AUTHENTICATION,TEMPORARY,17,4,0
pay_synth_02387,demo_company_001,DEMO,352.39,USD,UPI,CARD,PERMANENT,12,2,0
pay_synth_00521,demo_company_001,RAZORPAY,3403.16,INR,NETBANKING,NETWORK,TEMPORARY,5,3,1
pay_synth_04564,demo_company_001,DEMO,1224.0,INR,CARD,BANK,UNKNOWN,17,4,1
pay_synth_03948,demo_company_001,RAZORPAY,1537.91,INR,NETBANKING,AUTHENTICATION,TEMPORARY,22,1,1
pay_synth_01891,demo_company_001,DEMO,3230.59,INR,CARD,CARD,PERMANENT,6,2,0
pay_synth_01384,demo_company_001,DEMO,2976.58,INR,UPI,CARD,PERMANENT,5,4,1
pay_synth_04957,demo_company_001,DEMO,16722.9,INR,CARD,PROVIDER,TEMPORARY,10,0,1
pay_synth_04386,demo_company_001,RAZORPAY,1515.36,INR,NETBANKING,BANK,TEMPORARY,0,3,1
pay_synth_04437,demo_company_001,DEMO,989.71,INR,CARD,CARD,PERMANENT,11,4,0
pay_synth_00005,demo_company_001,DEMO,4201.96,INR,NETBANKING,AUTHENTICATION,TEMPORARY,11,0,1
pay_synth_04267,demo_company_001,RAZORPAY,1331.5,INR,UPI,TEMPORARY,TEMPORARY,15,4,1
pay_synth_03664,demo_company_001,DEMO,1405.07,INR,CARD,CARD,PERMANENT,19,0,0
pay_synth_01486,demo_company_001,DEMO,761.27,INR,CARD,AUTHENTICATION,TEMPORARY,22,3,0
pay_synth_01660,demo_company_001,DEMO,613.14,INR,UPI,INSUFFICIENT_FUNDS,TEMPORARY,17,1,1
pay_synth_03474,demo_company_001,RAZORPAY,1547.91,INR,UPI,AUTHENTICATION,TEMPORARY,14,2,0
pay_synth_03448,demo_company_001,RAZORPAY,1266.71,INR,NETBANKING,NETWORK,TEMPORARY,15,4,0
pay_synth_01361,demo_company_001,STRIPE,2635.91,INR,UPI,CARD,PERMANENT,8,0,0
pay_synth_04795,demo_company_001,DEMO,2104.75,INR,CARD,INSUFFICIENT_FUNDS,TEMPORARY,16,2,1
pay_synth_04601,demo_company_001,DEMO,3362.57,INR,UPI,INSUFFICIENT_FUNDS,TEMPORARY,1,0,0
pay_synth_03028,demo_company_001,RAZORPAY,1769.55,INR,UPI,INSUFFICIENT_FUNDS,TEMPORARY,6,2,1
pay_synth_03359,demo_company_001,STRIPE,2246.97,USD,UPI,PROVIDER,TEMPORARY,15,4,1
pay_synth_00873,demo_company_001,RAZORPAY,400.25,INR,CARD,NETWORK,TEMPORARY,4,5,1
pay_synth_01069,demo_company_001,DEMO,1892.32,INR,UPI,NETWORK,TEMPORARY,19,5,1
pay_synth_02861,demo_company_001,STRIPE,1137.92,INR,UPI,AUTHENTICATION,TEMPORARY,21,3,1
pay_synth_03630,demo_company_001,RAZORPAY,293.61,INR,CARD,UNKNOWN,UNKNOWN,9,6,0
pay_synth_00732,demo_company_001,STRIPE,977.67,INR,UPI,PROVIDER,TEMPORARY,15,5,1
pay_synth_00165,demo_company_001,DEMO,2919.59,USD,UPI,CUSTOMER_ACTION_REQUIRED,TEMPORARY,0,3,0
pay_synth_04844,demo_company_001,DEMO,8763.38,INR,CARD,NETWORK,TEMPORARY,10,5,0
pay_synth_04634,demo_company_001,STRIPE,255.59,INR,CARD,CARD,PERMANENT,10,4,1
pay_synth_02537,demo_company_001,RAZORPAY,598.74,INR,CARD,CARD,PERMANENT,3,0,0
pay_synth_03786,demo_company_001,DEMO,7221.28,INR,CARD,INSUFFICIENT_FUNDS,TEMPORARY,17,6,0
pay_synth_04113,demo_company_001,DEMO,2318.64,INR,CARD,INSUFFICIENT_FUNDS,TEMPORARY,6,5,0
pay_synth_00903,demo_company_001,DEMO,8721.47,USD,UPI,BANK,TEMPORARY,19,0,1
pay_synth_00864,demo_company_001,DEMO,1354.18,INR,UPI,NETWORK,TEMPORARY,22,5,1
pay_synth_03859,demo_company_001,DEMO,1392.44,INR,CARD,NETWORK,TEMPORARY,22,6,1
pay_synth_02761,demo_company_001,DEMO,10413.32,INR,CARD,INSUFFICIENT_FUNDS,TEMPORARY,12,0,1
pay_synth_04937,demo_company_001,STRIPE,6315.67,INR,CARD,BANK,PERMANENT,12,4,0
pay_synth_04382,demo_company_001,DEMO,1394.35,INR,UPI,NETWORK,TEMPORARY,13,6,1
pay_synth_01638,demo_company_001,DEMO,1883.68,INR,CARD,NETWORK,TEMPORARY,16,2,1
pay_synth_04917,demo_company_001,DEMO,8289.1,INR,UPI,BANK,TEMPORARY,9,1,1
pay_synth_02786,demo_company_001,DEMO,1415.59,INR,CARD,BANK,TEMPORARY,6,6,1
pay_synth_01055,demo_company_001,STRIPE,1648.93,INR,NETBANKING,UNKNOWN,UNKNOWN,22,0,0
pay_synth_00907,demo_company_001,STRIPE,2324.67,INR,UPI,AUTHENTICATION,TEMPORARY,17,2,1
pay_synth_03908,demo_company_001,DEMO,773.9,INR,CARD,INSUFFICIENT_FUNDS,TEMPORARY,4,2,0
pay_synth_02477,demo_company_001,DEMO,5751.92,INR,CARD,INSUFFICIENT_FUNDS,TEMPORARY,15,6,1
pay_synth_03875,demo_company_001,DEMO,770.56,INR,NETBANKING,AUTHENTICATION,TEMPORARY,18,5,1
pay_synth_01462,demo_company_001,RAZORPAY,3719.6,USD,CARD,INSUFFICIENT_FUNDS,TEMPORARY,11,0,1
pay_synth_00634,demo_company_001,RAZORPAY,1061.95,INR,UPI,AUTHENTICATION,TEMPORARY,10,3,1
pay_synth_02584,demo_company_001,DEMO,759.87,INR,UPI,BANK,PERMANENT,14,6,1
pay_synth_00177,demo_company_001,RAZORPAY,14295.04,USD,NETBANKING,CARD,PERMANENT,3,1,0
pay_synth_03338,demo_company_001,RAZORPAY,5547.35,USD,CARD,AUTHENTICATION,TEMPORARY,23,4,1
pay_synth_02426,demo_company_001,STRIPE,1517.85,INR,UPI,BANK,UNKNOWN,23,0,0
pay_synth_04974,demo_company_001,RAZORPAY,1574.7,INR,UPI,INSUFFICIENT_FUNDS,TEMPORARY,15,5,1
pay_synth_03050,demo_company_001,DEMO,679.24,INR,UPI,NETWORK,TEMPORARY,13,1,1
pay_synth_04331,demo_company_001,DEMO,3754.82,INR,CARD,INSUFFICIENT_FUNDS,TEMPORARY,14,1,1
pay_synth_03054,demo_company_001,DEMO,8778.13,INR,CARD,NETWORK,TEMPORARY,8,1,1
pay_synth_02212,demo_company_001,STRIPE,1737.77,INR,UPI,NETWORK,TEMPORARY,22,3,0
pay_synth_00057,demo_company_001,DEMO,3124.39,INR,UPI,AUTHENTICATION,TEMPORARY,2,3,1
pay_synth_02302,demo_company_001,RAZORPAY,5159.74,INR,UPI,NETWORK,TEMPORARY,17,0,1
pay_synth_01653,demo_company_001,DEMO,367.79,INR,UPI,INSUFFICIENT_FUNDS,TEMPORARY,5,1,1
pay_synth_01803,demo_company_001,DEMO,1840.73,INR,UPI,AUTHENTICATION,TEMPORARY,4,2,1
pay_synth_03163,demo_company_001,DEMO,4109.18,USD,UPI,NETWORK,TEMPORARY,20,0,1
pay_synth_01920,demo_company_001,DEMO,1264.96,INR,UPI,BANK,UNKNOWN,20,1,1
pay_synth_00162,demo_company_001,RAZORPAY,2503.9,INR,UPI,NETWORK,TEMPORARY,21,3,1
pay_synth_04144,demo_company_001,STRIPE,1435.06,INR,CARD,AUTHENTICATION,TEMPORARY,22,5,1
pay_synth_04269,demo_company_001,STRIPE,19574.49,INR,UPI,PROVIDER,TEMPORARY,18,3,1
pay_synth_01680,demo_company_001,RAZORPAY,1528.31,INR,CARD,INSUFFICIENT_FUNDS,TEMPORARY,15,3,1
pay_synth_00517,demo_company_001,DEMO,3899.81,INR,NETBANKING,NETWORK,TEMPORARY,15,5,0
pay_synth_01623,demo_company_001,RAZORPAY,1918.53,INR,CARD,INSUFFICIENT_FUNDS,TEMPORARY,0,4,1
pay_synth_00134,demo_company_001,DEMO,768.66,INR,UPI,AUTHENTICATION,TEMPORARY,13,2,1
pay_synth_04379,demo_company_001,DEMO,1388.1,INR,NETBANKING,AUTHENTICATION,TEMPORARY,0,1,0
pay_synth_04613,demo_company_001,DEMO,1891.19,INR,NETBANKING,CARD,PERMANENT,19,0,0
pay_synth_01647,demo_company_001,DEMO,477.43,INR,NETBANKING,AUTHENTICATION,TEMPORARY,7,6,1
pay_synth_03279,demo_company_001,DEMO,1038.78,USD,UPI,AUTHENTICATION,TEMPORARY,20,2,0
pay_synth_02134,demo_company_001,RAZORPAY,6861.42,INR,UPI,INSUFFICIENT_FUNDS,TEMPORARY,0,6,0
pay_synth_02424,demo_company_001,DEMO,1403.58,INR,UPI,AUTHENTICATION,TEMPORARY,19,5,1
pay_synth_04015,demo_company_001,RAZORPAY,6324.59,INR,UPI,INSUFFICIENT_FUNDS,TEMPORARY,13,5,1
pay_synth_03900,demo_company_001,STRIPE,1094.01,INR,NETBANKING,INSUFFICIENT_FUNDS,TEMPORARY,10,3,1
pay_synth_04270,demo_company_001,STRIPE,2269.85,USD,UPI,AUTHENTICATION,TEMPORARY,15,1,1
pay_synth_01561,demo_company_001,DEMO,394.94,INR,UPI,AUTHENTICATION,TEMPORARY,5,1,0
pay_synth_01640,demo_company_001,STRIPE,1540.79,INR,UPI,AUTHENTICATION,TEMPORARY,10,6,0
pay_synth_01004,demo_company_001,RAZORPAY,1721.47,INR,CARD,AUTHENTICATION,TEMPORARY,8,0,0
pay_synth_01850,demo_company_001,RAZORPAY,2267.86,INR,UPI,UNKNOWN,UNKNOWN,20,5,1
pay_synth_00687,demo_company_001,RAZORPAY,6200.65,INR,CARD,AUTHENTICATION,TEMPORARY,9,1,0
pay_synth_02739,demo_company_001,STRIPE,12812.19,INR,CARD,CUSTOMER_ACTION_REQUIRED,TEMPORARY,7,0,1
pay_synth_03159,demo_company_001,STRIPE,899.64,USD,UPI,CUSTOMER_ACTION_REQUIRED,TEMPORARY,11,1,1
pay_synth_02243,demo_company_001,RAZORPAY,902.01,INR,UPI,PROVIDER,TEMPORARY,11,1,1
pay_synth_00688,demo_company_001,DEMO,3128.93,INR,NETBANKING,INSUFFICIENT_FUNDS,TEMPORARY,12,3,0
pay_synth_03872,demo_company_001,DEMO,412.83,INR,UPI,AUTHENTICATION,TEMPORARY,2,1,1
pay_synth_02418,demo_company_001,DEMO,7598.03,INR,UPI,NETWORK,TEMPORARY,8,6,1
pay_synth_00389,demo_company_001,RAZORPAY,2145.44,INR,CARD,PROVIDER,TEMPORARY,8,5,1
pay_synth_02262,demo_company_001,RAZORPAY,3197.52,INR,UPI,AUTHENTICATION,TEMPORARY,22,4,1
pay_synth_03218,demo_company_001,DEMO,1479.45,INR,UPI,CARD,PERMANENT,8,6,0
pay_synth_02288,demo_company_001,DEMO,342.73,INR,UPI,INSUFFICIENT_FUNDS,TEMPORARY,20,1,1
pay_synth_03674,demo_company_001,DEMO,8019.53,INR,UPI,INSUFFICIENT_FUNDS,TEMPORARY,8,0,1
pay_synth_01560,demo_company_001,STRIPE,886.07,INR,WALLET,BANK,PERMANENT,23,0,0
pay_synth_04947,demo_company_001,RAZORPAY,927.91,INR,UPI,INSUFFICIENT_FUNDS,TEMPORARY,15,1,1
pay_synth_01316,demo_company_001,RAZORPAY,16190.86,INR,NETBANKING,BANK,TEMPORARY,4,3,0
pay_synth_00313,demo_company_001,DEMO,444.96,INR,NETBANKING,TEMPORARY,TEMPORARY,12,0,1
pay_synth_03849,demo_company_001,RAZORPAY,2337.29,USD,UPI,NETWORK,TEMPORARY,14,0,0
pay_synth_02020,demo_company_001,RAZORPAY,3296.15,INR,CARD,INSUFFICIENT_FUNDS,TEMPORARY,19,1,1
pay_synth_03432,demo_company_001,STRIPE,2449.02,USD,CARD,CUSTOMER_ACTION_REQUIRED,TEMPORARY,8,4,1
pay_synth_01339,demo_company_001,DEMO,3891.48,INR,CARD,PROVIDER,TEMPORARY,6,1,1
pay_synth_03476,demo_company_001,STRIPE,824.34,INR,CARD,INSUFFICIENT_FUNDS,TEMPORARY,9,3,1
pay_synth_04436,demo_company_001,DEMO,1880.07,INR,UPI,AUTHENTICATION,TEMPORARY,5,6,0
pay_synth_02472,demo_company_001,STRIPE,505.24,INR,UPI,CARD,PERMANENT,9,6,0
pay_synth_00164,demo_company_001,RAZORPAY,1217.89,INR,CARD,AUTHENTICATION,TEMPORARY,17,5,0
pay_synth_04587,demo_company_001,DEMO,5668.43,INR,UPI,UNKNOWN,UNKNOWN,15,3,1
pay_synth_03438,demo_company_001,RAZORPAY,1219.43,INR,UPI,BANK,TEMPORARY,5,1,0
pay_synth_02568,demo_company_001,DEMO,1110.59,INR,UPI,INSUFFICIENT_FUNDS,TEMPORARY,12,2,1
pay_synth_04626,demo_company_001,RAZORPAY,1462.13,INR,UPI,NETWORK,TEMPORARY,9,1,1
pay_synth_01086,demo_company_001,DEMO,535.26,INR,CARD,AUTHENTICATION,TEMPORARY,16,1,1
pay_synth_00645,demo_company_001,DEMO,291.04,INR,CARD,INSUFFICIENT_FUNDS,TEMPORARY,8,2,0
pay_synth_02216,demo_company_001,DEMO,601.41,USD,CARD,AUTHENTICATION,TEMPORARY,22,2,0
pay_synth_03411,demo_company_001,DEMO,345.58,INR,UPI,INSUFFICIENT_FUNDS,TEMPORARY,5,5,1
pay_synth_04231,demo_company_001,RAZORPAY,301.83,INR,CARD,INSUFFICIENT_FUNDS,TEMPORARY,8,6,0
pay_synth_00204,demo_company_001,STRIPE,1537.09,INR,CARD,AUTHENTICATION,TEMPORARY,4,0,1
pay_synth_03724,demo_company_001,DEMO,10458.61,INR,UPI,INSUFFICIENT_FUNDS,TEMPORARY,15,0,1
pay_synth_02434,demo_company_001,DEMO,1804.85,INR,UPI,NETWORK,TEMPORARY,8,4,1
pay_synth_04614,demo_company_001,DEMO,1167.56,INR,UPI,CARD,PERMANENT,20,4,0
pay_synth_00243,demo_company_001,STRIPE,5874.61,INR,CARD,AUTHENTICATION,TEMPORARY,3,0,1
pay_synth_03639,demo_company_001,DEMO,1145.61,INR,CARD,NETWORK,TEMPORARY,6,6,1
pay_synth_04152,demo_company_001,DEMO,2401.83,INR,CARD,PROVIDER,TEMPORARY,14,1,1
pay_synth_04856,demo_company_001,DEMO,2170.92,INR,CARD,PROVIDER,TEMPORARY,3,0,0
pay_synth_01815,demo_company_001,DEMO,2254.2,INR,CARD,INSUFFICIENT_FUNDS,TEMPORARY,3,0,1
pay_synth_00984,demo_company_001,DEMO,100.0,USD,UPI,AUTHENTICATION,TEMPORARY,15,0,1
pay_synth_02241,demo_company_001,RAZORPAY,2680.52,USD,NETBANKING,INSUFFICIENT_FUNDS,TEMPORARY,21,4,1
pay_synth_03604,demo_company_001,DEMO,434.4,INR,UPI,AUTHENTICATION,TEMPORARY,3,4,1
pay_synth_00703,demo_company_001,DEMO,1123.29,INR,CARD,INSUFFICIENT_FUNDS,TEMPORARY,13,2,0
pay_synth_02485,demo_company_001,DEMO,1028.73,INR,UPI,CARD,PERMANENT,9,6,0
pay_synth_01358,demo_company_001,DEMO,3751.2,INR,CARD,CUSTOMER_ACTION_REQUIRED,TEMPORARY,22,0,0
pay_synth_03657,demo_company_001,DEMO,2522.36,INR,CARD,AUTHENTICATION,TEMPORARY,17,3,1
pay_synth_04004,demo_company_001,DEMO,673.55,INR,UPI,AUTHENTICATION,TEMPORARY,1,3,0
pay_synth_03127,demo_company_001,RAZORPAY,1645.81,INR,UPI,INSUFFICIENT_FUNDS,TEMPORARY,7,6,1
pay_synth_03721,demo_company_001,DEMO,1803.24,INR,UPI,AUTHENTICATION,TEMPORARY,14,1,1
pay_synth_03505,demo_company_001,STRIPE,1881.54,INR,UPI,INSUFFICIENT_FUNDS,TEMPORARY,7,2,1
pay_synth_03153,demo_company_001,RAZORPAY,7417.86,INR,UPI,INSUFFICIENT_FUNDS,TEMPORARY,23,6,0
pay_synth_02007,demo_company_001,DEMO,1039.74,INR,CARD,AUTHENTICATION,TEMPORARY,2,1,1
pay_synth_04209,demo_company_001,DEMO,100.0,INR,CARD,CUSTOMER_ACTION_REQUIRED,TEMPORARY,20,0,0
pay_synth_04239,demo_company_001,RAZORPAY,2310.49,INR,CARD,NETWORK,TEMPORARY,17,0,1
pay_synth_04069,demo_company_001,RAZORPAY,1105.78,INR,UPI,BANK,TEMPORARY,16,2,0
pay_synth_03636,demo_company_001,DEMO,14728.56,USD,NETBANKING,BANK,TEMPORARY,16,0,1
pay_synth_04316,demo_company_001,DEMO,1512.68,INR,UPI,CARD,PERMANENT,21,5,0
pay_synth_02079,demo_company_001,STRIPE,899.15,INR,CARD,INSUFFICIENT_FUNDS,TEMPORARY,11,1,1
pay_synth_01195,demo_company_001,DEMO,2850.38,INR,CARD,INSUFFICIENT_FUNDS,TEMPORARY,20,2,1
pay_synth_00399,demo_company_001,RAZORPAY,836.97,INR,UPI,NETWORK,TEMPORARY,21,4,1
pay_synth_00403,demo_company_001,RAZORPAY,1265.9,INR,WALLET,INSUFFICIENT_FUNDS,TEMPORARY,23,0,1
pay_synth_03201,demo_company_001,RAZORPAY,668.24,USD,UPI,INSUFFICIENT_FUNDS,TEMPORARY,3,6,1
pay_synth_03888,demo_company_001,RAZORPAY,1247.7,INR,CARD,INSUFFICIENT_FUNDS,TEMPORARY,5,0,0
pay_synth_04297,demo_company_001,DEMO,220.17,INR,NETBANKING,BANK,PERMANENT,21,4,1
pay_synth_01133,demo_company_001,DEMO,2332.12,INR,CARD,AUTHENTICATION,TEMPORARY,22,2,0
pay_synth_01602,demo_company_001,DEMO,1760.91,INR,CARD,BANK,TEMPORARY,3,6,0
pay_synth_03318,demo_company_001,DEMO,1367.87,INR,CARD,AUTHENTICATION,TEMPORARY,15,5,0
pay_synth_02413,demo_company_001,DEMO,3925.09,INR,UPI,INSUFFICIENT_FUNDS,TEMPORARY,21,3,0
pay_synth_01537,demo_company_001,DEMO,2264.68,INR,CARD,CUSTOMER_ACTION_REQUIRED,TEMPORARY,4,2,1
pay_synth_02428,demo_company_001,STRIPE,3628.91,INR,UPI,NETWORK,TEMPORARY,0,3,1
pay_synth_00229,demo_company_001,STRIPE,1009.18,INR,UPI,INSUFFICIENT_FUNDS,TEMPORARY,2,3,1
pay_synth_03617,demo_company_001,RAZORPAY,555.77,INR,WALLET,INSUFFICIENT_FUNDS,TEMPORARY,0,1,1
pay_synth_03884,demo_company_001,DEMO,1837.05,INR,UPI,INSUFFICIENT_FUNDS,TEMPORARY,23,5,0
pay_synth_01954,demo_company_001,RAZORPAY,1955.1,INR,UPI,CARD,PERMANENT,7,1,0
pay_synth_03702,demo_company_001,RAZORPAY,846.47,INR,NETBANKING,CARD,PERMANENT,19,4,0
pay_synth_03291,demo_company_001,DEMO,1459.13,INR,WALLET,NETWORK,TEMPORARY,21,2,1
pay_synth_02605,demo_company_001,DEMO,5282.66,INR,UPI,BANK,PERMANENT,15,1,0
pay_synth_03172,demo_company_001,DEMO,2256.56,INR,NETBANKING,AUTHENTICATION,TEMPORARY,4,4,0
pay_synth_03495,demo_company_001,RAZORPAY,100.0,INR,UPI,CARD,PERMANENT,2,3,0
pay_synth_02254,demo_company_001,STRIPE,2403.36,USD,NETBANKING,NETWORK,TEMPORARY,7,3,0
pay_synth_03465,demo_company_001,DEMO,700.03,INR,WALLET,CARD,PERMANENT,0,5,0
pay_synth_00288,demo_company_001,RAZORPAY,4734.44,INR,UPI,INSUFFICIENT_FUNDS,TEMPORARY,23,1,0
pay_synth_02101,demo_company_001,STRIPE,1603.13,INR,UPI,AUTHENTICATION,TEMPORARY,3,0,1
pay_synth_02392,demo_company_001,DEMO,1878.98,INR,UPI,TEMPORARY,TEMPORARY,19,3,1
pay_synth_04687,demo_company_001,DEMO,546.72,INR,UPI,AUTHENTICATION,TEMPORARY,9,1,1
pay_synth_03957,demo_company_001,STRIPE,3741.0,INR,CARD,INSUFFICIENT_FUNDS,TEMPORARY,12,1,1
pay_synth_03378,demo_company_001,DEMO,1860.91,INR,UPI,TEMPORARY,TEMPORARY,21,0,1
pay_synth_00474,demo_company_001,STRIPE,2021.88,INR,CARD,INSUFFICIENT_FUNDS,TEMPORARY,20,3,1
pay_synth_03070,demo_company_001,RAZORPAY,1281.52,INR,CARD,CARD,PERMANENT,13,3,0
pay_synth_02981,demo_company_001,DEMO,2271.21,USD,UPI,INSUFFICIENT_FUNDS,TEMPORARY,19,4,1
pay_synth_03152,demo_company_001,DEMO,6105.72,INR,NETBANKING,INSUFFICIENT_FUNDS,TEMPORARY,17,0,1
pay_synth_02129,demo_company_001,STRIPE,797.73,INR,UPI,CARD,PERMANENT,14,5,0
pay_synth_02950,demo_company_001,STRIPE,2253.44,USD,UPI,INSUFFICIENT_FUNDS,TEMPORARY,18,5,1
pay_synth_01684,demo_company_001,STRIPE,1940.78,INR,UPI,INSUFFICIENT_FUNDS,TEMPORARY,19,3,0
pay_synth_00664,demo_company_001,DEMO,10306.41,INR,CARD,AUTHENTICATION,TEMPORARY,3,6,0
pay_synth_04484,demo_company_001,RAZORPAY,948.24,INR,NETBANKING,AUTHENTICATION,TEMPORARY,2,3,1
pay_synth_04478,demo_company_001,DEMO,1694.97,INR,NETBANKING,UNKNOWN,UNKNOWN,11,6,0
pay_synth_01883,demo_company_001,RAZORPAY,2787.46,INR,UPI,INSUFFICIENT_FUNDS,TEMPORARY,22,3,1
pay_synth_00999,demo_company_001,STRIPE,3456.73,USD,CARD,INSUFFICIENT_FUNDS,TEMPORARY,7,3,1
pay_synth_01297,demo_company_001,DEMO,406.9,INR,UPI,AUTHENTICATION,TEMPORARY,2,6,1
pay_synth_02644,demo_company_001,RAZORPAY,6741.62,INR,UPI,UNKNOWN,UNKNOWN,3,4,0
pay_synth_03648,demo_company_001,DEMO,573.48,INR,UPI,NETWORK,TEMPORARY,12,5,1
pay_synth_00290,demo_company_001,RAZORPAY,1282.55,INR,CARD,INSUFFICIENT_FUNDS,TEMPORARY,20,1,1
pay_synth_01811,demo_company_001,RAZORPAY,2160.96,INR,CARD,TEMPORARY,TEMPORARY,11,1,0
pay_synth_02211,demo_company_001,RAZORPAY,2484.24,INR,CARD,NETWORK,TEMPORARY,9,6,1
pay_synth_04792,demo_company_001,STRIPE,4361.25,INR,CARD,AUTHENTICATION,TEMPORARY,4,5,1
pay_synth_01937,demo_company_001,DEMO,539.06,INR,UPI,BANK,PERMANENT,22,0,1
pay_synth_03423,demo_company_001,RAZORPAY,5478.2,INR,UPI,BANK,PERMANENT,6,0,1
pay_synth_00284,demo_company_001,DEMO,4571.81,INR,NETBANKING,BANK,PERMANENT,16,0,1
pay_synth_01346,demo_company_001,DEMO,4953.07,USD,UPI,TEMPORARY,TEMPORARY,3,3,1
pay_synth_04516,demo_company_001,DEMO,8919.36,INR,UPI,INSUFFICIENT_FUNDS,TEMPORARY,14,0,1
pay_synth_00742,demo_company_001,DEMO,4164.45,INR,CARD,BANK,TEMPORARY,7,2,1
pay_synth_04931,demo_company_001,DEMO,532.91,INR,NETBANKING,INSUFFICIENT_FUNDS,TEMPORARY,23,4,1
pay_synth_04651,demo_company_001,DEMO,745.2,INR,UPI,INSUFFICIENT_FUNDS,TEMPORARY,4,4,1
pay_synth_04838,demo_company_001,DEMO,1164.85,INR,UPI,CARD,PERMANENT,13,6,1
pay_synth_03084,demo_company_001,RAZORPAY,2570.51,INR,UPI,CARD,PERMANENT,11,6,0
pay_synth_00951,demo_company_001,RAZORPAY,377.36,INR,UPI,INSUFFICIENT_FUNDS,TEMPORARY,9,5,1
pay_synth_00326,demo_company_001,RAZORPAY,1356.78,USD,CARD,INSUFFICIENT_FUNDS,TEMPORARY,7,6,1
pay_synth_01671,demo_company_001,DEMO,2636.91,INR,UPI,AUTHENTICATION,TEMPORARY,19,1,0
pay_synth_03177,demo_company_001,RAZORPAY,1446.11,INR,UPI,CARD,PERMANENT,5,2,0
pay_synth_00194,demo_company_001,RAZORPAY,706.49,INR,NETBANKING,PROVIDER,TEMPORARY,16,5,1
pay_synth_03079,demo_company_001,DEMO,4357.87,USD,UPI,BANK,TEMPORARY,17,5,1
pay_synth_04381,demo_company_001,DEMO,808.25,INR,UPI,CUSTOMER_ACTION_REQUIRED,TEMPORARY,7,2,0
pay_synth_03314,demo_company_001,DEMO,3448.64,INR,CARD,NETWORK,TEMPORARY,18,4,1
pay_synth_04590,demo_company_001,RAZORPAY,198.59,USD,CARD,INSUFFICIENT_FUNDS,TEMPORARY,8,2,1
pay_synth_03099,demo_company_001,DEMO,2421.87,INR,UPI,AUTHENTICATION,TEMPORARY,5,5,1
pay_synth_04303,demo_company_001,RAZORPAY,1507.84,INR,NETBANKING,INSUFFICIENT_FUNDS,TEMPORARY,14,4,1
pay_synth_03475,demo_company_001,STRIPE,1762.88,INR,NETBANKING,AUTHENTICATION,TEMPORARY,19,5,1
pay_synth_00975,demo_company_001,DEMO,6640.26,INR,UPI,CARD,PERMANENT,15,1,0
pay_synth_01796,demo_company_001,DEMO,2845.69,INR,UPI,PROVIDER,TEMPORARY,6,4,1
pay_synth_00157,demo_company_001,RAZORPAY,1941.91,INR,UPI,INSUFFICIENT_FUNDS,TEMPORARY,12,6,1
pay_synth_03994,demo_company_001,DEMO,4235.4,INR,CARD,AUTHENTICATION,TEMPORARY,18,4,0
pay_synth_01272,demo_company_001,STRIPE,1519.27,INR,NETBANKING,INSUFFICIENT_FUNDS,TEMPORARY,6,4,1
pay_synth_03815,demo_company_001,DEMO,635.58,INR,CARD,NETWORK,TEMPORARY,9,6,1
pay_synth_00100,demo_company_001,DEMO,5938.4,INR,UPI,INSUFFICIENT_FUNDS,TEMPORARY,7,2,0
pay_synth_01898,demo_company_001,DEMO,2127.29,INR,UPI,PROVIDER,TEMPORARY,15,0,1
pay_synth_04334,demo_company_001,RAZORPAY,12369.55,INR,CARD,INSUFFICIENT_FUNDS,TEMPORARY,4,0,0
pay_synth_03549,demo_company_001,DEMO,289.67,INR,UPI,PROVIDER,TEMPORARY,22,0,1
pay_synth_01252,demo_company_001,DEMO,3966.13,USD,UPI,CARD,PERMANENT,2,6,0
pay_synth_04546,demo_company_001,STRIPE,2779.49,INR,UPI,AUTHENTICATION,TEMPORARY,3,2,1
pay_synth_04405,demo_company_001,STRIPE,3444.68,INR,UPI,NETWORK,TEMPORARY,22,2,1
pay_synth_02707,demo_company_001,DEMO,3752.23,INR,CARD,INSUFFICIENT_FUNDS,TEMPORARY,15,3,1
pay_synth_04394,demo_company_001,DEMO,1686.64,INR,CARD,NETWORK,TEMPORARY,11,0,1
pay_synth_04206,demo_company_001,DEMO,3098.71,INR,UPI,NETWORK,TEMPORARY,10,4,1
pay_synth_04874,demo_company_001,DEMO,801.15,INR,UPI,CARD,PERMANENT,22,5,1
pay_synth_01282,demo_company_001,RAZORPAY,4883.18,INR,CARD,INSUFFICIENT_FUNDS,TEMPORARY,3,3,1
pay_synth_02307,demo_company_001,DEMO,1220.42,INR,NETBANKING,NETWORK,TEMPORARY,1,4,0
pay_synth_04790,demo_company_001,DEMO,4421.51,INR,UPI,CUSTOMER_ACTION_REQUIRED,TEMPORARY,19,3,1
pay_synth_04467,demo_company_001,DEMO,931.99,INR,NETBANKING,AUTHENTICATION,TEMPORARY,18,5,0
pay_synth_04271,demo_company_001,RAZORPAY,3479.57,INR,UPI,NETWORK,TEMPORARY,13,0,1
pay_synth_04077,demo_company_001,DEMO,10826.92,INR,CARD,NETWORK,TEMPORARY,12,6,0
pay_synth_04932,demo_company_001,DEMO,1105.14,USD,UPI,NETWORK,TEMPORARY,6,6,1
pay_synth_03700,demo_company_001,DEMO,2048.55,INR,CARD,INSUFFICIENT_FUNDS,TEMPORARY,15,6,1
pay_synth_01099,demo_company_001,RAZORPAY,1998.22,INR,UPI,CARD,PERMANENT,0,6,0
pay_synth_00043,demo_company_001,DEMO,444.88,INR,UPI,INSUFFICIENT_FUNDS,TEMPORARY,18,6,1
pay_synth_03520,demo_company_001,DEMO,7012.82,INR,NETBANKING,INSUFFICIENT_FUNDS,TEMPORARY,21,0,1
pay_synth_04826,demo_company_001,DEMO,3985.39,INR,CARD,INSUFFICIENT_FUNDS,TEMPORARY,0,5,1
pay_synth_02468,demo_company_001,DEMO,819.16,INR,CARD,INSUFFICIENT_FUNDS,TEMPORARY,6,3,1
pay_synth_01051,demo_company_001,STRIPE,6580.63,INR,CARD,INSUFFICIENT_FUNDS,TEMPORARY,21,4,0
pay_synth_02749,demo_company_001,STRIPE,346.65,INR,UPI,INSUFFICIENT_FUNDS,TEMPORARY,18,3,1
pay_synth_00129,demo_company_001,DEMO,1919.57,USD,UPI,NETWORK,TEMPORARY,12,1,1
pay_synth_00969,demo_company_001,RAZORPAY,903.3,USD,NETBANKING,CARD,PERMANENT,9,6,0
pay_synth_04272,demo_company_001,STRIPE,362.54,INR,CARD,AUTHENTICATION,TEMPORARY,5,4,1
pay_synth_02117,demo_company_001,DEMO,1578.79,INR,NETBANKING,AUTHENTICATION,TEMPORARY,2,4,1
pay_synth_03707,demo_company_001,RAZORPAY,10519.77,INR,CARD,NETWORK,TEMPORARY,21,2,1
pay_synth_01389,demo_company_001,STRIPE,960.59,INR,UPI,UNKNOWN,UNKNOWN,5,5,1
pay_synth_04743,demo_company_001,DEMO,448.41,INR,NETBANKING,BANK,PERMANENT,0,0,0
pay_synth_00763,demo_company_001,DEMO,2046.54,INR,NETBANKING,CARD,PERMANENT,0,6,0
pay_synth_00888,demo_company_001,DEMO,2855.37,INR,NETBANKING,INSUFFICIENT_FUNDS,TEMPORARY,9,3,0
pay_synth_04785,demo_company_001,DEMO,2132.24,INR,CARD,AUTHENTICATION,TEMPORARY,0,2,1
pay_synth_01427,demo_company_001,DEMO,718.05,INR,NETBANKING,INSUFFICIENT_FUNDS,TEMPORARY,22,6,1
pay_synth_04714,demo_company_001,RAZORPAY,2505.84,INR,UPI,AUTHENTICATION,TEMPORARY,5,5,0
pay_synth_02880,demo_company_001,DEMO,3388.9,INR,UPI,INSUFFICIENT_FUNDS,TEMPORARY,14,3,1
pay_synth_03538,demo_company_001,DEMO,1849.39,INR,NETBANKING,BANK,TEMPORARY,11,3,1
pay_synth_03855,demo_company_001,RAZORPAY,2941.51,INR,CARD,INSUFFICIENT_FUNDS,TEMPORARY,22,4,1
pay_synth_02037,demo_company_001,DEMO,4348.62,INR,UPI,INSUFFICIENT_FUNDS,TEMPORARY,7,5,1
pay_synth_01037,demo_company_001,DEMO,283.94,USD,CARD,NETWORK,TEMPORARY,14,6,1
pay_synth_00947,demo_company_001,DEMO,15793.6,INR,UPI,INSUFFICIENT_FUNDS,TEMPORARY,14,2,1
pay_synth_04702,demo_company_001,DEMO,6540.0,INR,UPI,INSUFFICIENT_FUNDS,TEMPORARY,16,1,1
pay_synth_01396,demo_company_001,STRIPE,2996.09,INR,UPI,INSUFFICIENT_FUNDS,TEMPORARY,9,5,0
pay_synth_04915,demo_company_001,DEMO,240.98,INR,CARD,AUTHENTICATION,TEMPORARY,7,4,1
pay_synth_00904,demo_company_001,RAZORPAY,1338.74,INR,UPI,CARD,PERMANENT,2,4,0
pay_synth_01202,demo_company_001,DEMO,5021.56,INR,UPI,AUTHENTICATION,TEMPORARY,14,2,1
pay_synth_00496,demo_company_001,DEMO,1900.73,INR,UPI,INSUFFICIENT_FUNDS,TEMPORARY,2,0,0
pay_synth_00662,demo_company_001,STRIPE,3802.31,INR,UPI,INSUFFICIENT_FUNDS,TEMPORARY,1,4,1
pay_synth_01775,demo_company_001,RAZORPAY,14105.53,USD,UPI,UNKNOWN,UNKNOWN,9,0,1
pay_synth_01229,demo_company_001,STRIPE,2254.33,INR,CARD,INSUFFICIENT_FUNDS,TEMPORARY,20,2,1
pay_synth_04260,demo_company_001,DEMO,15912.14,INR,UPI,INSUFFICIENT_FUNDS,TEMPORARY,3,3,1
pay_synth_00161,demo_company_001,DEMO,826.31,INR,CARD,NETWORK,TEMPORARY,13,4,1
pay_synth_02108,demo_company_001,STRIPE,4534.31,INR,UPI,INSUFFICIENT_FUNDS,TEMPORARY,0,3,1
pay_synth_01145,demo_company_001,DEMO,4100.26,USD,CARD,INSUFFICIENT_FUNDS,TEMPORARY,0,2,0
pay_synth_04255,demo_company_001,DEMO,3277.36,INR,CARD,BANK,TEMPORARY,16,1,1
pay_synth_00494,demo_company_001,DEMO,1401.49,INR,UPI,INSUFFICIENT_FUNDS,TEMPORARY,22,0,1
pay_synth_02342,demo_company_001,DEMO,3611.32,INR,UPI,AUTHENTICATION,TEMPORARY,18,6,1
pay_synth_04257,demo_company_001,STRIPE,2471.26,INR,UPI,INSUFFICIENT_FUNDS,TEMPORARY,14,3,1
pay_synth_03487,demo_company_001,DEMO,5265.98,USD,UPI,NETWORK,TEMPORARY,13,2,1
pay_synth_04819,demo_company_001,STRIPE,1731.91,INR,UPI,INSUFFICIENT_FUNDS,TEMPORARY,2,4,0
pay_synth_04177,demo_company_001,RAZORPAY,4557.61,USD,UPI,AUTHENTICATION,TEMPORARY,21,2,0
pay_synth_01573,demo_company_001,RAZORPAY,575.03,INR,UPI,INSUFFICIENT_FUNDS,TEMPORARY,10,3,1
pay_synth_00559,demo_company_001,RAZORPAY,1298.94,INR,UPI,AUTHENTICATION,TEMPORARY,20,0,0
pay_synth_04731,demo_company_001,DEMO,1683.04,INR,UPI,TEMPORARY,TEMPORARY,9,0,0
pay_synth_04502,demo_company_001,RAZORPAY,2836.2,INR,CARD,CUSTOMER_ACTION_REQUIRED,TEMPORARY,0,0,1
pay_synth_00181,demo_company_001,DEMO,4357.39,INR,UPI,CARD,PERMANENT,22,2,0
pay_synth_03565,demo_company_001,DEMO,4968.84,INR,CARD,AUTHENTICATION,TEMPORARY,17,6,1
pay_synth_03970,demo_company_001,DEMO,34570.8,INR,UPI,NETWORK,TEMPORARY,6,0,1
pay_synth_03366,demo_company_001,RAZORPAY,348.94,INR,CARD,NETWORK,TEMPORARY,12,6,0
pay_synth_04120,demo_company_001,RAZORPAY,9498.9,INR,NETBANKING,INSUFFICIENT_FUNDS,TEMPORARY,15,3,1
pay_synth_00424,demo_company_001,DEMO,1307.25,INR,UPI,AUTHENTICATION,TEMPORARY,1,1,1
pay_synth_01687,demo_company_001,STRIPE,372.65,INR,UPI,INSUFFICIENT_FUNDS,TEMPORARY,9,4,1
pay_synth_00127,demo_company_001,STRIPE,1507.16,INR,CARD,AUTHENTICATION,TEMPORARY,22,0,1
pay_synth_01278,demo_company_001,STRIPE,949.04,INR,UPI,NETWORK,TEMPORARY,6,6,0
pay_synth_04258,demo_company_001,DEMO,305.28,INR,UPI,TEMPORARY,TEMPORARY,6,3,1
pay_synth_00028,demo_company_001,RAZORPAY,405.34,INR,UPI,PROVIDER,TEMPORARY,12,1,1
pay_synth_01364,demo_company_001,RAZORPAY,875.43,INR,CARD,AUTHENTICATION,TEMPORARY,15,4,0
pay_synth_01020,demo_company_001,DEMO,1008.48,INR,UPI,TEMPORARY,TEMPORARY,11,6,1
pay_synth_04061,demo_company_001,DEMO,3586.99,INR,NETBANKING,BANK,PERMANENT,0,5,1
pay_synth_00158,demo_company_001,RAZORPAY,1460.8,USD,CARD,INSUFFICIENT_FUNDS,TEMPORARY,8,1,0
pay_synth_00330,demo_company_001,DEMO,7580.05,USD,CARD,PROVIDER,TEMPORARY,20,1,0
pay_synth_00279,demo_company_001,RAZORPAY,3352.32,INR,NETBANKING,AUTHENTICATION,TEMPORARY,23,6,1
pay_synth_04862,demo_company_001,STRIPE,538.03,INR,CARD,NETWORK,TEMPORARY,12,6,1
pay_synth_03114,demo_company_001,DEMO,4115.91,INR,CARD,AUTHENTICATION,TEMPORARY,3,6,1
pay_synth_04524,demo_company_001,RAZORPAY,7081.39,USD,CARD,INSUFFICIENT_FUNDS,TEMPORARY,16,3,0
pay_synth_02819,demo_company_001,DEMO,3328.36,INR,NETBANKING,AUTHENTICATION,TEMPORARY,1,0,0
pay_synth_01433,demo_company_001,DEMO,806.76,INR,NETBANKING,UNKNOWN,UNKNOWN,10,3,1
pay_synth_00959,demo_company_001,DEMO,2009.08,INR,CARD,NETWORK,TEMPORARY,21,3,0
pay_synth_02071,demo_company_001,RAZORPAY,10073.34,INR,UPI,AUTHENTICATION,TEMPORARY,17,6,1
pay_synth_01603,demo_company_001,DEMO,358.48,INR,UPI,TEMPORARY,TEMPORARY,9,2,1
pay_synth_01706,demo_company_001,DEMO,1773.7,USD,NETBANKING,NETWORK,TEMPORARY,19,1,1
pay_synth_02479,demo_company_001,DEMO,4568.24,INR,NETBANKING,INSUFFICIENT_FUNDS,TEMPORARY,3,3,0
pay_synth_00667,demo_company_001,DEMO,2206.86,INR,CARD,INSUFFICIENT_FUNDS,TEMPORARY,17,1,1
pay_synth_00405,demo_company_001,DEMO,3870.62,INR,UPI,UNKNOWN,UNKNOWN,11,0,1
pay_synth_04412,demo_company_001,DEMO,419.61,INR,CARD,BANK,PERMANENT,1,3,1
pay_synth_02407,demo_company_001,DEMO,633.87,INR,CARD,INSUFFICIENT_FUNDS,TEMPORARY,13,2,1
pay_synth_02502,demo_company_001,RAZORPAY,1883.37,INR,NETBANKING,INSUFFICIENT_FUNDS,TEMPORARY,1,5,1
pay_synth_02331,demo_company_001,DEMO,1633.65,INR,UPI,NETWORK,TEMPORARY,3,0,1
pay_synth_00256,demo_company_001,RAZORPAY,1987.09,INR,CARD,INSUFFICIENT_FUNDS,TEMPORARY,16,0,1
pay_synth_01519,demo_company_001,DEMO,1200.28,INR,WALLET,CARD,PERMANENT,1,0,0
pay_synth_01276,demo_company_001,DEMO,6434.64,INR,CARD,AUTHENTICATION,TEMPORARY,17,6,0
pay_synth_00495,demo_company_001,DEMO,12080.93,INR,CARD,NETWORK,TEMPORARY,19,2,1
pay_synth_04673,demo_company_001,RAZORPAY,5241.56,INR,UPI,INSUFFICIENT_FUNDS,TEMPORARY,14,3,1
pay_synth_02404,demo_company_001,DEMO,3000.04,INR,UPI,INSUFFICIENT_FUNDS,TEMPORARY,2,4,1
pay_synth_03927,demo_company_001,RAZORPAY,1169.11,INR,CARD,INSUFFICIENT_FUNDS,TEMPORARY,17,0,1
pay_synth_01639,demo_company_001,STRIPE,953.55,INR,UPI,AUTHENTICATION,TEMPORARY,12,6,1
pay_synth_00754,demo_company_001,DEMO,4991.31,INR,CARD,CARD,PERMANENT,20,5,0
pay_synth_02966,demo_company_001,RAZORPAY,2130.86,INR,UPI,INSUFFICIENT_FUNDS,TEMPORARY,12,1,1
pay_synth_01692,demo_company_001,RAZORPAY,2761.58,INR,UPI,NETWORK,TEMPORARY,12,5,0
pay_synth_04899,demo_company_001,DEMO,5799.65,INR,NETBANKING,INSUFFICIENT_FUNDS,TEMPORARY,9,6,1
pay_synth_02740,demo_company_001,DEMO,4223.66,INR,UPI,CARD,PERMANENT,19,0,0
pay_synth_00041,demo_company_001,DEMO,4524.72,INR,CARD,CUSTOMER_ACTION_REQUIRED,TEMPORARY,3,2,1
pay_synth_02522,demo_company_001,DEMO,2476.19,INR,CARD,BANK,TEMPORARY,14,5,1
pay_synth_02569,demo_company_001,STRIPE,1589.54,INR,NETBANKING,NETWORK,TEMPORARY,5,6,1
pay_synth_02545,demo_company_001,DEMO,3269.39,INR,UPI,INSUFFICIENT_FUNDS,TEMPORARY,8,1,0
pay_synth_02478,demo_company_001,RAZORPAY,189.52,USD,UPI,AUTHENTICATION,TEMPORARY,2,2,1
pay_synth_02532,demo_company_001,STRIPE,1213.35,INR,UPI,CARD,PERMANENT,3,6,0
pay_synth_02086,demo_company_001,DEMO,3703.09,INR,UPI,INSUFFICIENT_FUNDS,TEMPORARY,2,1,0
pay_synth_01415,demo_company_001,RAZORPAY,651.87,INR,UPI,AUTHENTICATION,TEMPORARY,12,2,1
pay_synth_01193,demo_company_001,DEMO,1645.0,INR,CARD,INSUFFICIENT_FUNDS,TEMPORARY,3,1,1
pay_synth_00239,demo_company_001,RAZORPAY,2512.49,INR,UPI,BANK,PERMANENT,6,5,1
pay_synth_00856,demo_company_001,DEMO,575.98,INR,CARD,NETWORK,TEMPORARY,0,5,1
pay_synth_04890,demo_company_001,RAZORPAY,4488.16,INR,UPI,CUSTOMER_ACTION_REQUIRED,TEMPORARY,22,4,1
pay_synth_03832,demo_company_001,STRIPE,3333.03,INR,UPI,INSUFFICIENT_FUNDS,TEMPORARY,22,3,0
pay_synth_00554,demo_company_001,RAZORPAY,170.17,INR,CARD,NETWORK,TEMPORARY,16,4,1
pay_synth_03345,demo_company_001,DEMO,1391.8,INR,WALLET,NETWORK,TEMPORARY,6,5,1
pay_synth_03802,demo_company_001,STRIPE,1331.77,USD,UPI,INSUFFICIENT_FUNDS,TEMPORARY,7,0,1
pay_synth_04409,demo_company_001,DEMO,5897.89,INR,UPI,BANK,TEMPORARY,20,1,0
pay_synth_04510,demo_company_001,STRIPE,4834.56,INR,UPI,NETWORK,TEMPORARY,0,1,1
pay_synth_00499,demo_company_001,STRIPE,1615.56,INR,CARD,INSUFFICIENT_FUNDS,TEMPORARY,15,2,0
pay_synth_00928,demo_company_001,RAZORPAY,1896.91,INR,CARD,AUTHENTICATION,TEMPORARY,11,3,1
pay_synth_04857,demo_company_001,DEMO,1827.5,INR,UPI,NETWORK,TEMPORARY,2,5,1
pay_synth_00292,demo_company_001,DEMO,302.28,INR,UPI,INSUFFICIENT_FUNDS,TEMPORARY,3,2,1
pay_synth_03427,demo_company_001,RAZORPAY,3436.86,INR,UPI,AUTHENTICATION,TEMPORARY,14,5,1
pay_synth_02607,demo_company_001,DEMO,3123.79,INR,UPI,NETWORK,TEMPORARY,11,3,1
pay_synth_04149,demo_company_001,RAZORPAY,3549.16,INR,UPI,INSUFFICIENT_FUNDS,TEMPORARY,13,1,1
pay_synth_04307,demo_company_001,DEMO,2577.8,INR,UPI,INSUFFICIENT_FUNDS,TEMPORARY,14,3,1
pay_synth_01869,demo_company_001,DEMO,1191.0,INR,CARD,NETWORK,TEMPORARY,6,0,1
pay_synth_04128,demo_company_001,STRIPE,4548.63,INR,CARD,INSUFFICIENT_FUNDS,TEMPORARY,11,2,1
pay_synth_03256,demo_company_001,DEMO,2334.0,INR,NETBANKING,INSUFFICIENT_FUNDS,TEMPORARY,21,5,1
pay_synth_01786,demo_company_001,STRIPE,489.54,USD,NETBANKING,PROVIDER,TEMPORARY,16,5,1
pay_synth_04035,demo_company_001,DEMO,1066.95,INR,CARD,NETWORK,TEMPORARY,9,3,1
pay_synth_04533,demo_company_001,DEMO,3354.48,INR,UPI,INSUFFICIENT_FUNDS,TEMPORARY,2,6,1
pay_synth_02962,demo_company_001,DEMO,3894.96,INR,UPI,INSUFFICIENT_FUNDS,TEMPORARY,16,4,1
pay_synth_00321,demo_company_001,RAZORPAY,3017.46,INR,UPI,NETWORK,TEMPORARY,18,0,1
pay_synth_01022,demo_company_001,DEMO,5560.62,INR,NETBANKING,INSUFFICIENT_FUNDS,TEMPORARY,14,2,1
pay_synth_02727,demo_company_001,DEMO,2440.98,INR,UPI,BANK,TEMPORARY,10,5,0
pay_synth_04103,demo_company_001,RAZORPAY,1012.83,INR,UPI,INSUFFICIENT_FUNDS,TEMPORARY,11,1,1
pay_synth_00483,demo_company_001,DEMO,1125.99,INR,UPI,CARD,PERMANENT,17,5,0
pay_synth_01461,demo_company_001,DEMO,7915.12,INR,UPI,INSUFFICIENT_FUNDS,TEMPORARY,23,0,1
pay_synth_03198,demo_company_001,STRIPE,1994.26,INR,UPI,NETWORK,TEMPORARY,23,5,1
pay_synth_00011,demo_company_001,DEMO,4917.74,INR,UPI,PROVIDER,TEMPORARY,13,3,1
pay_synth_00620,demo_company_001,RAZORPAY,1555.5,INR,UPI,INSUFFICIENT_FUNDS,TEMPORARY,20,1,1
pay_synth_03842,demo_company_001,DEMO,333.51,INR,NETBANKING,NETWORK,TEMPORARY,18,5,1
pay_synth_02517,demo_company_001,DEMO,188.65,INR,UPI,AUTHENTICATION,TEMPORARY,0,6,1
pay_synth_02608,demo_company_001,DEMO,7590.85,INR,CARD,PROVIDER,TEMPORARY,3,1,0
pay_synth_01523,demo_company_001,DEMO,3392.02,INR,CARD,INSUFFICIENT_FUNDS,TEMPORARY,23,2,0
pay_synth_02614,demo_company_001,RAZORPAY,4083.97,INR,UPI,INSUFFICIENT_FUNDS,TEMPORARY,2,6,0
pay_synth_02186,demo_company_001,STRIPE,2714.98,INR,NETBANKING,CARD,PERMANENT,5,1,0
pay_synth_02797,demo_company_001,DEMO,1782.23,INR,NETBANKING,BANK,TEMPORARY,9,1,1
pay_synth_03015,demo_company_001,RAZORPAY,1735.33,USD,CARD,TEMPORARY,TEMPORARY,12,6,1
pay_synth_01156,demo_company_001,RAZORPAY,2939.28,INR,UPI,AUTHENTICATION,TEMPORARY,1,2,0
pay_synth_03801,demo_company_001,DEMO,7617.56,INR,CARD,PROVIDER,TEMPORARY,3,2,0
pay_synth_02507,demo_company_001,STRIPE,1804.82,INR,UPI,CARD,PERMANENT,16,0,1
pay_synth_03516,demo_company_001,STRIPE,2278.04,INR,UPI,NETWORK,TEMPORARY,0,0,0
pay_synth_01780,demo_company_001,STRIPE,1391.78,INR,UPI,CARD,PERMANENT,16,1,0
pay_synth_02178,demo_company_001,RAZORPAY,10862.38,INR,CARD,NETWORK,TEMPORARY,5,5,1
pay_synth_03838,demo_company_001,DEMO,718.27,INR,CARD,BANK,UNKNOWN,10,0,0
pay_synth_03860,demo_company_001,STRIPE,3352.93,INR,CARD,AUTHENTICATION,TEMPORARY,23,1,0
pay_synth_02267,demo_company_001,RAZORPAY,1405.62,USD,UPI,INSUFFICIENT_FUNDS,TEMPORARY,12,1,1
pay_synth_00665,demo_company_001,DEMO,369.49,INR,CARD,NETWORK,TEMPORARY,13,6,1
pay_synth_01409,demo_company_001,RAZORPAY,1030.61,INR,CARD,NETWORK,TEMPORARY,17,6,1
pay_synth_02265,demo_company_001,RAZORPAY,674.8,INR,NETBANKING,BANK,TEMPORARY,23,3,1
pay_synth_02949,demo_company_001,DEMO,1446.58,INR,NETBANKING,PROVIDER,TEMPORARY,7,4,1
pay_synth_00109,demo_company_001,DEMO,1411.11,INR,CARD,AUTHENTICATION,TEMPORARY,4,2,1
pay_synth_01526,demo_company_001,DEMO,2909.98,INR,WALLET,CARD,PERMANENT,13,5,0
pay_synth_00672,demo_company_001,STRIPE,5405.82,INR,UPI,INSUFFICIENT_FUNDS,TEMPORARY,7,6,0
pay_synth_04115,demo_company_001,RAZORPAY,488.23,INR,UPI,INSUFFICIENT_FUNDS,TEMPORARY,1,6,1
pay_synth_03921,demo_company_001,STRIPE,7078.13,INR,CARD,INSUFFICIENT_FUNDS,TEMPORARY,7,3,1
pay_synth_01388,demo_company_001,DEMO,4335.08,INR,CARD,BANK,TEMPORARY,19,6,1
pay_synth_04137,demo_company_001,RAZORPAY,4408.72,INR,CARD,AUTHENTICATION,TEMPORARY,18,4,1
pay_synth_02985,demo_company_001,RAZORPAY,3541.01,INR,UPI,AUTHENTICATION,TEMPORARY,4,2,1
pay_synth_04985,demo_company_001,RAZORPAY,1114.14,INR,NETBANKING,CARD,PERMANENT,20,5,0
pay_synth_04808,demo_company_001,STRIPE,1663.16,INR,CARD,BANK,TEMPORARY,9,4,0
pay_synth_00583,demo_company_001,DEMO,1599.56,USD,NETBANKING,AUTHENTICATION,TEMPORARY,15,3,0
pay_synth_01024,demo_company_001,STRIPE,1437.55,INR,UPI,AUTHENTICATION,TEMPORARY,16,6,1
pay_synth_01973,demo_company_001,DEMO,339.62,INR,UPI,AUTHENTICATION,TEMPORARY,1,3,0
pay_synth_00730,demo_company_001,DEMO,2129.39,INR,NETBANKING,NETWORK,TEMPORARY,22,0,0
pay_synth_00552,demo_company_001,STRIPE,2712.6,INR,UPI,AUTHENTICATION,TEMPORARY,16,5,1
pay_synth_01206,demo_company_001,RAZORPAY,9241.32,INR,NETBANKING,CUSTOMER_ACTION_REQUIRED,TEMPORARY,10,4,1
pay_synth_03910,demo_company_001,DEMO,2126.08,INR,WALLET,INSUFFICIENT_FUNDS,TEMPORARY,9,6,1
pay_synth_03380,demo_company_001,RAZORPAY,433.69,USD,UPI,CARD,PERMANENT,12,6,1
pay_synth_00765,demo_company_001,DEMO,1094.25,INR,NETBANKING,BANK,PERMANENT,14,2,1
pay_synth_04425,demo_company_001,DEMO,592.42,INR,NETBANKING,AUTHENTICATION,TEMPORARY,6,4,1
pay_synth_01591,demo_company_001,RAZORPAY,1160.39,INR,CARD,AUTHENTICATION,TEMPORARY,10,3,1
pay_synth_02787,demo_company_001,STRIPE,1944.27,INR,UPI,INSUFFICIENT_FUNDS,TEMPORARY,2,4,1
pay_synth_02003,demo_company_001,STRIPE,510.29,INR,NETBANKING,INSUFFICIENT_FUNDS,TEMPORARY,10,5,1
pay_synth_03640,demo_company_001,DEMO,428.92,INR,CARD,CARD,PERMANENT,3,1,0
pay_synth_01741,demo_company_001,STRIPE,473.78,INR,UPI,AUTHENTICATION,TEMPORARY,8,4,1
pay_synth_00625,demo_company_001,RAZORPAY,574.44,INR,UPI,TEMPORARY,TEMPORARY,11,2,1
pay_synth_03985,demo_company_001,STRIPE,1862.19,INR,UPI,TEMPORARY,TEMPORARY,22,1,1
pay_synth_04685,demo_company_001,RAZORPAY,2121.27,INR,CARD,BANK,PERMANENT,12,4,1
pay_synth_02315,demo_company_001,STRIPE,6301.8,INR,UPI,CARD,PERMANENT,9,6,0
pay_synth_04620,demo_company_001,STRIPE,8475.24,INR,UPI,AUTHENTICATION,TEMPORARY,16,4,1
pay_synth_03294,demo_company_001,RAZORPAY,713.15,INR,UPI,INSUFFICIENT_FUNDS,TEMPORARY,23,3,1
pay_synth_00860,demo_company_001,DEMO,1820.6,INR,CARD,NETWORK,TEMPORARY,10,6,1
pay_synth_00536,demo_company_001,STRIPE,842.57,INR,UPI,AUTHENTICATION,TEMPORARY,16,1,1
pay_synth_01840,demo_company_001,DEMO,7540.7,INR,WALLET,INSUFFICIENT_FUNDS,TEMPORARY,18,0,1
pay_synth_04583,demo_company_001,RAZORPAY,3450.19,INR,UPI,AUTHENTICATION,TEMPORARY,16,2,1
pay_synth_00871,demo_company_001,DEMO,3989.76,INR,UPI,INSUFFICIENT_FUNDS,TEMPORARY,5,1,1
pay_synth_02299,demo_company_001,DEMO,10984.66,INR,UPI,INSUFFICIENT_FUNDS,TEMPORARY,15,1,1
pay_synth_00941,demo_company_001,DEMO,7814.56,INR,UPI,NETWORK,TEMPORARY,2,1,1
pay_synth_03960,demo_company_001,DEMO,1854.87,USD,NETBANKING,AUTHENTICATION,TEMPORARY,15,4,1
pay_synth_01007,demo_company_001,RAZORPAY,884.13,USD,CARD,NETWORK,TEMPORARY,21,4,0
pay_synth_02897,demo_company_001,RAZORPAY,351.32,INR,CARD,AUTHENTICATION,TEMPORARY,14,6,1
pay_synth_00530,demo_company_001,STRIPE,2242.26,INR,UPI,INSUFFICIENT_FUNDS,TEMPORARY,20,2,0
pay_synth_01091,demo_company_001,STRIPE,845.39,USD,UPI,TEMPORARY,TEMPORARY,6,6,0
pay_synth_01342,demo_company_001,DEMO,1945.67,INR,CARD,INSUFFICIENT_FUNDS,TEMPORARY,20,6,1
pay_synth_01787,demo_company_001,RAZORPAY,1032.54,USD,NETBANKING,PROVIDER,TEMPORARY,22,1,1
pay_synth_00509,demo_company_001,STRIPE,748.69,INR,UPI,CARD,PERMANENT,5,3,0
pay_synth_03450,demo_company_001,DEMO,1325.58,INR,CARD,INSUFFICIENT_FUNDS,TEMPORARY,13,0,1
pay_synth_03575,demo_company_001,STRIPE,4088.39,INR,NETBANKING,NETWORK,TEMPORARY,12,6,1
pay_synth_03940,demo_company_001,DEMO,1235.78,INR,UPI,PROVIDER,TEMPORARY,7,2,1
pay_synth_01067,demo_company_001,DEMO,638.29,INR,CARD,INSUFFICIENT_FUNDS,TEMPORARY,11,1,0
pay_synth_03222,demo_company_001,DEMO,4290.31,USD,UPI,UNKNOWN,UNKNOWN,18,1,1
pay_synth_02350,demo_company_001,DEMO,4290.07,INR,NETBANKING,INSUFFICIENT_FUNDS,TEMPORARY,19,4,1
pay_synth_00934,demo_company_001,RAZORPAY,2324.38,INR,WALLET,BANK,TEMPORARY,7,6,1
pay_synth_03532,demo_company_001,RAZORPAY,182.42,INR,UPI,AUTHENTICATION,TEMPORARY,19,0,1
pay_synth_04083,demo_company_001,RAZORPAY,3347.45,INR,UPI,UNKNOWN,UNKNOWN,0,4,1
pay_synth_02913,demo_company_001,RAZORPAY,3118.69,USD,CARD,UNKNOWN,UNKNOWN,3,4,0
pay_synth_03361,demo_company_001,RAZORPAY,1070.83,INR,NETBANKING,INSUFFICIENT_FUNDS,TEMPORARY,17,4,0
pay_synth_04304,demo_company_001,RAZORPAY,1873.9,INR,CARD,INSUFFICIENT_FUNDS,TEMPORARY,11,4,0
pay_synth_01670,demo_company_001,STRIPE,20723.49,INR,UPI,INSUFFICIENT_FUNDS,TEMPORARY,13,2,1
pay_synth_01187,demo_company_001,RAZORPAY,1186.23,USD,CARD,INSUFFICIENT_FUNDS,TEMPORARY,7,0,1
pay_synth_02563,demo_company_001,DEMO,4063.24,INR,UPI,CARD,PERMANENT,16,4,1
pay_synth_02229,demo_company_001,DEMO,588.84,INR,NETBANKING,NETWORK,TEMPORARY,1,6,1
pay_synth_01981,demo_company_001,DEMO,8156.62,INR,UPI,INSUFFICIENT_FUNDS,TEMPORARY,22,3,1
pay_synth_02924,demo_company_001,DEMO,2488.22,INR,UPI,CUSTOMER_ACTION_REQUIRED,TEMPORARY,9,3,0
pay_synth_02489,demo_company_001,RAZORPAY,1644.26,INR,CARD,INSUFFICIENT_FUNDS,TEMPORARY,9,1,1
pay_synth_04415,demo_company_001,DEMO,1535.12,INR,CARD,NETWORK,TEMPORARY,13,3,1
pay_synth_02427,demo_company_001,DEMO,12493.41,INR,UPI,AUTHENTICATION,TEMPORARY,1,2,0
pay_synth_02565,demo_company_001,DEMO,2878.87,INR,CARD,AUTHENTICATION,TEMPORARY,19,2,1
pay_synth_04326,demo_company_001,STRIPE,1325.56,INR,NETBANKING,PROVIDER,TEMPORARY,4,6,0
pay_synth_03633,demo_company_001,DEMO,1074.33,USD,UPI,INSUFFICIENT_FUNDS,TEMPORARY,9,4,1
pay_synth_02125,demo_company_001,STRIPE,3821.05,INR,UPI,AUTHENTICATION,TEMPORARY,19,6,0
pay_synth_02708,demo_company_001,DEMO,4256.66,INR,CARD,BANK,TEMPORARY,19,4,1
pay_synth_04219,demo_company_001,RAZORPAY,2047.94,INR,NETBANKING,INSUFFICIENT_FUNDS,TEMPORARY,13,2,0
pay_synth_01678,demo_company_001,DEMO,3082.09,INR,UPI,NETWORK,TEMPORARY,19,1,1
pay_synth_04408,demo_company_001,DEMO,659.16,INR,CARD,NETWORK,TEMPORARY,12,0,1
pay_synth_04791,demo_company_001,DEMO,610.45,INR,UPI,AUTHENTICATION,TEMPORARY,3,0,0
pay_synth_04705,demo_company_001,DEMO,9560.15,INR,UPI,CUSTOMER_ACTION_REQUIRED,TEMPORARY,18,2,0
pay_synth_02620,demo_company_001,DEMO,2965.71,INR,UPI,NETWORK,TEMPORARY,21,5,1
pay_synth_02872,demo_company_001,STRIPE,7685.34,INR,UPI,PROVIDER,TEMPORARY,10,1,1
pay_synth_02449,demo_company_001,DEMO,9502.68,INR,CARD,CARD,PERMANENT,23,1,1
pay_synth_01737,demo_company_001,DEMO,4145.19,INR,NETBANKING,NETWORK,TEMPORARY,5,3,1
pay_synth_03569,demo_company_001,RAZORPAY,3127.97,INR,UPI,TEMPORARY,TEMPORARY,6,2,1
pay_synth_00724,demo_company_001,RAZORPAY,1981.02,USD,UPI,PROVIDER,TEMPORARY,4,6,0
pay_synth_02150,demo_company_001,STRIPE,229.43,INR,CARD,INSUFFICIENT_FUNDS,TEMPORARY,19,5,1
pay_synth_00579,demo_company_001,DEMO,129.56,INR,NETBANKING,INSUFFICIENT_FUNDS,TEMPORARY,8,5,1
pay_synth_03221,demo_company_001,RAZORPAY,1238.44,INR,NETBANKING,AUTHENTICATION,TEMPORARY,16,2,0
pay_synth_01249,demo_company_001,STRIPE,2740.03,INR,CARD,AUTHENTICATION,TEMPORARY,16,2,1
pay_synth_03867,demo_company_001,DEMO,2017.78,INR,UPI,BANK,TEMPORARY,7,4,1
pay_synth_03983,demo_company_001,DEMO,968.43,INR,CARD,INSUFFICIENT_FUNDS,TEMPORARY,1,1,1
pay_synth_04812,demo_company_001,STRIPE,861.82,USD,NETBANKING,AUTHENTICATION,TEMPORARY,7,3,1
pay_synth_02061,demo_company_001,DEMO,1511.56,INR,NETBANKING,TEMPORARY,TEMPORARY,13,6,1
pay_synth_02680,demo_company_001,RAZORPAY,367.33,INR,UPI,INSUFFICIENT_FUNDS,TEMPORARY,8,2,1
pay_synth_04204,demo_company_001,STRIPE,1608.24,INR,CARD,BANK,TEMPORARY,3,0,0
pay_synth_03298,demo_company_001,DEMO,1867.13,INR,CARD,CARD,PERMANENT,16,6,0
pay_synth_02401,demo_company_001,DEMO,3066.09,INR,UPI,CARD,PERMANENT,3,4,1
pay_synth_02647,demo_company_001,STRIPE,1597.09,INR,CARD,INSUFFICIENT_FUNDS,TEMPORARY,19,2,1
pay_synth_02626,demo_company_001,STRIPE,2937.37,INR,CARD,INSUFFICIENT_FUNDS,TEMPORARY,22,0,1
pay_synth_03329,demo_company_001,DEMO,3356.9,INR,NETBANKING,AUTHENTICATION,TEMPORARY,3,4,1
pay_synth_02224,demo_company_001,DEMO,721.98,INR,UPI,AUTHENTICATION,TEMPORARY,6,2,1
pay_synth_00245,demo_company_001,DEMO,4298.5,USD,CARD,INSUFFICIENT_FUNDS,TEMPORARY,13,4,0
pay_synth_01812,demo_company_001,RAZORPAY,681.18,INR,UPI,TEMPORARY,TEMPORARY,18,0,1
pay_synth_04473,demo_company_001,DEMO,6205.82,INR,NETBANKING,INSUFFICIENT_FUNDS,TEMPORARY,19,4,1
pay_synth_00792,demo_company_001,RAZORPAY,2651.13,INR,CARD,AUTHENTICATION,TEMPORARY,0,3,0
pay_synth_04837,demo_company_001,DEMO,4310.14,INR,NETBANKING,AUTHENTICATION,TEMPORARY,17,0,0
pay_synth_01257,demo_company_001,DEMO,1433.49,INR,CARD,INSUFFICIENT_FUNDS,TEMPORARY,11,0,1
pay_synth_00455,demo_company_001,DEMO,3329.84,INR,CARD,BANK,TEMPORARY,9,1,1
pay_synth_02954,demo_company_001,DEMO,1741.65,INR,UPI,INSUFFICIENT_FUNDS,TEMPORARY,16,0,1
pay_synth_03541,demo_company_001,DEMO,1512.52,INR,CARD,AUTHENTICATION,TEMPORARY,19,2,1
pay_synth_01677,demo_company_001,DEMO,736.11,INR,CARD,AUTHENTICATION,TEMPORARY,7,1,0
pay_synth_00822,demo_company_001,DEMO,5158.53,INR,UPI,INSUFFICIENT_FUNDS,TEMPORARY,9,6,0
pay_synth_01760,demo_company_001,RAZORPAY,1682.65,USD,UPI,NETWORK,TEMPORARY,13,1,0
pay_synth_01882,demo_company_001,STRIPE,2374.05,INR,UPI,INSUFFICIENT_FUNDS,TEMPORARY,15,0,1
pay_synth_00926,demo_company_001,DEMO,2411.71,INR,CARD,INSUFFICIENT_FUNDS,TEMPORARY,21,5,0
pay_synth_01732,demo_company_001,RAZORPAY,10480.53,INR,UPI,INSUFFICIENT_FUNDS,TEMPORARY,4,2,1
pay_synth_01911,demo_company_001,DEMO,1726.41,INR,UPI,CUSTOMER_ACTION_REQUIRED,TEMPORARY,11,1,1
pay_synth_03149,demo_company_001,RAZORPAY,6970.53,INR,UPI,CARD,PERMANENT,16,0,0
pay_synth_02551,demo_company_001,DEMO,936.79,INR,NETBANKING,AUTHENTICATION,TEMPORARY,12,3,0
pay_synth_00095,demo_company_001,RAZORPAY,1376.94,INR,UPI,BANK,TEMPORARY,14,4,1
pay_synth_04567,demo_company_001,DEMO,2792.06,INR,CARD,UNKNOWN,UNKNOWN,3,1,0
pay_synth_00948,demo_company_001,STRIPE,5435.26,INR,UPI,CUSTOMER_ACTION_REQUIRED,TEMPORARY,21,0,0
pay_synth_03621,demo_company_001,RAZORPAY,929.74,INR,WALLET,AUTHENTICATION,TEMPORARY,17,2,1
pay_synth_00425,demo_company_001,DEMO,1058.01,INR,UPI,BANK,PERMANENT,21,2,1
pay_synth_01833,demo_company_001,RAZORPAY,3160.5,INR,CARD,BANK,PERMANENT,15,2,1
pay_synth_00396,demo_company_001,STRIPE,715.94,INR,UPI,CARD,PERMANENT,4,0,1
pay_synth_01172,demo_company_001,STRIPE,18662.04,INR,CARD,CARD,PERMANENT,15,2,0
pay_synth_01983,demo_company_001,DEMO,926.89,INR,NETBANKING,NETWORK,TEMPORARY,4,4,1
pay_synth_01700,demo_company_001,RAZORPAY,7781.76,INR,UPI,INSUFFICIENT_FUNDS,TEMPORARY,14,6,0
pay_synth_02444,demo_company_001,STRIPE,356.53,INR,CARD,INSUFFICIENT_FUNDS,TEMPORARY,22,3,0
pay_synth_01770,demo_company_001,DEMO,2062.39,INR,UPI,INSUFFICIENT_FUNDS,TEMPORARY,9,6,0
pay_synth_00607,demo_company_001,DEMO,1652.85,INR,NETBANKING,NETWORK,TEMPORARY,2,6,1
pay_synth_03800,demo_company_001,RAZORPAY,905.79,INR,CARD,BANK,PERMANENT,15,3,1
pay_synth_02476,demo_company_001,STRIPE,1964.83,USD,CARD,AUTHENTICATION,TEMPORARY,9,4,0
pay_synth_03406,demo_company_001,STRIPE,637.02,INR,UPI,AUTHENTICATION,TEMPORARY,1,4,0
pay_synth_04453,demo_company_001,STRIPE,7117.72,INR,UPI,AUTHENTICATION,TEMPORARY,2,6,0
pay_synth_04575,demo_company_001,RAZORPAY,579.58,INR,UPI,AUTHENTICATION,TEMPORARY,12,5,1
pay_synth_02630,demo_company_001,DEMO,1037.29,USD,CARD,CARD,PERMANENT,3,1,0
pay_synth_04573,demo_company_001,DEMO,3377.32,INR,UPI,NETWORK,TEMPORARY,13,3,1
pay_synth_02215,demo_company_001,RAZORPAY,5056.04,USD,UPI,NETWORK,TEMPORARY,17,5,0
pay_synth_00182,demo_company_001,DEMO,1276.04,INR,NETBANKING,AUTHENTICATION,TEMPORARY,5,4,1
pay_synth_00647,demo_company_001,RAZORPAY,738.44,USD,UPI,PROVIDER,TEMPORARY,9,2,0
pay_synth_00879,demo_company_001,DEMO,13965.2,INR,UPI,INSUFFICIENT_FUNDS,TEMPORARY,11,0,1
pay_synth_02367,demo_company_001,DEMO,1324.48,INR,CARD,BANK,TEMPORARY,2,2,1
pay_synth_01697,demo_company_001,DEMO,2441.94,INR,CARD,AUTHENTICATION,TEMPORARY,6,1,1
pay_synth_01801,demo_company_001,STRIPE,2806.14,INR,UPI,INSUFFICIENT_FUNDS,TEMPORARY,17,2,1
pay_synth_01727,demo_company_001,RAZORPAY,1857.36,INR,UPI,INSUFFICIENT_FUNDS,TEMPORARY,19,6,1
pay_synth_01728,demo_company_001,STRIPE,2126.45,INR,UPI,CARD,PERMANENT,5,5,1
pay_synth_01337,demo_company_001,DEMO,2079.04,INR,UPI,AUTHENTICATION,TEMPORARY,2,0,0
pay_synth_03869,demo_company_001,RAZORPAY,771.66,INR,CARD,NETWORK,TEMPORARY,23,2,0
pay_synth_00850,demo_company_001,RAZORPAY,1152.17,INR,CARD,INSUFFICIENT_FUNDS,TEMPORARY,11,5,1
pay_synth_01889,demo_company_001,RAZORPAY,1077.57,INR,UPI,NETWORK,TEMPORARY,22,4,1
pay_synth_04176,demo_company_001,STRIPE,45698.88,INR,UPI,PROVIDER,TEMPORARY,19,6,0
pay_synth_02657,demo_company_001,STRIPE,6039.56,INR,CARD,CARD,PERMANENT,0,1,0
pay_synth_03978,demo_company_001,RAZORPAY,2532.2,INR,CARD,AUTHENTICATION,TEMPORARY,0,5,0
pay_synth_00918,demo_company_001,STRIPE,4159.54,INR,CARD,AUTHENTICATION,TEMPORARY,20,5,0
pay_synth_03455,demo_company_001,STRIPE,836.01,INR,NETBANKING,AUTHENTICATION,TEMPORARY,19,6,1
pay_synth_02353,demo_company_001,RAZORPAY,1863.98,USD,CARD,INSUFFICIENT_FUNDS,TEMPORARY,19,4,0
pay_synth_02717,demo_company_001,RAZORPAY,2824.7,INR,UPI,INSUFFICIENT_FUNDS,TEMPORARY,22,4,0
pay_synth_04474,demo_company_001,DEMO,5992.72,INR,UPI,PROVIDER,TEMPORARY,9,4,1
pay_synth_01184,demo_company_001,STRIPE,2211.36,INR,WALLET,NETWORK,TEMPORARY,18,1,1
pay_synth_03903,demo_company_001,STRIPE,251.69,INR,CARD,NETWORK,TEMPORARY,22,4,1
pay_synth_01180,demo_company_001,RAZORPAY,1828.28,INR,UPI,INSUFFICIENT_FUNDS,TEMPORARY,11,1,1
pay_synth_01218,demo_company_001,RAZORPAY,2030.83,INR,UPI,CARD,PERMANENT,18,1,1
pay_synth_03519,demo_company_001,DEMO,787.57,INR,CARD,INSUFFICIENT_FUNDS,TEMPORARY,8,5,0
pay_synth_04170,demo_company_001,DEMO,677.7,INR,UPI,AUTHENTICATION,TEMPORARY,3,5,1
pay_synth_01372,demo_company_001,DEMO,324.69,USD,UPI,INSUFFICIENT_FUNDS,TEMPORARY,2,2,1
pay_synth_01915,demo_company_001,DEMO,428.32,INR,UPI,CUSTOMER_ACTION_REQUIRED,TEMPORARY,22,0,1
pay_synth_03818,demo_company_001,STRIPE,6931.43,USD,UPI,AUTHENTICATION,TEMPORARY,15,3,0
pay_synth_03938,demo_company_001,DEMO,2079.49,INR,NETBANKING,CARD,PERMANENT,15,4,0
pay_synth_02366,demo_company_001,DEMO,6822.56,INR,UPI,INSUFFICIENT_FUNDS,TEMPORARY,8,3,1
pay_synth_03803,demo_company_001,STRIPE,2515.55,INR,CARD,TEMPORARY,TEMPORARY,4,1,0
pay_synth_04561,demo_company_001,RAZORPAY,810.9,INR,NETBANKING,CARD,PERMANENT,18,2,0
pay_synth_01688,demo_company_001,DEMO,9759.66,INR,UPI,CARD,PERMANENT,5,1,0
pay_synth_00669,demo_company_001,DEMO,228.62,USD,UPI,CARD,PERMANENT,4,1,1
pay_synth_02164,demo_company_001,STRIPE,2058.07,INR,CARD,INSUFFICIENT_FUNDS,TEMPORARY,22,3,1
pay_synth_01581,demo_company_001,DEMO,828.48,INR,NETBANKING,INSUFFICIENT_FUNDS,TEMPORARY,10,2,1
pay_synth_03965,demo_company_001,DEMO,2670.44,INR,CARD,CARD,PERMANENT,13,5,0
pay_synth_00845,demo_company_001,DEMO,879.13,USD,NETBANKING,INSUFFICIENT_FUNDS,TEMPORARY,23,1,0
pay_synth_03213,demo_company_001,DEMO,3323.11,INR,UPI,INSUFFICIENT_FUNDS,TEMPORARY,7,6,1
pay_synth_00111,demo_company_001,DEMO,1359.41,INR,WALLET,INSUFFICIENT_FUNDS,TEMPORARY,2,6,1
pay_synth_04868,demo_company_001,DEMO,3462.01,INR,UPI,AUTHENTICATION,TEMPORARY,18,4,1
pay_synth_00438,demo_company_001,STRIPE,831.99,INR,NETBANKING,NETWORK,TEMPORARY,12,2,1
pay_synth_02519,demo_company_001,RAZORPAY,9911.23,INR,CARD,AUTHENTICATION,TEMPORARY,5,1,1
pay_synth_03554,demo_company_001,RAZORPAY,7976.85,INR,UPI,INSUFFICIENT_FUNDS,TEMPORARY,7,5,1
pay_synth_01601,demo_company_001,DEMO,666.41,INR,CARD,AUTHENTICATION,TEMPORARY,4,3,0
pay_synth_04715,demo_company_001,RAZORPAY,2653.81,INR,CARD,NETWORK,TEMPORARY,5,0,0
pay_synth_00090,demo_company_001,DEMO,175.14,USD,UPI,INSUFFICIENT_FUNDS,TEMPORARY,10,0,1
pay_synth_02637,demo_company_001,STRIPE,100.0,INR,UPI,CARD,PERMANENT,4,1,1
pay_synth_02455,demo_company_001,RAZORPAY,2309.37,INR,NETBANKING,AUTHENTICATION,TEMPORARY,4,6,1
pay_synth_02553,demo_company_001,STRIPE,3519.33,INR,CARD,INSUFFICIENT_FUNDS,TEMPORARY,4,5,1
pay_synth_00155,demo_company_001,STRIPE,734.25,INR,CARD,BANK,TEMPORARY,19,1,1
pay_synth_04345,demo_company_001,RAZORPAY,3125.19,INR,UPI,UNKNOWN,UNKNOWN,4,1,0
pay_synth_02990,demo_company_001,STRIPE,1503.77,INR,NETBANKING,INSUFFICIENT_FUNDS,TEMPORARY,23,5,1
pay_synth_02419,demo_company_001,DEMO,4058.39,INR,UPI,BANK,TEMPORARY,8,1,0
pay_synth_01264,demo_company_001,DEMO,1325.67,INR,WALLET,AUTHENTICATION,TEMPORARY,19,4,1
pay_synth_02099,demo_company_001,RAZORPAY,1947.21,INR,UPI,CARD,PERMANENT,5,6,0
pay_synth_03157,demo_company_001,STRIPE,4667.72,USD,CARD,INSUFFICIENT_FUNDS,TEMPORARY,22,5,1
pay_synth_00066,demo_company_001,RAZORPAY,542.34,INR,UPI,CARD,PERMANENT,5,4,0
pay_synth_02988,demo_company_001,RAZORPAY,2519.43,INR,CARD,INSUFFICIENT_FUNDS,TEMPORARY,23,3,1
pay_synth_01665,demo_company_001,STRIPE,5908.04,USD,NETBANKING,BANK,TEMPORARY,12,1,0
pay_synth_04350,demo_company_001,RAZORPAY,436.04,INR,NETBANKING,AUTHENTICATION,TEMPORARY,2,3,0
pay_synth_04187,demo_company_001,DEMO,2235.55,USD,CARD,AUTHENTICATION,TEMPORARY,9,5,0
pay_synth_01025,demo_company_001,STRIPE,8769.49,INR,UPI,AUTHENTICATION,TEMPORARY,12,6,1
pay_synth_01125,demo_company_001,RAZORPAY,2117.67,INR,NETBANKING,INSUFFICIENT_FUNDS,TEMPORARY,18,4,1
pay_synth_03253,demo_company_001,RAZORPAY,2748.14,INR,UPI,AUTHENTICATION,TEMPORARY,22,5,0
pay_synth_04175,demo_company_001,STRIPE,6388.32,INR,UPI,CUSTOMER_ACTION_REQUIRED,TEMPORARY,23,5,0
pay_synth_01769,demo_company_001,DEMO,3126.08,INR,NETBANKING,INSUFFICIENT_FUNDS,TEMPORARY,5,5,1
pay_synth_04889,demo_company_001,DEMO,4536.97,INR,UPI,TEMPORARY,TEMPORARY,15,4,1
pay_synth_00196,demo_company_001,DEMO,1753.59,INR,CARD,CUSTOMER_ACTION_REQUIRED,TEMPORARY,4,2,0
pay_synth_03889,demo_company_001,RAZORPAY,3081.29,INR,UPI,INSUFFICIENT_FUNDS,TEMPORARY,17,3,1
pay_synth_00319,demo_company_001,DEMO,1777.77,INR,UPI,CARD,PERMANENT,23,1,0
pay_synth_03590,demo_company_001,DEMO,122.66,INR,CARD,INSUFFICIENT_FUNDS,TEMPORARY,8,3,1
pay_synth_01151,demo_company_001,RAZORPAY,591.97,INR,CARD,INSUFFICIENT_FUNDS,TEMPORARY,5,0,0
pay_synth_00766,demo_company_001,RAZORPAY,7979.97,INR,CARD,NETWORK,TEMPORARY,9,3,0
pay_synth_03882,demo_company_001,RAZORPAY,2114.21,INR,UPI,AUTHENTICATION,TEMPORARY,10,6,0
pay_synth_01475,demo_company_001,DEMO,417.32,INR,CARD,CARD,PERMANENT,20,2,0
pay_synth_03572,demo_company_001,RAZORPAY,1426.59,INR,UPI,INSUFFICIENT_FUNDS,TEMPORARY,0,2,1
pay_synth_03798,demo_company_001,DEMO,1132.81,INR,CARD,NETWORK,TEMPORARY,11,4,1
pay_synth_00247,demo_company_001,DEMO,268.53,INR,CARD,INSUFFICIENT_FUNDS,TEMPORARY,17,6,0
pay_synth_04999,demo_company_001,STRIPE,11239.13,INR,UPI,CARD,PERMANENT,4,0,1
pay_synth_01763,demo_company_001,DEMO,7435.23,INR,UPI,NETWORK,TEMPORARY,3,1,1
pay_synth_02695,demo_company_001,STRIPE,818.17,INR,NETBANKING,CARD,PERMANENT,23,1,1
pay_synth_02821,demo_company_001,STRIPE,2951.88,USD,UPI,INSUFFICIENT_FUNDS,TEMPORARY,20,2,1
pay_synth_03220,demo_company_001,RAZORPAY,584.13,INR,CARD,AUTHENTICATION,TEMPORARY,18,2,0
pay_synth_00289,demo_company_001,DEMO,1028.72,INR,UPI,NETWORK,TEMPORARY,18,3,1
pay_synth_01266,demo_company_001,DEMO,2511.68,INR,CARD,PROVIDER,TEMPORARY,10,6,1
pay_synth_00221,demo_company_001,RAZORPAY,2173.18,INR,UPI,CARD,PERMANENT,6,2,0
pay_synth_04337,demo_company_001,RAZORPAY,1802.89,INR,CARD,NETWORK,TEMPORARY,19,2,1
pay_synth_00870,demo_company_001,STRIPE,3528.85,INR,CARD,AUTHENTICATION,TEMPORARY,21,1,0
pay_synth_02756,demo_company_001,DEMO,915.71,INR,CARD,BANK,PERMANENT,0,1,1
pay_synth_01183,demo_company_001,RAZORPAY,1057.27,INR,UPI,BANK,TEMPORARY,8,1,1
pay_synth_04557,demo_company_001,RAZORPAY,456.7,INR,UPI,AUTHENTICATION,TEMPORARY,8,5,0
pay_synth_04722,demo_company_001,DEMO,2328.3,INR,CARD,INSUFFICIENT_FUNDS,TEMPORARY,22,1,1
pay_synth_01383,demo_company_001,STRIPE,2007.94,INR,UPI,NETWORK,TEMPORARY,7,3,1
pay_synth_02269,demo_company_001,DEMO,4191.94,INR,CARD,NETWORK,TEMPORARY,17,2,1
pay_synth_02508,demo_company_001,DEMO,3144.15,INR,UPI,TEMPORARY,TEMPORARY,6,5,1
pay_synth_03250,demo_company_001,RAZORPAY,831.32,INR,CARD,AUTHENTICATION,TEMPORARY,20,0,1
pay_synth_02290,demo_company_001,DEMO,1432.81,INR,NETBANKING,INSUFFICIENT_FUNDS,TEMPORARY,20,0,1
pay_synth_02414,demo_company_001,DEMO,4266.73,USD,NETBANKING,UNKNOWN,UNKNOWN,15,0,0
pay_synth_02347,demo_company_001,RAZORPAY,1093.38,INR,CARD,INSUFFICIENT_FUNDS,TEMPORARY,3,5,1
pay_synth_04778,demo_company_001,DEMO,3020.73,INR,WALLET,INSUFFICIENT_FUNDS,TEMPORARY,22,1,0
pay_synth_00514,demo_company_001,STRIPE,2241.28,INR,CARD,AUTHENTICATION,TEMPORARY,5,2,1
pay_synth_02828,demo_company_001,DEMO,6007.16,INR,UPI,INSUFFICIENT_FUNDS,TEMPORARY,1,3,0
pay_synth_04108,demo_company_001,DEMO,1797.4,INR,NETBANKING,INSUFFICIENT_FUNDS,TEMPORARY,14,6,1
pay_synth_04698,demo_company_001,RAZORPAY,815.06,USD,CARD,AUTHENTICATION,TEMPORARY,3,1,1
pay_synth_00990,demo_company_001,STRIPE,2955.33,INR,NETBANKING,CARD,PERMANENT,1,1,1
pay_synth_03243,demo_company_001,RAZORPAY,4355.94,INR,UPI,INSUFFICIENT_FUNDS,TEMPORARY,5,4,1
pay_synth_03011,demo_company_001,RAZORPAY,4282.77,INR,NETBANKING,NETWORK,TEMPORARY,14,0,1
pay_synth_04150,demo_company_001,RAZORPAY,740.2,INR,CARD,INSUFFICIENT_FUNDS,TEMPORARY,4,4,1
pay_synth_04548,demo_company_001,RAZORPAY,199.75,INR,UPI,NETWORK,TEMPORARY,22,1,1
pay_synth_01236,demo_company_001,DEMO,2972.27,INR,NETBANKING,NETWORK,TEMPORARY,0,6,1
pay_synth_02484,demo_company_001,DEMO,1050.44,INR,CARD,INSUFFICIENT_FUNDS,TEMPORARY,5,2,1
pay_synth_01951,demo_company_001,DEMO,750.83,INR,CARD,UNKNOWN,UNKNOWN,0,1,1
pay_synth_00623,demo_company_001,DEMO,890.86,INR,NETBANKING,NETWORK,TEMPORARY,8,6,1
pay_synth_01018,demo_company_001,RAZORPAY,910.25,INR,CARD,CUSTOMER_ACTION_REQUIRED,TEMPORARY,19,1,0
pay_synth_00516,demo_company_001,DEMO,571.94,INR,CARD,AUTHENTICATION,TEMPORARY,17,3,1
pay_synth_03692,demo_company_001,RAZORPAY,1762.97,INR,CARD,INSUFFICIENT_FUNDS,TEMPORARY,8,5,1
pay_synth_01767,demo_company_001,RAZORPAY,3316.9,INR,WALLET,INSUFFICIENT_FUNDS,TEMPORARY,9,2,1
pay_synth_04893,demo_company_001,RAZORPAY,433.82,INR,NETBANKING,INSUFFICIENT_FUNDS,TEMPORARY,8,6,0
pay_synth_00896,demo_company_001,DEMO,5098.01,INR,UPI,INSUFFICIENT_FUNDS,TEMPORARY,10,5,1
pay_synth_00195,demo_company_001,DEMO,2735.3,INR,UPI,INSUFFICIENT_FUNDS,TEMPORARY,6,1,1
pay_synth_01984,demo_company_001,DEMO,6201.44,INR,NETBANKING,INSUFFICIENT_FUNDS,TEMPORARY,8,4,0
pay_synth_00476,demo_company_001,STRIPE,1582.71,INR,UPI,AUTHENTICATION,TEMPORARY,17,6,0
pay_synth_04463,demo_company_001,STRIPE,1091.57,INR,CARD,INSUFFICIENT_FUNDS,TEMPORARY,10,5,1
pay_synth_00911,demo_company_001,RAZORPAY,621.38,USD,UPI,INSUFFICIENT_FUNDS,TEMPORARY,16,5,1
pay_synth_02140,demo_company_001,STRIPE,6044.47,INR,UPI,PROVIDER,TEMPORARY,16,6,1
pay_synth_01946,demo_company_001,RAZORPAY,344.15,INR,CARD,BANK,PERMANENT,7,6,0
pay_synth_02065,demo_company_001,DEMO,3269.33,USD,UPI,CUSTOMER_ACTION_REQUIRED,TEMPORARY,12,1,1
pay_synth_01321,demo_company_001,DEMO,3704.57,INR,CARD,NETWORK,TEMPORARY,9,5,1
pay_synth_04413,demo_company_001,RAZORPAY,850.22,INR,CARD,NETWORK,TEMPORARY,18,3,1
pay_synth_03545,demo_company_001,STRIPE,3650.93,USD,UPI,INSUFFICIENT_FUNDS,TEMPORARY,17,3,0
pay_synth_01995,demo_company_001,RAZORPAY,4017.09,INR,NETBANKING,UNKNOWN,UNKNOWN,17,5,1
pay_synth_01292,demo_company_001,DEMO,922.97,INR,UPI,AUTHENTICATION,TEMPORARY,3,0,1
pay_synth_01930,demo_company_001,DEMO,591.71,INR,CARD,INSUFFICIENT_FUNDS,TEMPORARY,3,2,0
pay_synth_02826,demo_company_001,STRIPE,4398.6,INR,NETBANKING,INSUFFICIENT_FUNDS,TEMPORARY,23,5,0
pay_synth_04949,demo_company_001,STRIPE,100.0,INR,CARD,AUTHENTICATION,TEMPORARY,13,0,0
pay_synth_01146,demo_company_001,STRIPE,1399.97,INR,UPI,CARD,PERMANENT,13,5,0
pay_synth_04902,demo_company_001,DEMO,841.97,INR,UPI,INSUFFICIENT_FUNDS,TEMPORARY,3,5,1
pay_synth_01831,demo_company_001,STRIPE,684.94,INR,NETBANKING,AUTHENTICATION,TEMPORARY,12,3,1
pay_synth_00925,demo_company_001,DEMO,1136.05,USD,UPI,CARD,PERMANENT,5,3,0
pay_synth_01061,demo_company_001,STRIPE,2948.52,INR,UPI,CARD,PERMANENT,9,5,0
pay_synth_02995,demo_company_001,DEMO,6436.97,INR,UPI,AUTHENTICATION,TEMPORARY,21,0,0
pay_synth_01959,demo_company_001,RAZORPAY,1076.18,INR,CARD,NETWORK,TEMPORARY,6,3,1
pay_synth_00588,demo_company_001,DEMO,3095.39,INR,CARD,PROVIDER,TEMPORARY,20,5,1
pay_synth_00224,demo_company_001,DEMO,1256.5,INR,UPI,INSUFFICIENT_FUNDS,TEMPORARY,15,1,0
pay_synth_02239,demo_company_001,DEMO,3733.72,INR,CARD,AUTHENTICATION,TEMPORARY,0,2,0
pay_synth_03328,demo_company_001,RAZORPAY,942.16,INR,NETBANKING,INSUFFICIENT_FUNDS,TEMPORARY,12,4,1
pay_synth_02665,demo_company_001,RAZORPAY,2755.43,INR,UPI,AUTHENTICATION,TEMPORARY,14,3,0
pay_synth_04595,demo_company_001,DEMO,357.24,INR,UPI,AUTHENTICATION,TEMPORARY,19,4,1
pay_synth_02754,demo_company_001,DEMO,947.84,INR,UPI,INSUFFICIENT_FUNDS,TEMPORARY,20,1,1
pay_synth_01919,demo_company_001,DEMO,3235.79,USD,CARD,INSUFFICIENT_FUNDS,TEMPORARY,3,1,1
pay_synth_01181,demo_company_001,STRIPE,3070.28,INR,CARD,CARD,PERMANENT,16,2,0
pay_synth_02043,demo_company_001,RAZORPAY,823.84,INR,CARD,BANK,TEMPORARY,18,2,1
pay_synth_00852,demo_company_001,RAZORPAY,295.22,INR,WALLET,AUTHENTICATION,TEMPORARY,15,6,1
pay_synth_01496,demo_company_001,RAZORPAY,139.93,USD,UPI,NETWORK,TEMPORARY,17,6,1
pay_synth_03282,demo_company_001,DEMO,4130.53,INR,WALLET,INSUFFICIENT_FUNDS,TEMPORARY,7,0,1
pay_synth_03709,demo_company_001,DEMO,311.85,INR,UPI,UNKNOWN,UNKNOWN,0,5,1
pay_synth_04622,demo_company_001,RAZORPAY,4047.66,INR,UPI,AUTHENTICATION,TEMPORARY,7,4,0
pay_synth_03534,demo_company_001,DEMO,4425.27,INR,CARD,AUTHENTICATION,TEMPORARY,7,6,1
pay_synth_04517,demo_company_001,RAZORPAY,4582.67,INR,CARD,AUTHENTICATION,TEMPORARY,14,1,1
pay_synth_03763,demo_company_001,RAZORPAY,2104.98,INR,CARD,INSUFFICIENT_FUNDS,TEMPORARY,23,5,1
pay_synth_03254,demo_company_001,DEMO,1472.39,INR,CARD,INSUFFICIENT_FUNDS,TEMPORARY,15,2,1
pay_synth_02230,demo_company_001,DEMO,3630.03,INR,UPI,INSUFFICIENT_FUNDS,TEMPORARY,16,4,1
pay_synth_03836,demo_company_001,DEMO,5502.1,INR,UPI,NETWORK,TEMPORARY,15,0,1
pay_synth_00779,demo_company_001,RAZORPAY,4616.29,INR,NETBANKING,BANK,TEMPORARY,1,0,0
pay_synth_03128,demo_company_001,DEMO,1739.19,INR,NETBANKING,NETWORK,TEMPORARY,6,6,1
pay_synth_01290,demo_company_001,DEMO,236.16,INR,CARD,CARD,PERMANENT,0,3,0
pay_synth_02836,demo_company_001,STRIPE,418.79,INR,CARD,CARD,PERMANENT,15,0,0
pay_synth_02544,demo_company_001,RAZORPAY,3478.06,INR,WALLET,INSUFFICIENT_FUNDS,TEMPORARY,4,6,0
pay_synth_03777,demo_company_001,STRIPE,905.34,INR,WALLET,AUTHENTICATION,TEMPORARY,5,0,1
pay_synth_00800,demo_company_001,STRIPE,7764.92,INR,UPI,INSUFFICIENT_FUNDS,TEMPORARY,10,5,1
pay_synth_04821,demo_company_001,DEMO,3226.41,INR,CARD,AUTHENTICATION,TEMPORARY,15,1,1
pay_synth_01509,demo_company_001,RAZORPAY,223.26,INR,NETBANKING,AUTHENTICATION,TEMPORARY,1,0,0
pay_synth_01090,demo_company_001,DEMO,376.88,INR,UPI,NETWORK,TEMPORARY,12,2,1
pay_synth_02179,demo_company_001,RAZORPAY,258.46,INR,UPI,AUTHENTICATION,TEMPORARY,11,0,0
pay_synth_04754,demo_company_001,RAZORPAY,63351.77,USD,CARD,NETWORK,TEMPORARY,6,2,1
pay_synth_01305,demo_company_001,RAZORPAY,2242.96,USD,UPI,INSUFFICIENT_FUNDS,TEMPORARY,2,4,1
pay_synth_01330,demo_company_001,DEMO,2390.1,INR,UPI,INSUFFICIENT_FUNDS,TEMPORARY,12,4,1
pay_synth_01096,demo_company_001,DEMO,5691.18,USD,CARD,AUTHENTICATION,TEMPORARY,15,2,1
pay_synth_00026,demo_company_001,RAZORPAY,5856.01,INR,CARD,INSUFFICIENT_FUNDS,TEMPORARY,10,1,1
pay_synth_02700,demo_company_001,RAZORPAY,6741.86,INR,UPI,INSUFFICIENT_FUNDS,TEMPORARY,20,6,0
pay_synth_03796,demo_company_001,RAZORPAY,956.6,INR,UPI,PROVIDER,TEMPORARY,3,1,1
pay_synth_01263,demo_company_001,DEMO,2362.21,INR,UPI,NETWORK,TEMPORARY,19,4,1
pay_synth_01834,demo_company_001,RAZORPAY,5817.33,INR,NETBANKING,CUSTOMER_ACTION_REQUIRED,TEMPORARY,7,4,0
pay_synth_04852,demo_company_001,DEMO,314.56,INR,WALLET,CARD,PERMANENT,9,4,0
pay_synth_00308,demo_company_001,DEMO,545.88,INR,UPI,INSUFFICIENT_FUNDS,TEMPORARY,13,5,1
pay_synth_03619,demo_company_001,RAZORPAY,1522.74,USD,UPI,INSUFFICIENT_FUNDS,TEMPORARY,23,4,1
pay_synth_00121,demo_company_001,STRIPE,5748.06,INR,UPI,INSUFFICIENT_FUNDS,TEMPORARY,6,5,1
pay_synth_03915,demo_company_001,STRIPE,620.52,INR,UPI,AUTHENTICATION,TEMPORARY,3,1,1
pay_synth_00378,demo_company_001,DEMO,562.74,INR,UPI,NETWORK,TEMPORARY,8,3,1
pay_synth_01756,demo_company_001,STRIPE,1512.31,INR,UPI,NETWORK,TEMPORARY,2,0,1
pay_synth_04395,demo_company_001,STRIPE,1722.59,INR,UPI,NETWORK,TEMPORARY,7,2,0
pay_synth_00444,demo_company_001,DEMO,541.0,INR,WALLET,UNKNOWN,UNKNOWN,2,0,1
pay_synth_00878,demo_company_001,RAZORPAY,976.78,INR,CARD,NETWORK,TEMPORARY,11,0,1
pay_synth_02270,demo_company_001,RAZORPAY,337.17,INR,UPI,INSUFFICIENT_FUNDS,TEMPORARY,18,4,1
pay_synth_04742,demo_company_001,DEMO,5138.86,INR,UPI,NETWORK,TEMPORARY,21,6,1
pay_synth_01998,demo_company_001,DEMO,1203.84,INR,NETBANKING,AUTHENTICATION,TEMPORARY,5,5,0
pay_synth_02957,demo_company_001,RAZORPAY,481.64,INR,CARD,UNKNOWN,UNKNOWN,6,4,0
pay_synth_04051,demo_company_001,STRIPE,331.72,INR,NETBANKING,CARD,PERMANENT,12,5,0
pay_synth_03168,demo_company_001,DEMO,199.5,INR,CARD,INSUFFICIENT_FUNDS,TEMPORARY,15,6,1
pay_synth_02653,demo_company_001,DEMO,2442.21,INR,UPI,INSUFFICIENT_FUNDS,TEMPORARY,2,6,1
pay_synth_04180,demo_company_001,DEMO,3101.89,INR,UPI,INSUFFICIENT_FUNDS,TEMPORARY,8,6,1
pay_synth_02613,demo_company_001,DEMO,17314.23,INR,NETBANKING,INSUFFICIENT_FUNDS,TEMPORARY,21,3,1
pay_synth_04076,demo_company_001,RAZORPAY,6483.07,INR,CARD,NETWORK,TEMPORARY,20,5,1
pay_synth_02857,demo_company_001,DEMO,5924.51,INR,UPI,BANK,UNKNOWN,0,2,1
pay_synth_01445,demo_company_001,STRIPE,686.49,INR,CARD,AUTHENTICATION,TEMPORARY,22,2,0
pay_synth_00172,demo_company_001,DEMO,4091.04,INR,CARD,INSUFFICIENT_FUNDS,TEMPORARY,12,3,0
pay_synth_02634,demo_company_001,DEMO,230.51,INR,WALLET,NETWORK,TEMPORARY,8,0,0
pay_synth_04751,demo_company_001,DEMO,2184.4,INR,UPI,INSUFFICIENT_FUNDS,TEMPORARY,15,4,1
pay_synth_00510,demo_company_001,RAZORPAY,1412.12,INR,CARD,INSUFFICIENT_FUNDS,TEMPORARY,5,6,1
pay_synth_01201,demo_company_001,RAZORPAY,3015.94,INR,CARD,INSUFFICIENT_FUNDS,TEMPORARY,8,3,1
pay_synth_00407,demo_company_001,DEMO,390.14,INR,WALLET,INSUFFICIENT_FUNDS,TEMPORARY,12,0,0
pay_synth_01899,demo_company_001,DEMO,283.52,INR,UPI,CARD,PERMANENT,16,3,0
pay_synth_03181,demo_company_001,DEMO,2873.7,INR,UPI,INSUFFICIENT_FUNDS,TEMPORARY,2,0,1
pay_synth_04410,demo_company_001,RAZORPAY,1252.83,USD,CARD,AUTHENTICATION,TEMPORARY,20,1,0
pay_synth_02715,demo_company_001,DEMO,384.15,INR,UPI,INSUFFICIENT_FUNDS,TEMPORARY,5,3,1
pay_synth_04555,demo_company_001,DEMO,5104.98,INR,CARD,INSUFFICIENT_FUNDS,TEMPORARY,6,0,1
pay_synth_01466,demo_company_001,DEMO,3455.79,INR,UPI,INSUFFICIENT_FUNDS,TEMPORARY,6,5,1
pay_synth_03067,demo_company_001,DEMO,3413.06,INR,CARD,NETWORK,TEMPORARY,20,1,1
pay_synth_00751,demo_company_001,DEMO,297.21,INR,UPI,AUTHENTICATION,TEMPORARY,15,0,0
pay_synth_00630,demo_company_001,DEMO,13245.49,INR,UPI,NETWORK,TEMPORARY,12,2,1
pay_synth_00254,demo_company_001,DEMO,1059.94,INR,UPI,AUTHENTICATION,TEMPORARY,7,5,1
pay_synth_04802,demo_company_001,DEMO,1529.62,INR,UPI,BANK,PERMANENT,8,4,1
pay_synth_00780,demo_company_001,RAZORPAY,391.63,INR,UPI,INSUFFICIENT_FUNDS,TEMPORARY,19,0,0
pay_synth_02481,demo_company_001,DEMO,7646.12,INR,UPI,BANK,TEMPORARY,3,5,0
pay_synth_00528,demo_company_001,DEMO,1692.66,INR,UPI,INSUFFICIENT_FUNDS,TEMPORARY,5,4,1
pay_synth_01938,demo_company_001,STRIPE,3631.47,INR,CARD,AUTHENTICATION,TEMPORARY,3,2,1
pay_synth_04166,demo_company_001,DEMO,1128.98,INR,NETBANKING,AUTHENTICATION,TEMPORARY,14,0,0
pay_synth_02195,demo_company_001,DEMO,5418.98,INR,NETBANKING,AUTHENTICATION,TEMPORARY,7,3,1
pay_synth_01009,demo_company_001,DEMO,1290.13,INR,CARD,CARD,PERMANENT,10,0,0
pay_synth_00015,demo_company_001,DEMO,967.28,INR,UPI,NETWORK,TEMPORARY,20,3,1
pay_synth_00587,demo_company_001,DEMO,1764.02,INR,UPI,INSUFFICIENT_FUNDS,TEMPORARY,13,5,1
pay_synth_00855,demo_company_001,DEMO,251.14,INR,UPI,INSUFFICIENT_FUNDS,TEMPORARY,20,1,1
pay_synth_00749,demo_company_001,STRIPE,1843.4,INR,WALLET,AUTHENTICATION,TEMPORARY,18,6,0
pay_synth_04092,demo_company_001,DEMO,574.42,INR,UPI,AUTHENTICATION,TEMPORARY,1,4,1
pay_synth_04480,demo_company_001,RAZORPAY,902.43,INR,UPI,INSUFFICIENT_FUNDS,TEMPORARY,19,1,1
pay_synth_03825,demo_company_001,DEMO,5675.68,INR,NETBANKING,NETWORK,TEMPORARY,8,5,0
pay_synth_02154,demo_company_001,STRIPE,2289.72,INR,NETBANKING,CARD,PERMANENT,17,1,0
pay_synth_02474,demo_company_001,RAZORPAY,8319.13,INR,CARD,AUTHENTICATION,TEMPORARY,9,3,0
pay_synth_00168,demo_company_001,DEMO,598.92,USD,UPI,AUTHENTICATION,TEMPORARY,8,6,0
pay_synth_00234,demo_company_001,DEMO,1049.37,INR,UPI,AUTHENTICATION,TEMPORARY,21,3,1
pay_synth_04648,demo_company_001,DEMO,3857.31,INR,CARD,NETWORK,TEMPORARY,6,5,1
pay_synth_03899,demo_company_001,RAZORPAY,1910.52,INR,UPI,TEMPORARY,TEMPORARY,22,2,1
pay_synth_01108,demo_company_001,RAZORPAY,2294.89,INR,UPI,NETWORK,TEMPORARY,7,0,1
pay_synth_00448,demo_company_001,RAZORPAY,7209.52,INR,CARD,CARD,PERMANENT,20,1,0
pay_synth_04449,demo_company_001,DEMO,955.0,INR,UPI,NETWORK,TEMPORARY,4,6,1
pay_synth_03755,demo_company_001,DEMO,466.5,INR,WALLET,INSUFFICIENT_FUNDS,TEMPORARY,18,6,1
pay_synth_04788,demo_company_001,STRIPE,864.46,USD,UPI,NETWORK,TEMPORARY,12,3,1
pay_synth_04432,demo_company_001,RAZORPAY,879.31,INR,UPI,PROVIDER,TEMPORARY,5,6,0
pay_synth_00264,demo_company_001,RAZORPAY,8215.63,INR,UPI,TEMPORARY,TEMPORARY,4,5,1
pay_synth_02850,demo_company_001,DEMO,565.16,INR,UPI,NETWORK,TEMPORARY,18,4,1
pay_synth_01267,demo_company_001,DEMO,4684.51,INR,WALLET,CARD,PERMANENT,17,5,0
pay_synth_04824,demo_company_001,DEMO,1744.7,INR,UPI,INSUFFICIENT_FUNDS,TEMPORARY,15,2,1
pay_synth_00365,demo_company_001,STRIPE,1496.78,INR,CARD,INSUFFICIENT_FUNDS,TEMPORARY,20,3,1
pay_synth_00025,demo_company_001,DEMO,13476.05,INR,NETBANKING,CARD,PERMANENT,11,0,0
pay_synth_04842,demo_company_001,STRIPE,523.37,INR,WALLET,AUTHENTICATION,TEMPORARY,22,0,1
pay_synth_04298,demo_company_001,DEMO,374.01,INR,NETBANKING,INSUFFICIENT_FUNDS,TEMPORARY,5,1,1
pay_synth_00071,demo_company_001,RAZORPAY,2560.49,INR,CARD,CUSTOMER_ACTION_REQUIRED,TEMPORARY,12,3,1
pay_synth_01081,demo_company_001,RAZORPAY,2419.27,INR,UPI,UNKNOWN,UNKNOWN,6,1,1
pay_synth_04966,demo_company_001,DEMO,1119.37,INR,CARD,BANK,PERMANENT,23,2,1
pay_synth_02137,demo_company_001,DEMO,1030.14,INR,NETBANKING,CARD,PERMANENT,3,5,0
pay_synth_02214,demo_company_001,STRIPE,2485.25,INR,CARD,UNKNOWN,UNKNOWN,4,6,0
pay_synth_00432,demo_company_001,RAZORPAY,954.95,INR,UPI,INSUFFICIENT_FUNDS,TEMPORARY,16,0,1
pay_synth_02999,demo_company_001,DEMO,3401.76,INR,NETBANKING,AUTHENTICATION,TEMPORARY,5,0,1
pay_synth_04402,demo_company_001,RAZORPAY,1232.42,INR,UPI,AUTHENTICATION,TEMPORARY,8,4,0
pay_synth_03613,demo_company_001,DEMO,4742.96,INR,WALLET,AUTHENTICATION,TEMPORARY,2,4,0
pay_synth_03330,demo_company_001,RAZORPAY,3534.78,INR,CARD,TEMPORARY,TEMPORARY,11,6,1
pay_synth_02716,demo_company_001,DEMO,1110.02,USD,WALLET,INSUFFICIENT_FUNDS,TEMPORARY,2,1,1
pay_synth_00944,demo_company_001,STRIPE,7245.15,INR,NETBANKING,AUTHENTICATION,TEMPORARY,17,5,0
pay_synth_01501,demo_company_001,RAZORPAY,517.97,INR,UPI,AUTHENTICATION,TEMPORARY,19,6,1
pay_synth_01597,demo_company_001,DEMO,3843.18,INR,UPI,NETWORK,TEMPORARY,23,4,0
pay_synth_00231,demo_company_001,RAZORPAY,4008.86,INR,CARD,NETWORK,TEMPORARY,20,0,1
pay_synth_04895,demo_company_001,DEMO,396.02,INR,CARD,INSUFFICIENT_FUNDS,TEMPORARY,1,1,0
pay_synth_01021,demo_company_001,RAZORPAY,6351.87,INR,UPI,CARD,PERMANENT,12,2,0
pay_synth_03103,demo_company_001,STRIPE,5083.71,INR,UPI,INSUFFICIENT_FUNDS,TEMPORARY,6,5,1
pay_synth_04545,demo_company_001,DEMO,1498.33,INR,UPI,AUTHENTICATION,TEMPORARY,11,6,0
pay_synth_01028,demo_company_001,STRIPE,2532.58,INR,UPI,AUTHENTICATION,TEMPORARY,10,2,0
pay_synth_01376,demo_company_001,STRIPE,484.69,INR,UPI,AUTHENTICATION,TEMPORARY,9,5,1
pay_synth_01111,demo_company_001,STRIPE,2222.1,INR,WALLET,NETWORK,TEMPORARY,13,0,1
pay_synth_02032,demo_company_001,RAZORPAY,6963.07,INR,UPI,AUTHENTICATION,TEMPORARY,7,3,1
pay_synth_01895,demo_company_001,RAZORPAY,4017.75,INR,CARD,AUTHENTICATION,TEMPORARY,6,1,0
pay_synth_02000,demo_company_001,DEMO,3536.73,INR,CARD,AUTHENTICATION,TEMPORARY,21,6,0
pay_synth_01574,demo_company_001,STRIPE,4446.12,INR,NETBANKING,INSUFFICIENT_FUNDS,TEMPORARY,23,6,1
pay_synth_01452,demo_company_001,RAZORPAY,1940.83,INR,WALLET,NETWORK,TEMPORARY,22,1,1
pay_synth_00508,demo_company_001,STRIPE,6527.11,INR,UPI,NETWORK,TEMPORARY,17,2,1
pay_synth_03518,demo_company_001,DEMO,4504.13,INR,NETBANKING,CUSTOMER_ACTION_REQUIRED,TEMPORARY,23,6,1
pay_synth_04885,demo_company_001,DEMO,2843.18,INR,UPI,AUTHENTICATION,TEMPORARY,3,2,0
pay_synth_01907,demo_company_001,STRIPE,175.09,INR,UPI,BANK,PERMANENT,14,4,1
pay_synth_01609,demo_company_001,DEMO,3995.42,INR,NETBANKING,INSUFFICIENT_FUNDS,TEMPORARY,0,3,1
pay_synth_01917,demo_company_001,STRIPE,642.33,USD,UPI,PROVIDER,TEMPORARY,18,4,1
pay_synth_00481,demo_company_001,RAZORPAY,1874.44,INR,NETBANKING,INSUFFICIENT_FUNDS,TEMPORARY,7,2,0
pay_synth_00370,demo_company_001,DEMO,1742.3,INR,UPI,NETWORK,TEMPORARY,21,6,1
pay_synth_02883,demo_company_001,DEMO,3895.86,INR,CARD,NETWORK,TEMPORARY,17,3,1
pay_synth_04952,demo_company_001,DEMO,6444.23,INR,CARD,INSUFFICIENT_FUNDS,TEMPORARY,12,3,1
pay_synth_00725,demo_company_001,RAZORPAY,726.65,INR,UPI,CARD,PERMANENT,3,1,0
pay_synth_04431,demo_company_001,RAZORPAY,3430.02,INR,NETBANKING,UNKNOWN,UNKNOWN,1,3,0
pay_synth_04227,demo_company_001,DEMO,1883.44,INR,UPI,NETWORK,TEMPORARY,10,6,1
pay_synth_03058,demo_company_001,DEMO,1642.75,INR,UPI,INSUFFICIENT_FUNDS,TEMPORARY,14,6,0
pay_synth_00209,demo_company_001,DEMO,3852.71,INR,NETBANKING,INSUFFICIENT_FUNDS,TEMPORARY,15,0,0
pay_synth_00216,demo_company_001,DEMO,720.95,INR,CARD,BANK,TEMPORARY,14,3,0
pay_synth_02361,demo_company_001,DEMO,667.08,INR,CARD,BANK,PERMANENT,21,6,1
pay_synth_01922,demo_company_001,DEMO,406.78,INR,UPI,INSUFFICIENT_FUNDS,TEMPORARY,20,4,1
pay_synth_01458,demo_company_001,RAZORPAY,7539.13,INR,UPI,AUTHENTICATION,TEMPORARY,4,2,1
pay_synth_03844,demo_company_001,DEMO,6072.53,INR,NETBANKING,INSUFFICIENT_FUNDS,TEMPORARY,1,0,1
pay_synth_03716,demo_company_001,DEMO,426.76,INR,NETBANKING,INSUFFICIENT_FUNDS,TEMPORARY,13,1,1
pay_synth_01990,demo_company_001,RAZORPAY,2468.69,INR,UPI,TEMPORARY,TEMPORARY,13,1,1
pay_synth_01464,demo_company_001,RAZORPAY,3791.52,USD,UPI,AUTHENTICATION,TEMPORARY,21,6,1
pay_synth_02939,demo_company_001,STRIPE,1832.29,INR,UPI,INSUFFICIENT_FUNDS,TEMPORARY,5,1,1
pay_synth_02415,demo_company_001,RAZORPAY,681.07,INR,CARD,INSUFFICIENT_FUNDS,TEMPORARY,7,2,1
pay_synth_02184,demo_company_001,DEMO,2595.67,INR,CARD,AUTHENTICATION,TEMPORARY,4,0,1
pay_synth_01764,demo_company_001,DEMO,764.01,INR,UPI,INSUFFICIENT_FUNDS,TEMPORARY,11,0,1
pay_synth_02429,demo_company_001,DEMO,1035.74,INR,CARD,INSUFFICIENT_FUNDS,TEMPORARY,11,4,1
pay_synth_01725,demo_company_001,RAZORPAY,2139.62,INR,CARD,NETWORK,TEMPORARY,8,2,1
pay_synth_01404,demo_company_001,RAZORPAY,10650.21,INR,NETBANKING,AUTHENTICATION,TEMPORARY,22,3,1
pay_synth_02227,demo_company_001,DEMO,1439.76,INR,NETBANKING,AUTHENTICATION,TEMPORARY,1,4,0
pay_synth_01888,demo_company_001,DEMO,2543.96,INR,UPI,INSUFFICIENT_FUNDS,TEMPORARY,1,0,1
pay_synth_00236,demo_company_001,RAZORPAY,3938.57,INR,UPI,NETWORK,TEMPORARY,7,6,0
pay_synth_04221,demo_company_001,DEMO,1233.9,INR,UPI,CARD,PERMANENT,22,4,0
pay_synth_00676,demo_company_001,STRIPE,1499.09,USD,UPI,BANK,TEMPORARY,6,2,1
pay_synth_00643,demo_company_001,DEMO,1798.33,INR,UPI,AUTHENTICATION,TEMPORARY,11,4,1
pay_synth_01778,demo_company_001,DEMO,3148.02,USD,CARD,NETWORK,TEMPORARY,10,5,1
pay_synth_03109,demo_company_001,RAZORPAY,985.15,INR,CARD,TEMPORARY,TEMPORARY,23,2,1
pay_synth_01424,demo_company_001,DEMO,1568.81,INR,UPI,NETWORK,TEMPORARY,18,1,1
pay_synth_04773,demo_company_001,DEMO,1221.63,INR,UPI,AUTHENTICATION,TEMPORARY,16,4,1
pay_synth_04056,demo_company_001,DEMO,2225.82,INR,WALLET,BANK,TEMPORARY,13,3,0
pay_synth_03022,demo_company_001,DEMO,414.89,INR,NETBANKING,PROVIDER,TEMPORARY,10,5,1
pay_synth_01689,demo_company_001,RAZORPAY,1234.49,INR,CARD,AUTHENTICATION,TEMPORARY,5,5,0
pay_synth_03694,demo_company_001,DEMO,1200.02,INR,UPI,INSUFFICIENT_FUNDS,TEMPORARY,8,6,1
pay_synth_03225,demo_company_001,DEMO,1893.88,INR,UPI,AUTHENTICATION,TEMPORARY,3,0,1
pay_synth_02629,demo_company_001,DEMO,2485.86,INR,NETBANKING,NETWORK,TEMPORARY,6,3,1
pay_synth_02670,demo_company_001,DEMO,515.62,INR,UPI,INSUFFICIENT_FUNDS,TEMPORARY,2,6,1
pay_synth_02813,demo_company_001,RAZORPAY,12148.97,INR,UPI,INSUFFICIENT_FUNDS,TEMPORARY,1,2,0
pay_synth_04013,demo_company_001,RAZORPAY,4720.78,INR,UPI,INSUFFICIENT_FUNDS,TEMPORARY,16,6,1
pay_synth_01275,demo_company_001,DEMO,2884.78,INR,CARD,INSUFFICIENT_FUNDS,TEMPORARY,11,6,1
pay_synth_04798,demo_company_001,RAZORPAY,1295.78,INR,CARD,INSUFFICIENT_FUNDS,TEMPORARY,17,0,1
pay_synth_02712,demo_company_001,RAZORPAY,2758.97,INR,UPI,INSUFFICIENT_FUNDS,TEMPORARY,4,0,1
pay_synth_03595,demo_company_001,DEMO,1444.5,INR,CARD,AUTHENTICATION,TEMPORARY,2,3,0
pay_synth_00223,demo_company_001,DEMO,1983.29,INR,UPI,TEMPORARY,TEMPORARY,16,2,0
pay_synth_03007,demo_company_001,STRIPE,4513.86,INR,CARD,UNKNOWN,UNKNOWN,6,4,1
pay_synth_02500,demo_company_001,DEMO,683.92,INR,CARD,BANK,TEMPORARY,13,6,0
pay_synth_02257,demo_company_001,RAZORPAY,3638.22,INR,UPI,AUTHENTICATION,TEMPORARY,15,1,0
pay_synth_00929,demo_company_001,RAZORPAY,13361.76,INR,CARD,NETWORK,TEMPORARY,12,1,0
pay_synth_00032,demo_company_001,DEMO,9960.47,INR,CARD,UNKNOWN,UNKNOWN,21,1,0
pay_synth_02596,demo_company_001,RAZORPAY,1212.9,INR,WALLET,INSUFFICIENT_FUNDS,TEMPORARY,14,2,1
pay_synth_01399,demo_company_001,RAZORPAY,8347.09,INR,UPI,AUTHENTICATION,TEMPORARY,13,1,1
pay_synth_04759,demo_company_001,DEMO,1076.92,INR,UPI,CARD,PERMANENT,14,3,0
pay_synth_02122,demo_company_001,RAZORPAY,2865.06,USD,UPI,AUTHENTICATION,TEMPORARY,5,0,1
pay_synth_01130,demo_company_001,DEMO,1174.09,INR,UPI,PROVIDER,TEMPORARY,5,5,1
pay_synth_00863,demo_company_001,RAZORPAY,958.97,INR,UPI,INSUFFICIENT_FUNDS,TEMPORARY,16,3,0
pay_synth_04746,demo_company_001,DEMO,330.71,INR,CARD,AUTHENTICATION,TEMPORARY,13,4,0
pay_synth_04126,demo_company_001,RAZORPAY,100.0,USD,WALLET,CARD,PERMANENT,19,2,0
pay_synth_04358,demo_company_001,RAZORPAY,3199.84,INR,UPI,AUTHENTICATION,TEMPORARY,19,0,1
pay_synth_00783,demo_company_001,DEMO,103.59,USD,CARD,CUSTOMER_ACTION_REQUIRED,TEMPORARY,20,1,0
pay_synth_03665,demo_company_001,RAZORPAY,4149.71,INR,CARD,AUTHENTICATION,TEMPORARY,3,2,0
pay_synth_03343,demo_company_001,RAZORPAY,500.47,USD,UPI,AUTHENTICATION,TEMPORARY,7,2,1
pay_synth_02775,demo_company_001,RAZORPAY,5900.41,INR,UPI,AUTHENTICATION,TEMPORARY,23,4,1
pay_synth_02354,demo_company_001,STRIPE,8784.35,INR,CARD,AUTHENTICATION,TEMPORARY,3,0,1
pay_synth_04174,demo_company_001,RAZORPAY,2531.89,INR,UPI,BANK,PERMANENT,5,5,0
pay_synth_02891,demo_company_001,DEMO,662.46,INR,UPI,CARD,PERMANENT,16,5,0
pay_synth_00218,demo_company_001,RAZORPAY,669.16,INR,CARD,AUTHENTICATION,TEMPORARY,0,1,1
pay_synth_04914,demo_company_001,DEMO,4980.96,INR,CARD,NETWORK,TEMPORARY,0,4,1
pay_synth_01627,demo_company_001,DEMO,1192.47,INR,NETBANKING,CARD,PERMANENT,10,6,0
pay_synth_01987,demo_company_001,RAZORPAY,653.45,INR,UPI,INSUFFICIENT_FUNDS,TEMPORARY,9,6,1
pay_synth_03414,demo_company_001,DEMO,2655.24,INR,CARD,INSUFFICIENT_FUNDS,TEMPORARY,4,1,1
pay_synth_03906,demo_company_001,DEMO,2322.6,INR,CARD,AUTHENTICATION,TEMPORARY,7,3,0
pay_synth_04764,demo_company_001,DEMO,5928.38,INR,NETBANKING,AUTHENTICATION,TEMPORARY,0,0,1
pay_synth_04002,demo_company_001,STRIPE,4852.85,INR,CARD,INSUFFICIENT_FUNDS,TEMPORARY,21,5,1
pay_synth_02841,demo_company_001,DEMO,696.51,INR,CARD,PROVIDER,TEMPORARY,3,3,0
pay_synth_01154,demo_company_001,RAZORPAY,593.91,INR,UPI,AUTHENTICATION,TEMPORARY,14,4,0
pay_synth_03461,demo_company_001,DEMO,332.04,INR,WALLET,UNKNOWN,UNKNOWN,20,1,1
pay_synth_02650,demo_company_001,DEMO,574.17,INR,CARD,CUSTOMER_ACTION_REQUIRED,TEMPORARY,4,1,0
pay_synth_00576,demo_company_001,STRIPE,1443.43,INR,UPI,CUSTOMER_ACTION_REQUIRED,TEMPORARY,11,1,1
pay_synth_02904,demo_company_001,DEMO,3665.46,INR,NETBANKING,BANK,TEMPORARY,15,3,0
pay_synth_01655,demo_company_001,DEMO,1748.33,INR,UPI,PROVIDER,TEMPORARY,19,1,0
pay_synth_01925,demo_company_001,RAZORPAY,5039.51,INR,CARD,INSUFFICIENT_FUNDS,TEMPORARY,21,4,0
pay_synth_03561,demo_company_001,DEMO,2755.76,INR,UPI,INSUFFICIENT_FUNDS,TEMPORARY,11,4,1
pay_synth_02816,demo_company_001,RAZORPAY,776.46,INR,CARD,INSUFFICIENT_FUNDS,TEMPORARY,14,1,0
pay_synth_03162,demo_company_001,DEMO,278.65,INR,UPI,NETWORK,TEMPORARY,6,6,1
pay_synth_00062,demo_company_001,DEMO,1267.23,INR,NETBANKING,INSUFFICIENT_FUNDS,TEMPORARY,17,5,0
pay_synth_01887,demo_company_001,DEMO,555.57,INR,UPI,INSUFFICIENT_FUNDS,TEMPORARY,23,5,1
pay_synth_01506,demo_company_001,DEMO,1874.66,USD,NETBANKING,BANK,PERMANENT,17,1,0
pay_synth_00602,demo_company_001,DEMO,449.24,INR,UPI,INSUFFICIENT_FUNDS,TEMPORARY,23,1,1
pay_synth_02431,demo_company_001,RAZORPAY,1210.61,USD,UPI,UNKNOWN,UNKNOWN,11,3,1
pay_synth_04979,demo_company_001,DEMO,2793.28,INR,WALLET,CARD,PERMANENT,0,2,1
pay_synth_04605,demo_company_001,RAZORPAY,1058.05,INR,CARD,CARD,PERMANENT,1,0,1
pay_synth_04637,demo_company_001,DEMO,2896.68,INR,NETBANKING,INSUFFICIENT_FUNDS,TEMPORARY,18,3,1
pay_synth_02196,demo_company_001,DEMO,417.36,INR,CARD,AUTHENTICATION,TEMPORARY,20,5,0
pay_synth_00761,demo_company_001,DEMO,1166.69,INR,CARD,INSUFFICIENT_FUNDS,TEMPORARY,22,0,1
pay_synth_04627,demo_company_001,DEMO,603.87,INR,CARD,AUTHENTICATION,TEMPORARY,14,0,0
pay_synth_01773,demo_company_001,STRIPE,15560.43,INR,CARD,INSUFFICIENT_FUNDS,TEMPORARY,14,3,1
pay_synth_00745,demo_company_001,DEMO,196.9,INR,UPI,AUTHENTICATION,TEMPORARY,9,1,1
pay_synth_00828,demo_company_001,DEMO,1119.19,INR,UPI,CUSTOMER_ACTION_REQUIRED,TEMPORARY,5,1,1
pay_synth_03950,demo_company_001,DEMO,9716.57,INR,CARD,PROVIDER,TEMPORARY,16,1,1
pay_synth_00269,demo_company_001,DEMO,477.42,USD,NETBANKING,AUTHENTICATION,TEMPORARY,19,2,0
pay_synth_01726,demo_company_001,DEMO,2290.41,INR,UPI,AUTHENTICATION,TEMPORARY,8,6,1
pay_synth_03631,demo_company_001,RAZORPAY,3107.37,USD,CARD,INSUFFICIENT_FUNDS,TEMPORARY,8,3,1
pay_synth_04971,demo_company_001,DEMO,302.36,INR,UPI,UNKNOWN,UNKNOWN,10,5,0
pay_synth_04514,demo_company_001,RAZORPAY,7107.35,INR,CARD,INSUFFICIENT_FUNDS,TEMPORARY,22,6,0
pay_synth_02927,demo_company_001,STRIPE,4223.82,INR,NETBANKING,AUTHENTICATION,TEMPORARY,12,5,0
pay_synth_04195,demo_company_001,RAZORPAY,717.1,USD,NETBANKING,INSUFFICIENT_FUNDS,TEMPORARY,7,3,1
pay_synth_03037,demo_company_001,DEMO,2225.56,INR,UPI,NETWORK,TEMPORARY,12,1,1
pay_synth_03355,demo_company_001,DEMO,1154.09,INR,UPI,INSUFFICIENT_FUNDS,TEMPORARY,18,3,1
pay_synth_00409,demo_company_001,STRIPE,6314.21,INR,UPI,NETWORK,TEMPORARY,8,5,1
pay_synth_04338,demo_company_001,STRIPE,1250.66,INR,WALLET,UNKNOWN,UNKNOWN,16,3,1
pay_synth_03076,demo_company_001,STRIPE,4198.14,INR,UPI,NETWORK,TEMPORARY,15,0,1
pay_synth_02501,demo_company_001,STRIPE,522.07,INR,CARD,BANK,TEMPORARY,15,3,0
pay_synth_02750,demo_company_001,RAZORPAY,1073.66,INR,CARD,AUTHENTICATION,TEMPORARY,16,6,0
pay_synth_02325,demo_company_001,STRIPE,1914.17,USD,UPI,INSUFFICIENT_FUNDS,TEMPORARY,8,5,1
pay_synth_03586,demo_company_001,DEMO,2426.18,INR,CARD,INSUFFICIENT_FUNDS,TEMPORARY,11,1,1
pay_synth_03560,demo_company_001,DEMO,4689.03,INR,NETBANKING,NETWORK,TEMPORARY,13,0,0
pay_synth_03548,demo_company_001,DEMO,912.96,INR,UPI,NETWORK,TEMPORARY,3,6,0
pay_synth_04445,demo_company_001,DEMO,3139.41,USD,CARD,AUTHENTICATION,TEMPORARY,17,0,1
pay_synth_01723,demo_company_001,DEMO,9494.2,INR,NETBANKING,AUTHENTICATION,TEMPORARY,13,3,1
pay_synth_01807,demo_company_001,RAZORPAY,1299.39,INR,CARD,CARD,PERMANENT,4,4,0
pay_synth_00982,demo_company_001,RAZORPAY,1119.53,INR,UPI,NETWORK,TEMPORARY,7,4,0
pay_synth_02730,demo_company_001,DEMO,4274.41,INR,CARD,AUTHENTICATION,TEMPORARY,15,1,1
pay_synth_04202,demo_company_001,DEMO,1610.58,INR,UPI,PROVIDER,TEMPORARY,1,3,1
pay_synth_00255,demo_company_001,DEMO,810.92,INR,NETBANKING,CUSTOMER_ACTION_REQUIRED,TEMPORARY,4,5,1
pay_synth_04933,demo_company_001,STRIPE,1840.54,USD,UPI,NETWORK,TEMPORARY,3,3,1
pay_synth_04489,demo_company_001,RAZORPAY,520.68,USD,UPI,INSUFFICIENT_FUNDS,TEMPORARY,21,5,1
pay_synth_00369,demo_company_001,DEMO,1182.65,INR,CARD,NETWORK,TEMPORARY,0,5,1
pay_synth_04153,demo_company_001,RAZORPAY,345.5,INR,UPI,AUTHENTICATION,TEMPORARY,19,3,1
pay_synth_01283,demo_company_001,RAZORPAY,1356.68,INR,CARD,TEMPORARY,TEMPORARY,20,2,1
pay_synth_01166,demo_company_001,STRIPE,1255.99,INR,CARD,NETWORK,TEMPORARY,1,1,0
pay_synth_02286,demo_company_001,DEMO,843.93,INR,CARD,CARD,PERMANENT,6,0,1
pay_synth_04397,demo_company_001,DEMO,2445.26,INR,UPI,CUSTOMER_ACTION_REQUIRED,TEMPORARY,20,3,1
pay_synth_01149,demo_company_001,STRIPE,1166.98,INR,CARD,PROVIDER,TEMPORARY,22,3,1
pay_synth_04653,demo_company_001,DEMO,625.85,INR,UPI,AUTHENTICATION,TEMPORARY,23,1,1
pay_synth_01484,demo_company_001,DEMO,1427.03,INR,UPI,NETWORK,TEMPORARY,14,2,1
pay_synth_01250,demo_company_001,RAZORPAY,1583.18,INR,UPI,PROVIDER,TEMPORARY,4,0,1
pay_synth_04836,demo_company_001,DEMO,1247.18,INR,UPI,AUTHENTICATION,TEMPORARY,10,0,1
pay_synth_04284,demo_company_001,DEMO,3607.92,INR,UPI,CARD,PERMANENT,18,4,0
pay_synth_00781,demo_company_001,RAZORPAY,1312.54,INR,CARD,TEMPORARY,TEMPORARY,15,6,1
pay_synth_04487,demo_company_001,DEMO,2661.83,INR,UPI,INSUFFICIENT_FUNDS,TEMPORARY,7,3,0
pay_synth_01057,demo_company_001,RAZORPAY,6143.23,INR,CARD,NETWORK,TEMPORARY,16,5,1
pay_synth_04224,demo_company_001,STRIPE,1684.17,INR,UPI,NETWORK,TEMPORARY,23,2,1
pay_synth_02887,demo_company_001,RAZORPAY,8893.9,INR,UPI,AUTHENTICATION,TEMPORARY,0,0,0
pay_synth_02947,demo_company_001,RAZORPAY,2272.77,INR,CARD,NETWORK,TEMPORARY,6,5,1
pay_synth_00285,demo_company_001,RAZORPAY,3915.7,INR,CARD,INSUFFICIENT_FUNDS,TEMPORARY,18,5,1
pay_synth_04690,demo_company_001,STRIPE,298.81,INR,NETBANKING,AUTHENTICATION,TEMPORARY,13,5,1
pay_synth_03137,demo_company_001,RAZORPAY,3266.99,INR,UPI,CUSTOMER_ACTION_REQUIRED,TEMPORARY,6,3,0
pay_synth_02835,demo_company_001,DEMO,2174.7,USD,UPI,AUTHENTICATION,TEMPORARY,19,5,1
pay_synth_02638,demo_company_001,RAZORPAY,6472.26,INR,CARD,BANK,TEMPORARY,2,1,0
pay_synth_00140,demo_company_001,STRIPE,1584.19,INR,NETBANKING,NETWORK,TEMPORARY,3,2,1
pay_synth_01864,demo_company_001,RAZORPAY,908.97,INR,UPI,CUSTOMER_ACTION_REQUIRED,TEMPORARY,6,2,1
pay_synth_03644,demo_company_001,DEMO,2826.27,INR,UPI,NETWORK,TEMPORARY,16,1,1
pay_synth_03848,demo_company_001,RAZORPAY,1151.84,INR,CARD,AUTHENTICATION,TEMPORARY,13,6,1
pay_synth_04181,demo_company_001,DEMO,423.04,USD,UPI,INSUFFICIENT_FUNDS,TEMPORARY,7,3,0
pay_synth_03384,demo_company_001,DEMO,1323.51,INR,NETBANKING,AUTHENTICATION,TEMPORARY,4,0,1
pay_synth_01127,demo_company_001,DEMO,16276.6,INR,CARD,BANK,TEMPORARY,18,3,0
pay_synth_03622,demo_company_001,DEMO,3758.54,INR,UPI,INSUFFICIENT_FUNDS,TEMPORARY,12,4,1
pay_synth_00096,demo_company_001,DEMO,10462.21,INR,UPI,AUTHENTICATION,TEMPORARY,6,3,0
pay_synth_02124,demo_company_001,DEMO,2699.61,INR,NETBANKING,UNKNOWN,UNKNOWN,0,2,0
pay_synth_02804,demo_company_001,STRIPE,1797.34,USD,UPI,INSUFFICIENT_FUNDS,TEMPORARY,15,4,0
pay_synth_03216,demo_company_001,DEMO,364.03,INR,CARD,AUTHENTICATION,TEMPORARY,12,2,0
pay_synth_00653,demo_company_001,RAZORPAY,975.87,INR,UPI,BANK,PERMANENT,17,1,1
pay_synth_00752,demo_company_001,STRIPE,4919.51,INR,CARD,NETWORK,TEMPORARY,18,2,0
pay_synth_00312,demo_company_001,DEMO,504.61,INR,CARD,INSUFFICIENT_FUNDS,TEMPORARY,17,1,1
pay_synth_03351,demo_company_001,DEMO,12820.62,INR,NETBANKING,CUSTOMER_ACTION_REQUIRED,TEMPORARY,23,5,1
pay_synth_00708,demo_company_001,STRIPE,4445.82,INR,UPI,NETWORK,TEMPORARY,14,5,1
pay_synth_04738,demo_company_001,DEMO,434.84,USD,UPI,PROVIDER,TEMPORARY,13,6,0
pay_synth_04864,demo_company_001,DEMO,1008.13,INR,NETBANKING,CARD,PERMANENT,0,5,0
pay_synth_02873,demo_company_001,STRIPE,1172.64,USD,NETBANKING,AUTHENTICATION,TEMPORARY,20,6,1
pay_synth_02205,demo_company_001,RAZORPAY,3558.17,USD,NETBANKING,INSUFFICIENT_FUNDS,TEMPORARY,0,3,1
pay_synth_00212,demo_company_001,RAZORPAY,728.79,INR,UPI,AUTHENTICATION,TEMPORARY,22,5,1
pay_synth_03091,demo_company_001,DEMO,1638.24,INR,NETBANKING,INSUFFICIENT_FUNDS,TEMPORARY,7,6,1
pay_synth_00017,demo_company_001,DEMO,1175.02,INR,UPI,INSUFFICIENT_FUNDS,TEMPORARY,20,4,0
pay_synth_04672,demo_company_001,STRIPE,3755.43,INR,CARD,PROVIDER,TEMPORARY,16,1,0
pay_synth_03588,demo_company_001,RAZORPAY,516.71,INR,CARD,INSUFFICIENT_FUNDS,TEMPORARY,2,3,1
pay_synth_01768,demo_company_001,DEMO,1970.46,INR,UPI,INSUFFICIENT_FUNDS,TEMPORARY,10,3,1
pay_synth_01772,demo_company_001,RAZORPAY,2402.88,USD,NETBANKING,INSUFFICIENT_FUNDS,TEMPORARY,2,6,1
pay_synth_01359,demo_company_001,DEMO,844.04,INR,NETBANKING,CARD,PERMANENT,14,6,0
pay_synth_04460,demo_company_001,RAZORPAY,2438.86,INR,UPI,BANK,TEMPORARY,19,4,1
pay_synth_00029,demo_company_001,RAZORPAY,1918.96,INR,CARD,CARD,PERMANENT,8,6,0
pay_synth_02202,demo_company_001,DEMO,718.52,INR,UPI,BANK,TEMPORARY,20,3,1
pay_synth_01019,demo_company_001,STRIPE,3005.44,INR,CARD,AUTHENTICATION,TEMPORARY,9,3,0
pay_synth_02118,demo_company_001,RAZORPAY,4980.02,INR,UPI,BANK,TEMPORARY,12,6,0
pay_synth_01222,demo_company_001,DEMO,1651.88,USD,CARD,AUTHENTICATION,TEMPORARY,10,3,1
pay_synth_04024,demo_company_001,STRIPE,2928.68,INR,UPI,INSUFFICIENT_FUNDS,TEMPORARY,4,2,1
pay_synth_03426,demo_company_001,RAZORPAY,300.93,INR,UPI,BANK,PERMANENT,8,0,0
pay_synth_01152,demo_company_001,STRIPE,730.33,INR,CARD,NETWORK,TEMPORARY,8,2,1
pay_synth_00995,demo_company_001,DEMO,2413.43,INR,UPI,PROVIDER,TEMPORARY,23,6,1
pay_synth_01576,demo_company_001,DEMO,5493.86,INR,CARD,INSUFFICIENT_FUNDS,TEMPORARY,17,0,0
pay_synth_03383,demo_company_001,DEMO,5801.53,INR,CARD,CARD,PERMANENT,7,3,0
pay_synth_04806,demo_company_001,RAZORPAY,341.19,INR,CARD,NETWORK,TEMPORARY,21,1,0
pay_synth_03733,demo_company_001,DEMO,3226.69,INR,UPI,TEMPORARY,TEMPORARY,5,6,1
pay_synth_04805,demo_company_001,STRIPE,6701.3,INR,CARD,INSUFFICIENT_FUNDS,TEMPORARY,0,0,1
pay_synth_04554,demo_company_001,STRIPE,4619.29,USD,CARD,PROVIDER,TEMPORARY,7,1,1
pay_synth_03164,demo_company_001,RAZORPAY,271.58,INR,CARD,INSUFFICIENT_FUNDS,TEMPORARY,22,0,0
pay_synth_04371,demo_company_001,DEMO,6310.04,INR,CARD,PROVIDER,TEMPORARY,5,4,0
pay_synth_03033,demo_company_001,RAZORPAY,9622.27,INR,UPI,AUTHENTICATION,TEMPORARY,1,0,1
pay_synth_01613,demo_company_001,RAZORPAY,1032.56,INR,UPI,INSUFFICIENT_FUNDS,TEMPORARY,5,6,0
pay_synth_02493,demo_company_001,RAZORPAY,1968.34,INR,UPI,AUTHENTICATION,TEMPORARY,21,3,0
pay_synth_00739,demo_company_001,DEMO,3276.45,INR,UPI,INSUFFICIENT_FUNDS,TEMPORARY,11,5,1
pay_synth_00295,demo_company_001,DEMO,4636.21,INR,CARD,AUTHENTICATION,TEMPORARY,20,1,1
pay_synth_00085,demo_company_001,DEMO,2163.43,INR,UPI,INSUFFICIENT_FUNDS,TEMPORARY,21,4,1
pay_synth_04616,demo_company_001,DEMO,2780.92,INR,NETBANKING,PROVIDER,TEMPORARY,16,3,0
pay_synth_04855,demo_company_001,RAZORPAY,619.01,INR,NETBANKING,AUTHENTICATION,TEMPORARY,2,3,1
pay_synth_03649,demo_company_001,RAZORPAY,569.86,INR,CARD,NETWORK,TEMPORARY,1,2,1
pay_synth_04471,demo_company_001,STRIPE,1636.15,INR,CARD,PROVIDER,TEMPORARY,10,6,1
pay_synth_04681,demo_company_001,DEMO,2853.11,INR,CARD,NETWORK,TEMPORARY,21,4,1
pay_synth_04871,demo_company_001,DEMO,1021.59,INR,UPI,INSUFFICIENT_FUNDS,TEMPORARY,17,6,1
pay_synth_04312,demo_company_001,STRIPE,3454.41,INR,UPI,AUTHENTICATION,TEMPORARY,16,1,1
pay_synth_04293,demo_company_001,RAZORPAY,5039.49,INR,CARD,INSUFFICIENT_FUNDS,TEMPORARY,8,4,1
pay_synth_03247,demo_company_001,RAZORPAY,812.6,INR,UPI,AUTHENTICATION,TEMPORARY,4,2,0
pay_synth_03200,demo_company_001,DEMO,426.52,INR,UPI,INSUFFICIENT_FUNDS,TEMPORARY,15,5,1
pay_synth_03651,demo_company_001,RAZORPAY,2588.09,INR,UPI,AUTHENTICATION,TEMPORARY,2,6,1
pay_synth_04357,demo_company_001,DEMO,3701.18,INR,NETBANKING,UNKNOWN,UNKNOWN,10,4,1
pay_synth_03209,demo_company_001,DEMO,3816.42,USD,UPI,INSUFFICIENT_FUNDS,TEMPORARY,6,3,1
pay_synth_04629,demo_company_001,RAZORPAY,3035.94,INR,UPI,CARD,PERMANENT,10,0,0
pay_synth_01003,demo_company_001,STRIPE,1562.51,INR,NETBANKING,NETWORK,TEMPORARY,16,5,1
pay_synth_01608,demo_company_001,STRIPE,4134.93,INR,CARD,INSUFFICIENT_FUNDS,TEMPORARY,8,2,0
pay_synth_00178,demo_company_001,DEMO,10014.2,INR,UPI,AUTHENTICATION,TEMPORARY,11,1,1
pay_synth_03488,demo_company_001,DEMO,887.1,INR,CARD,CARD,PERMANENT,12,5,0
pay_synth_01646,demo_company_001,RAZORPAY,854.11,INR,UPI,INSUFFICIENT_FUNDS,TEMPORARY,10,2,1
pay_synth_03655,demo_company_001,DEMO,2214.75,INR,UPI,NETWORK,TEMPORARY,19,6,1
pay_synth_03816,demo_company_001,RAZORPAY,667.33,INR,CARD,INSUFFICIENT_FUNDS,TEMPORARY,4,5,1
pay_synth_01996,demo_company_001,RAZORPAY,1427.9,INR,CARD,INSUFFICIENT_FUNDS,TEMPORARY,4,2,0
pay_synth_03723,demo_company_001,STRIPE,3235.44,INR,UPI,INSUFFICIENT_FUNDS,TEMPORARY,6,2,0
pay_synth_04541,demo_company_001,DEMO,656.16,INR,UPI,AUTHENTICATION,TEMPORARY,21,4,0
pay_synth_03751,demo_company_001,STRIPE,3699.2,INR,CARD,INSUFFICIENT_FUNDS,TEMPORARY,20,0,1
pay_synth_01583,demo_company_001,RAZORPAY,201.21,USD,CARD,PROVIDER,TEMPORARY,5,1,0
pay_synth_02930,demo_company_001,DEMO,2303.0,INR,UPI,BANK,PERMANENT,12,2,1
pay_synth_03425,demo_company_001,STRIPE,509.33,INR,UPI,PROVIDER,TEMPORARY,21,1,0
pay_synth_02796,demo_company_001,RAZORPAY,7105.69,INR,UPI,TEMPORARY,TEMPORARY,1,4,1
pay_synth_02460,demo_company_001,DEMO,871.5,INR,UPI,INSUFFICIENT_FUNDS,TEMPORARY,10,4,1
pay_synth_02238,demo_company_001,DEMO,1593.83,USD,NETBANKING,PROVIDER,TEMPORARY,10,1,1
pay_synth_01641,demo_company_001,RAZORPAY,639.36,INR,CARD,UNKNOWN,UNKNOWN,4,0,0
pay_synth_04752,demo_company_001,DEMO,1206.06,INR,UPI,INSUFFICIENT_FUNDS,TEMPORARY,8,4,0
pay_synth_02237,demo_company_001,STRIPE,4761.77,INR,CARD,BANK,PERMANENT,18,0,0
pay_synth_03850,demo_company_001,DEMO,3801.43,INR,UPI,INSUFFICIENT_FUNDS,TEMPORARY,10,4,0
pay_synth_01082,demo_company_001,DEMO,3914.89,INR,WALLET,AUTHENTICATION,TEMPORARY,20,0,0
pay_synth_02790,demo_company_001,STRIPE,351.95,INR,CARD,AUTHENTICATION,TEMPORARY,22,4,1
pay_synth_02581,demo_company_001,DEMO,2738.45,INR,CARD,BANK,TEMPORARY,23,0,0
pay_synth_02163,demo_company_001,DEMO,348.56,INR,CARD,NETWORK,TEMPORARY,9,0,1
pay_synth_00719,demo_company_001,DEMO,11066.76,INR,UPI,INSUFFICIENT_FUNDS,TEMPORARY,22,1,1
pay_synth_00580,demo_company_001,DEMO,742.95,INR,UPI,BANK,TEMPORARY,12,6,1
pay_synth_02986,demo_company_001,STRIPE,4136.12,INR,CARD,CUSTOMER_ACTION_REQUIRED,TEMPORARY,21,4,1
pay_synth_02486,demo_company_001,STRIPE,1470.73,INR,CARD,INSUFFICIENT_FUNDS,TEMPORARY,3,3,1
pay_synth_03490,demo_company_001,DEMO,3287.13,INR,UPI,AUTHENTICATION,TEMPORARY,22,1,0
pay_synth_04659,demo_company_001,DEMO,1486.42,INR,CARD,INSUFFICIENT_FUNDS,TEMPORARY,10,1,1
pay_synth_00213,demo_company_001,RAZORPAY,980.66,INR,UPI,INSUFFICIENT_FUNDS,TEMPORARY,11,1,1
pay_synth_01841,demo_company_001,DEMO,3408.68,INR,NETBANKING,INSUFFICIENT_FUNDS,TEMPORARY,16,4,1
pay_synth_01348,demo_company_001,DEMO,1454.23,INR,WALLET,INSUFFICIENT_FUNDS,TEMPORARY,16,5,0
pay_synth_02432,demo_company_001,STRIPE,14344.65,INR,CARD,INSUFFICIENT_FUNDS,TEMPORARY,20,0,0
pay_synth_01491,demo_company_001,DEMO,1949.55,INR,CARD,TEMPORARY,TEMPORARY,4,5,1
pay_synth_01748,demo_company_001,DEMO,3215.69,INR,UPI,INSUFFICIENT_FUNDS,TEMPORARY,23,6,1
pay_synth_03237,demo_company_001,DEMO,378.79,INR,CARD,INSUFFICIENT_FUNDS,TEMPORARY,15,6,0
pay_synth_02050,demo_company_001,DEMO,2726.89,INR,CARD,INSUFFICIENT_FUNDS,TEMPORARY,7,6,1
pay_synth_04925,demo_company_001,DEMO,2001.49,INR,CARD,NETWORK,TEMPORARY,19,5,1
pay_synth_02671,demo_company_001,RAZORPAY,620.72,INR,CARD,INSUFFICIENT_FUNDS,TEMPORARY,3,3,1
pay_synth_03471,demo_company_001,DEMO,2682.75,INR,UPI,INSUFFICIENT_FUNDS,TEMPORARY,3,1,0
pay_synth_00101,demo_company_001,DEMO,2409.47,INR,UPI,UNKNOWN,UNKNOWN,1,5,1
pay_synth_04865,demo_company_001,DEMO,13256.9,INR,CARD,CARD,PERMANENT,10,6,0
pay_synth_01717,demo_company_001,DEMO,2027.14,INR,UPI,INSUFFICIENT_FUNDS,TEMPORARY,4,4,1
pay_synth_01849,demo_company_001,STRIPE,4160.5,INR,CARD,AUTHENTICATION,TEMPORARY,3,0,0
pay_synth_04475,demo_company_001,RAZORPAY,1041.19,INR,NETBANKING,AUTHENTICATION,TEMPORARY,16,2,0
pay_synth_01074,demo_company_001,DEMO,2060.64,INR,CARD,INSUFFICIENT_FUNDS,TEMPORARY,21,4,1
pay_synth_02748,demo_company_001,DEMO,2837.37,INR,CARD,CARD,PERMANENT,7,3,0
pay_synth_01243,demo_company_001,RAZORPAY,3377.0,INR,CARD,INSUFFICIENT_FUNDS,TEMPORARY,6,6,1
pay_synth_04447,demo_company_001,DEMO,5886.57,INR,WALLET,PROVIDER,TEMPORARY,20,5,1
pay_synth_04701,demo_company_001,DEMO,3892.71,INR,CARD,UNKNOWN,UNKNOWN,9,5,1
pay_synth_03720,demo_company_001,DEMO,1683.46,INR,CARD,INSUFFICIENT_FUNDS,TEMPORARY,0,3,1
pay_synth_00176,demo_company_001,DEMO,5771.73,INR,NETBANKING,INSUFFICIENT_FUNDS,TEMPORARY,1,4,1
pay_synth_02765,demo_company_001,DEMO,727.08,INR,CARD,CARD,PERMANENT,13,5,0
pay_synth_02533,demo_company_001,DEMO,850.28,INR,UPI,INSUFFICIENT_FUNDS,TEMPORARY,12,6,1
pay_synth_01442,demo_company_001,DEMO,659.94,INR,UPI,NETWORK,TEMPORARY,8,2,1
pay_synth_01253,demo_company_001,DEMO,3240.06,INR,UPI,PROVIDER,TEMPORARY,15,3,1
pay_synth_00061,demo_company_001,DEMO,2210.2,INR,NETBANKING,INSUFFICIENT_FUNDS,TEMPORARY,3,6,1
pay_synth_01165,demo_company_001,DEMO,413.91,INR,UPI,AUTHENTICATION,TEMPORARY,20,0,1
pay_synth_04811,demo_company_001,DEMO,2166.22,INR,UPI,INSUFFICIENT_FUNDS,TEMPORARY,5,4,1
pay_synth_00548,demo_company_001,RAZORPAY,4141.05,INR,UPI,PROVIDER,TEMPORARY,13,5,1
pay_synth_00983,demo_company_001,DEMO,673.37,INR,WALLET,PROVIDER,TEMPORARY,0,4,0
pay_synth_00086,demo_company_001,DEMO,2932.01,INR,CARD,NETWORK,TEMPORARY,5,3,1
pay_synth_00306,demo_company_001,STRIPE,4143.16,INR,CARD,CARD,PERMANENT,14,3,0
pay_synth_02540,demo_company_001,RAZORPAY,563.28,INR,UPI,INSUFFICIENT_FUNDS,TEMPORARY,3,0,0
pay_synth_00122,demo_company_001,STRIPE,7149.35,INR,NETBANKING,INSUFFICIENT_FUNDS,TEMPORARY,17,1,1
pay_synth_00691,demo_company_001,DEMO,489.72,INR,UPI,CARD,PERMANENT,5,1,0
pay_synth_03122,demo_company_001,DEMO,3622.12,INR,CARD,INSUFFICIENT_FUNDS,TEMPORARY,6,2,1
pay_synth_01432,demo_company_001,RAZORPAY,9116.37,INR,NETBANKING,NETWORK,TEMPORARY,19,3,1
pay_synth_03016,demo_company_001,DEMO,2334.1,INR,CARD,NETWORK,TEMPORARY,22,4,1
pay_synth_03947,demo_company_001,RAZORPAY,2911.95,INR,CARD,INSUFFICIENT_FUNDS,TEMPORARY,17,1,1
pay_synth_03357,demo_company_001,RAZORPAY,12688.17,INR,UPI,INSUFFICIENT_FUNDS,TEMPORARY,13,2,0
pay_synth_00550,demo_company_001,RAZORPAY,1388.24,USD,UPI,INSUFFICIENT_FUNDS,TEMPORARY,23,2,0
pay_synth_04389,demo_company_001,DEMO,2203.31,INR,CARD,AUTHENTICATION,TEMPORARY,5,6,1
pay_synth_04037,demo_company_001,STRIPE,880.08,INR,UPI,INSUFFICIENT_FUNDS,TEMPORARY,9,6,1
pay_synth_03085,demo_company_001,RAZORPAY,408.97,INR,CARD,INSUFFICIENT_FUNDS,TEMPORARY,10,2,1
pay_synth_02902,demo_company_001,RAZORPAY,3605.2,INR,UPI,INSUFFICIENT_FUNDS,TEMPORARY,3,4,0
pay_synth_03283,demo_company_001,STRIPE,1201.03,INR,NETBANKING,NETWORK,TEMPORARY,10,6,1
pay_synth_02572,demo_company_001,STRIPE,3787.27,INR,CARD,BANK,TEMPORARY,6,1,1
pay_synth_01876,demo_company_001,RAZORPAY,327.85,INR,UPI,CUSTOMER_ACTION_REQUIRED,TEMPORARY,14,0,0
pay_synth_03807,demo_company_001,DEMO,421.58,INR,UPI,AUTHENTICATION,TEMPORARY,9,4,1
pay_synth_04574,demo_company_001,RAZORPAY,2825.14,INR,UPI,PROVIDER,TEMPORARY,20,5,0
pay_synth_03453,demo_company_001,RAZORPAY,237.36,USD,CARD,PROVIDER,TEMPORARY,13,2,1
pay_synth_01490,demo_company_001,DEMO,117.91,INR,CARD,AUTHENTICATION,TEMPORARY,2,5,1
pay_synth_02527,demo_company_001,DEMO,3749.65,INR,CARD,INSUFFICIENT_FUNDS,TEMPORARY,21,1,1
pay_synth_02564,demo_company_001,DEMO,1917.46,INR,CARD,CUSTOMER_ACTION_REQUIRED,TEMPORARY,20,5,0
pay_synth_04532,demo_company_001,DEMO,1290.13,INR,NETBANKING,UNKNOWN,UNKNOWN,19,5,1
pay_synth_03764,demo_company_001,DEMO,2664.81,INR,NETBANKING,UNKNOWN,UNKNOWN,6,6,0
pay_synth_03598,demo_company_001,RAZORPAY,2536.64,INR,UPI,INSUFFICIENT_FUNDS,TEMPORARY,16,4,0
pay_synth_03783,demo_company_001,DEMO,575.87,INR,UPI,AUTHENTICATION,TEMPORARY,19,3,0
pay_synth_00053,demo_company_001,STRIPE,3943.3,INR,UPI,CUSTOMER_ACTION_REQUIRED,TEMPORARY,6,3,1
pay_synth_00205,demo_company_001,RAZORPAY,670.42,INR,WALLET,INSUFFICIENT_FUNDS,TEMPORARY,21,3,0
pay_synth_03608,demo_company_001,DEMO,6794.2,INR,UPI,CARD,PERMANENT,11,2,0
pay_synth_01365,demo_company_001,RAZORPAY,503.39,INR,CARD,INSUFFICIENT_FUNDS,TEMPORARY,1,3,1
pay_synth_02767,demo_company_001,RAZORPAY,1962.06,INR,UPI,NETWORK,TEMPORARY,3,0,1
pay_synth_00912,demo_company_001,DEMO,1258.07,INR,NETBANKING,CARD,PERMANENT,21,6,0
pay_synth_01299,demo_company_001,RAZORPAY,1158.09,INR,CARD,CARD,PERMANENT,6,4,0
pay_synth_01039,demo_company_001,DEMO,7488.91,INR,UPI,CUSTOMER_ACTION_REQUIRED,TEMPORARY,18,1,1
pay_synth_04680,demo_company_001,RAZORPAY,805.25,INR,UPI,PROVIDER,TEMPORARY,7,3,0
pay_synth_01132,demo_company_001,DEMO,3895.11,INR,CARD,INSUFFICIENT_FUNDS,TEMPORARY,10,1,1
pay_synth_00296,demo_company_001,RAZORPAY,15487.44,INR,UPI,UNKNOWN,UNKNOWN,2,6,0
pay_synth_01170,demo_company_001,DEMO,3866.87,INR,UPI,INSUFFICIENT_FUNDS,TEMPORARY,16,6,1
pay_synth_02566,demo_company_001,DEMO,492.66,INR,NETBANKING,BANK,TEMPORARY,21,2,0
pay_synth_03666,demo_company_001,DEMO,4915.26,INR,CARD,PROVIDER,TEMPORARY,16,6,0
pay_synth_02461,demo_company_001,STRIPE,4987.97,INR,CARD,INSUFFICIENT_FUNDS,TEMPORARY,7,1,0
pay_synth_04884,demo_company_001,DEMO,5045.12,USD,NETBANKING,AUTHENTICATION,TEMPORARY,11,6,0
pay_synth_02362,demo_company_001,DEMO,2587.52,INR,CARD,AUTHENTICATION,TEMPORARY,4,4,0
pay_synth_03682,demo_company_001,DEMO,986.02,INR,NETBANKING,BANK,TEMPORARY,8,0,0
pay_synth_04955,demo_company_001,DEMO,1073.81,INR,UPI,NETWORK,TEMPORARY,16,0,1
pay_synth_04230,demo_company_001,DEMO,554.99,INR,CARD,INSUFFICIENT_FUNDS,TEMPORARY,15,3,1
pay_synth_03935,demo_company_001,DEMO,1938.76,USD,CARD,NETWORK,TEMPORARY,6,3,1
pay_synth_02901,demo_company_001,DEMO,1762.62,INR,CARD,PROVIDER,TEMPORARY,13,3,0
pay_synth_00074,demo_company_001,STRIPE,989.08,INR,UPI,AUTHENTICATION,TEMPORARY,11,6,1
pay_synth_03277,demo_company_001,STRIPE,530.81,INR,CARD,NETWORK,TEMPORARY,18,1,1
pay_synth_03219,demo_company_001,RAZORPAY,501.12,INR,UPI,BANK,TEMPORARY,7,3,1
pay_synth_02849,demo_company_001,RAZORPAY,8024.84,INR,UPI,INSUFFICIENT_FUNDS,TEMPORARY,1,0,0
pay_synth_03057,demo_company_001,RAZORPAY,4041.49,INR,UPI,INSUFFICIENT_FUNDS,TEMPORARY,18,1,1
pay_synth_04119,demo_company_001,DEMO,500.63,INR,NETBANKING,UNKNOWN,UNKNOWN,6,5,1
pay_synth_03420,demo_company_001,DEMO,546.69,INR,UPI,CARD,PERMANENT,11,0,0
pay_synth_02217,demo_company_001,STRIPE,1437.91,INR,CARD,AUTHENTICATION,TEMPORARY,5,0,0
pay_synth_00268,demo_company_001,RAZORPAY,170.94,INR,CARD,AUTHENTICATION,TEMPORARY,17,0,0
pay_synth_02443,demo_company_001,RAZORPAY,2018.7,INR,UPI,CUSTOMER_ACTION_REQUIRED,TEMPORARY,20,0,1
pay_synth_00858,demo_company_001,DEMO,1977.73,USD,UPI,INSUFFICIENT_FUNDS,TEMPORARY,5,3,0
pay_synth_01729,demo_company_001,STRIPE,1632.94,INR,WALLET,INSUFFICIENT_FUNDS,TEMPORARY,11,0,1
pay_synth_02770,demo_company_001,RAZORPAY,1010.84,INR,CARD,AUTHENTICATION,TEMPORARY,23,3,1
pay_synth_02567,demo_company_001,DEMO,7262.5,USD,NETBANKING,CARD,PERMANENT,21,2,0
pay_synth_01367,demo_company_001,RAZORPAY,1678.94,INR,UPI,AUTHENTICATION,TEMPORARY,17,6,1
pay_synth_03108,demo_company_001,DEMO,3130.79,INR,CARD,CUSTOMER_ACTION_REQUIRED,TEMPORARY,13,5,1
pay_synth_02599,demo_company_001,DEMO,569.84,USD,WALLET,NETWORK,TEMPORARY,12,3,1
pay_synth_00785,demo_company_001,DEMO,2009.09,INR,UPI,CARD,PERMANENT,16,3,0
pay_synth_01970,demo_company_001,DEMO,2820.65,INR,CARD,CARD,PERMANENT,10,6,0
pay_synth_02085,demo_company_001,RAZORPAY,2060.44,INR,CARD,INSUFFICIENT_FUNDS,TEMPORARY,14,1,1
pay_synth_00233,demo_company_001,RAZORPAY,4773.74,INR,CARD,PROVIDER,TEMPORARY,15,6,1
pay_synth_02720,demo_company_001,DEMO,826.88,INR,WALLET,INSUFFICIENT_FUNDS,TEMPORARY,14,1,1
pay_synth_01575,demo_company_001,DEMO,1100.39,USD,UPI,BANK,TEMPORARY,5,4,1
pay_synth_01994,demo_company_001,DEMO,1557.21,INR,UPI,INSUFFICIENT_FUNDS,TEMPORARY,21,4,1
pay_synth_02803,demo_company_001,STRIPE,1112.71,INR,WALLET,CARD,PERMANENT,23,3,1
pay_synth_01482,demo_company_001,DEMO,968.86,INR,CARD,AUTHENTICATION,TEMPORARY,5,4,1
pay_synth_01643,demo_company_001,RAZORPAY,3237.92,INR,CARD,AUTHENTICATION,TEMPORARY,22,4,0
pay_synth_03653,demo_company_001,STRIPE,634.43,INR,UPI,INSUFFICIENT_FUNDS,TEMPORARY,11,6,1
pay_synth_02019,demo_company_001,DEMO,2787.27,INR,UPI,INSUFFICIENT_FUNDS,TEMPORARY,11,2,1
pay_synth_02923,demo_company_001,STRIPE,1228.19,INR,UPI,AUTHENTICATION,TEMPORARY,7,6,1
pay_synth_01686,demo_company_001,STRIPE,699.5,INR,UPI,AUTHENTICATION,TEMPORARY,23,0,0
pay_synth_04967,demo_company_001,STRIPE,553.69,INR,CARD,AUTHENTICATION,TEMPORARY,4,2,1
pay_synth_04132,demo_company_001,DEMO,2889.32,INR,CARD,AUTHENTICATION,TEMPORARY,0,5,0
pay_synth_02250,demo_company_001,DEMO,7553.27,INR,NETBANKING,UNKNOWN,UNKNOWN,6,5,0
pay_synth_02764,demo_company_001,DEMO,1123.5,INR,CARD,NETWORK,TEMPORARY,7,6,1
pay_synth_04835,demo_company_001,RAZORPAY,954.49,INR,UPI,CARD,PERMANENT,21,0,1
pay_synth_01084,demo_company_001,STRIPE,10081.46,INR,UPI,NETWORK,TEMPORARY,4,2,1
pay_synth_04663,demo_company_001,DEMO,1833.51,INR,UPI,AUTHENTICATION,TEMPORARY,1,0,0
pay_synth_01277,demo_company_001,DEMO,1274.27,INR,UPI,INSUFFICIENT_FUNDS,TEMPORARY,9,0,1
pay_synth_00848,demo_company_001,STRIPE,3084.93,INR,CARD,PROVIDER,TEMPORARY,8,3,1
pay_synth_00104,demo_company_001,RAZORPAY,11371.97,USD,UPI,AUTHENTICATION,TEMPORARY,22,5,0
pay_synth_04991,demo_company_001,STRIPE,2581.69,INR,CARD,CUSTOMER_ACTION_REQUIRED,TEMPORARY,14,2,1
pay_synth_04319,demo_company_001,DEMO,675.85,INR,CARD,PROVIDER,TEMPORARY,19,2,1
pay_synth_01844,demo_company_001,RAZORPAY,2472.08,INR,UPI,CARD,PERMANENT,16,5,0
pay_synth_01992,demo_company_001,DEMO,5346.07,INR,UPI,INSUFFICIENT_FUNDS,TEMPORARY,9,4,1
pay_synth_01843,demo_company_001,DEMO,294.31,INR,UPI,PROVIDER,TEMPORARY,14,4,1
pay_synth_03484,demo_company_001,STRIPE,1737.98,INR,NETBANKING,INSUFFICIENT_FUNDS,TEMPORARY,4,5,1
pay_synth_01588,demo_company_001,DEMO,1587.18,INR,UPI,INSUFFICIENT_FUNDS,TEMPORARY,12,2,1
pay_synth_02385,demo_company_001,DEMO,662.92,INR,CARD,AUTHENTICATION,TEMPORARY,19,2,1
pay_synth_00914,demo_company_001,DEMO,447.37,INR,UPI,PROVIDER,TEMPORARY,9,2,1
pay_synth_04363,demo_company_001,RAZORPAY,2581.05,INR,UPI,CARD,PERMANENT,23,3,0
pay_synth_00570,demo_company_001,DEMO,3843.02,USD,WALLET,NETWORK,TEMPORARY,15,6,1
pay_synth_02067,demo_company_001,DEMO,114.04,USD,UPI,AUTHENTICATION,TEMPORARY,23,3,1
pay_synth_03012,demo_company_001,DEMO,1230.58,INR,UPI,NETWORK,TEMPORARY,3,4,1
pay_synth_00222,demo_company_001,RAZORPAY,6769.91,USD,CARD,CARD,PERMANENT,1,5,0
pay_synth_02676,demo_company_001,DEMO,1111.49,INR,CARD,CARD,PERMANENT,21,4,0
pay_synth_02376,demo_company_001,DEMO,4712.28,INR,UPI,CARD,PERMANENT,10,6,0
pay_synth_01473,demo_company_001,STRIPE,3312.24,INR,CARD,UNKNOWN,UNKNOWN,16,5,0
pay_synth_00278,demo_company_001,RAZORPAY,14079.69,INR,UPI,BANK,TEMPORARY,3,3,1
pay_synth_02465,demo_company_001,RAZORPAY,2324.79,USD,UPI,INSUFFICIENT_FUNDS,TEMPORARY,3,4,1
pay_synth_01902,demo_company_001,DEMO,1293.55,INR,UPI,UNKNOWN,UNKNOWN,18,5,0
pay_synth_03269,demo_company_001,RAZORPAY,3142.09,INR,CARD,TEMPORARY,TEMPORARY,11,6,1
pay_synth_03605,demo_company_001,DEMO,618.0,USD,CARD,INSUFFICIENT_FUNDS,TEMPORARY,10,4,1
pay_synth_03382,demo_company_001,DEMO,2242.83,INR,UPI,INSUFFICIENT_FUNDS,TEMPORARY,2,6,1
pay_synth_02048,demo_company_001,RAZORPAY,213.51,INR,UPI,UNKNOWN,UNKNOWN,7,5,1
pay_synth_02344,demo_company_001,DEMO,1836.41,INR,CARD,CARD,PERMANENT,7,4,0
pay_synth_03566,demo_company_001,RAZORPAY,286.17,INR,CARD,AUTHENTICATION,TEMPORARY,7,0,0
pay_synth_00358,demo_company_001,RAZORPAY,3430.66,INR,WALLET,AUTHENTICATION,TEMPORARY,15,6,1
pay_synth_03830,demo_company_001,DEMO,2158.72,INR,UPI,AUTHENTICATION,TEMPORARY,4,5,0
pay_synth_00014,demo_company_001,DEMO,598.61,INR,CARD,AUTHENTICATION,TEMPORARY,19,2,1
pay_synth_02274,demo_company_001,RAZORPAY,1043.63,INR,UPI,CARD,PERMANENT,3,3,0
pay_synth_00705,demo_company_001,DEMO,584.35,INR,NETBANKING,INSUFFICIENT_FUNDS,TEMPORARY,15,5,1
pay_synth_00493,demo_company_001,DEMO,6887.21,INR,CARD,INSUFFICIENT_FUNDS,TEMPORARY,0,1,1
pay_synth_03433,demo_company_001,RAZORPAY,2583.31,USD,UPI,INSUFFICIENT_FUNDS,TEMPORARY,5,5,1
pay_synth_01668,demo_company_001,STRIPE,14332.04,INR,CARD,BANK,TEMPORARY,14,3,1
pay_synth_01945,demo_company_001,RAZORPAY,1493.87,INR,CARD,CUSTOMER_ACTION_REQUIRED,TEMPORARY,6,6,0
pay_synth_02377,demo_company_001,DEMO,1093.47,INR,CARD,INSUFFICIENT_FUNDS,TEMPORARY,16,1,1
pay_synth_04848,demo_company_001,DEMO,2280.51,INR,UPI,UNKNOWN,UNKNOWN,9,0,0
pay_synth_01380,demo_company_001,RAZORPAY,3389.02,INR,NETBANKING,INSUFFICIENT_FUNDS,TEMPORARY,13,6,0
pay_synth_04327,demo_company_001,DEMO,6547.19,INR,CARD,AUTHENTICATION,TEMPORARY,17,2,0
pay_synth_02063,demo_company_001,STRIPE,2861.91,INR,CARD,NETWORK,TEMPORARY,19,3,0
pay_synth_01226,demo_company_001,RAZORPAY,924.57,INR,CARD,AUTHENTICATION,TEMPORARY,11,0,1
pay_synth_00251,demo_company_001,DEMO,265.43,INR,UPI,CARD,PERMANENT,13,3,0
pay_synth_04877,demo_company_001,RAZORPAY,617.38,INR,UPI,INSUFFICIENT_FUNDS,TEMPORARY,22,5,1
pay_synth_00147,demo_company_001,RAZORPAY,5489.06,INR,CARD,BANK,TEMPORARY,1,1,1
pay_synth_01204,demo_company_001,DEMO,872.17,INR,CARD,CARD,PERMANENT,8,2,0
pay_synth_02340,demo_company_001,DEMO,353.59,INR,CARD,INSUFFICIENT_FUNDS,TEMPORARY,3,4,1
pay_synth_01160,demo_company_001,DEMO,6029.79,INR,NETBANKING,CARD,PERMANENT,22,4,1
pay_synth_00327,demo_company_001,RAZORPAY,2073.39,USD,UPI,AUTHENTICATION,TEMPORARY,10,5,1
pay_synth_01516,demo_company_001,DEMO,2386.84,INR,UPI,NETWORK,TEMPORARY,18,5,0
pay_synth_04943,demo_company_001,STRIPE,2576.5,INR,UPI,INSUFFICIENT_FUNDS,TEMPORARY,1,4,0
pay_synth_02349,demo_company_001,RAZORPAY,16616.66,INR,CARD,INSUFFICIENT_FUNDS,TEMPORARY,11,3,1
pay_synth_01332,demo_company_001,RAZORPAY,4346.43,INR,CARD,INSUFFICIENT_FUNDS,TEMPORARY,1,5,1
pay_synth_01606,demo_company_001,RAZORPAY,1154.18,INR,UPI,BANK,TEMPORARY,20,0,1
pay_synth_00886,demo_company_001,DEMO,2633.85,INR,CARD,CARD,PERMANENT,16,2,0
pay_synth_02794,demo_company_001,DEMO,1587.34,INR,CARD,TEMPORARY,TEMPORARY,19,2,0
pay_synth_04695,demo_company_001,DEMO,2344.22,INR,UPI,INSUFFICIENT_FUNDS,TEMPORARY,7,1,1
pay_synth_03176,demo_company_001,DEMO,619.2,INR,UPI,CARD,PERMANENT,8,6,0
pay_synth_04321,demo_company_001,RAZORPAY,1552.88,INR,UPI,INSUFFICIENT_FUNDS,TEMPORARY,4,3,1
pay_synth_03394,demo_company_001,DEMO,4398.43,INR,CARD,PROVIDER,TEMPORARY,12,0,1
pay_synth_00341,demo_company_001,DEMO,2129.56,INR,NETBANKING,INSUFFICIENT_FUNDS,TEMPORARY,18,2,1
pay_synth_03178,demo_company_001,STRIPE,1773.1,INR,CARD,AUTHENTICATION,TEMPORARY,20,2,0
pay_synth_04322,demo_company_001,STRIPE,2321.38,INR,NETBANKING,INSUFFICIENT_FUNDS,TEMPORARY,22,1,1
pay_synth_04946,demo_company_001,STRIPE,1293.31,INR,UPI,UNKNOWN,UNKNOWN,21,4,1
pay_synth_00827,demo_company_001,DEMO,923.97,INR,CARD,INSUFFICIENT_FUNDS,TEMPORARY,13,1,1
pay_synth_04878,demo_company_001,RAZORPAY,459.9,INR,UPI,CUSTOMER_ACTION_REQUIRED,TEMPORARY,6,6,0
pay_synth_00113,demo_company_001,STRIPE,2903.79,INR,CARD,CARD,PERMANENT,17,5,1
pay_synth_03834,demo_company_001,DEMO,1860.62,INR,CARD,UNKNOWN,UNKNOWN,17,3,0
pay_synth_01449,demo_company_001,STRIPE,1402.58,INR,UPI,INSUFFICIENT_FUNDS,TEMPORARY,0,3,0
pay_synth_00853,demo_company_001,DEMO,205.75,INR,NETBANKING,NETWORK,TEMPORARY,23,0,0
pay_synth_04891,demo_company_001,DEMO,1334.53,INR,CARD,CARD,PERMANENT,18,4,0
pay_synth_02142,demo_company_001,RAZORPAY,1275.89,INR,UPI,TEMPORARY,TEMPORARY,11,3,1
pay_synth_02635,demo_company_001,RAZORPAY,5037.45,INR,CARD,CARD,PERMANENT,4,4,0
pay_synth_03196,demo_company_001,RAZORPAY,1602.87,INR,UPI,BANK,TEMPORARY,13,2,0
pay_synth_02971,demo_company_001,DEMO,997.1,USD,WALLET,NETWORK,TEMPORARY,5,6,1
pay_synth_04623,demo_company_001,DEMO,2235.5,INR,UPI,AUTHENTICATION,TEMPORARY,13,5,1
pay_synth_04168,demo_company_001,DEMO,658.41,INR,UPI,PROVIDER,TEMPORARY,19,0,1
pay_synth_00682,demo_company_001,DEMO,3922.89,INR,CARD,TEMPORARY,TEMPORARY,21,3,0
pay_synth_01485,demo_company_001,DEMO,1036.41,INR,UPI,INSUFFICIENT_FUNDS,TEMPORARY,2,5,1
pay_synth_02558,demo_company_001,DEMO,2018.77,USD,CARD,NETWORK,TEMPORARY,15,2,1
pay_synth_03295,demo_company_001,STRIPE,9487.6,INR,CARD,AUTHENTICATION,TEMPORARY,21,2,0
pay_synth_01311,demo_company_001,DEMO,2111.49,INR,UPI,INSUFFICIENT_FUNDS,TEMPORARY,18,6,1
pay_synth_00038,demo_company_001,DEMO,226.21,INR,WALLET,INSUFFICIENT_FUNDS,TEMPORARY,1,5,0
pay_synth_02834,demo_company_001,DEMO,502.49,INR,NETBANKING,AUTHENTICATION,TEMPORARY,7,6,1
pay_synth_02895,demo_company_001,DEMO,1316.44,INR,CARD,AUTHENTICATION,TEMPORARY,12,3,1
pay_synth_01923,demo_company_001,RAZORPAY,1669.87,USD,UPI,INSUFFICIENT_FUNDS,TEMPORARY,5,4,1
pay_synth_02682,demo_company_001,STRIPE,391.73,INR,CARD,CARD,PERMANENT,2,2,0
pay_synth_00153,demo_company_001,DEMO,715.29,INR,NETBANKING,INSUFFICIENT_FUNDS,TEMPORARY,5,2,0
pay_synth_02446,demo_company_001,DEMO,5872.44,INR,CARD,INSUFFICIENT_FUNDS,TEMPORARY,7,2,0
pay_synth_03737,demo_company_001,RAZORPAY,527.26,INR,UPI,CUSTOMER_ACTION_REQUIRED,TEMPORARY,17,0,0
pay_synth_04443,demo_company_001,DEMO,20987.84,INR,UPI,INSUFFICIENT_FUNDS,TEMPORARY,8,3,1
pay_synth_01350,demo_company_001,DEMO,4567.44,INR,CARD,PROVIDER,TEMPORARY,1,3,1
pay_synth_03353,demo_company_001,STRIPE,2437.71,INR,NETBANKING,PROVIDER,TEMPORARY,2,1,1
pay_synth_02940,demo_company_001,DEMO,19074.91,USD,CARD,INSUFFICIENT_FUNDS,TEMPORARY,20,0,0
pay_synth_04306,demo_company_001,DEMO,1483.23,INR,UPI,CARD,PERMANENT,9,1,0
pay_synth_03896,demo_company_001,STRIPE,1049.93,INR,UPI,CARD,PERMANENT,1,5,0
pay_synth_04490,demo_company_001,RAZORPAY,1957.95,INR,UPI,AUTHENTICATION,TEMPORARY,18,4,1
pay_synth_02810,demo_company_001,RAZORPAY,3683.93,INR,UPI,NETWORK,TEMPORARY,1,6,1
pay_synth_00890,demo_company_001,DEMO,10785.35,INR,CARD,INSUFFICIENT_FUNDS,TEMPORARY,21,5,0
pay_synth_01818,demo_company_001,RAZORPAY,294.58,USD,NETBANKING,INSUFFICIENT_FUNDS,TEMPORARY,18,5,1
pay_synth_01947,demo_company_001,DEMO,480.17,INR,UPI,AUTHENTICATION,TEMPORARY,1,1,0
pay_synth_03126,demo_company_001,RAZORPAY,1606.58,INR,UPI,INSUFFICIENT_FUNDS,TEMPORARY,6,1,1
pay_synth_03290,demo_company_001,DEMO,473.25,INR,CARD,INSUFFICIENT_FUNDS,TEMPORARY,17,4,1
pay_synth_02441,demo_company_001,RAZORPAY,1376.25,INR,CARD,BANK,TEMPORARY,3,0,1
pay_synth_03367,demo_company_001,DEMO,1194.22,USD,UPI,INSUFFICIENT_FUNDS,TEMPORARY,11,2,1
pay_synth_02497,demo_company_001,RAZORPAY,1426.29,INR,UPI,CARD,PERMANENT,12,1,0
pay_synth_01830,demo_company_001,DEMO,1511.9,INR,UPI,INSUFFICIENT_FUNDS,TEMPORARY,5,0,1
pay_synth_04047,demo_company_001,DEMO,3509.46,INR,UPI,INSUFFICIENT_FUNDS,TEMPORARY,15,6,1
pay_synth_04099,demo_company_001,DEMO,34063.27,INR,NETBANKING,CARD,PERMANENT,14,1,0
pay_synth_01868,demo_company_001,DEMO,340.3,INR,UPI,INSUFFICIENT_FUNDS,TEMPORARY,17,5,1
pay_synth_04781,demo_company_001,DEMO,1233.27,INR,UPI,PROVIDER,TEMPORARY,11,6,1
pay_synth_03391,demo_company_001,DEMO,598.42,INR,CARD,INSUFFICIENT_FUNDS,TEMPORARY,22,2,1
pay_synth_03543,demo_company_001,DEMO,761.77,INR,NETBANKING,INSUFFICIENT_FUNDS,TEMPORARY,9,3,1
pay_synth_00318,demo_company_001,DEMO,535.58,INR,WALLET,INSUFFICIENT_FUNDS,TEMPORARY,3,1,0
pay_synth_00857,demo_company_001,DEMO,2400.5,INR,UPI,CARD,PERMANENT,15,0,1
pay_synth_01302,demo_company_001,STRIPE,11102.37,INR,UPI,INSUFFICIENT_FUNDS,TEMPORARY,19,6,0
pay_synth_00626,demo_company_001,DEMO,5553.36,USD,NETBANKING,CARD,PERMANENT,13,4,0
pay_synth_04053,demo_company_001,STRIPE,1268.16,INR,UPI,CARD,PERMANENT,0,2,0
pay_synth_04638,demo_company_001,RAZORPAY,2876.34,INR,UPI,AUTHENTICATION,TEMPORARY,14,1,1
pay_synth_00504,demo_company_001,STRIPE,1097.32,INR,CARD,AUTHENTICATION,TEMPORARY,8,6,1
pay_synth_04198,demo_company_001,DEMO,2450.11,INR,WALLET,CARD,PERMANENT,17,3,0
pay_synth_01017,demo_company_001,DEMO,5193.31,INR,UPI,CARD,PERMANENT,5,3,0
pay_synth_02045,demo_company_001,STRIPE,1761.92,INR,NETBANKING,CARD,PERMANENT,18,0,1
pay_synth_00024,demo_company_001,DEMO,2126.48,INR,CARD,INSUFFICIENT_FUNDS,TEMPORARY,17,3,1
pay_synth_03789,demo_company_001,DEMO,1364.49,INR,UPI,CARD,PERMANENT,2,0,1
pay_synth_03095,demo_company_001,DEMO,1112.82,INR,CARD,CUSTOMER_ACTION_REQUIRED,TEMPORARY,14,0,1
pay_synth_00942,demo_company_001,RAZORPAY,6730.78,INR,UPI,CARD,PERMANENT,0,4,0
pay_synth_00400,demo_company_001,RAZORPAY,753.28,USD,NETBANKING,AUTHENTICATION,TEMPORARY,3,3,1
pay_synth_04385,demo_company_001,STRIPE,2459.82,INR,CARD,BANK,TEMPORARY,21,1,0
pay_synth_04840,demo_company_001,DEMO,926.55,INR,NETBANKING,AUTHENTICATION,TEMPORARY,5,3,0
pay_synth_04171,demo_company_001,DEMO,1051.19,INR,UPI,BANK,TEMPORARY,16,0,1
pay_synth_00965,demo_company_001,DEMO,1333.44,INR,CARD,PROVIDER,TEMPORARY,17,3,1
pay_synth_01223,demo_company_001,DEMO,2587.34,INR,UPI,CARD,PERMANENT,19,2,1
pay_synth_00457,demo_company_001,DEMO,12158.55,INR,UPI,INSUFFICIENT_FUNDS,TEMPORARY,10,0,1
pay_synth_01971,demo_company_001,DEMO,1695.86,INR,UPI,INSUFFICIENT_FUNDS,TEMPORARY,21,6,1
pay_synth_03594,demo_company_001,RAZORPAY,2385.73,INR,NETBANKING,PROVIDER,TEMPORARY,9,3,0
pay_synth_03668,demo_company_001,DEMO,1562.51,INR,UPI,INSUFFICIENT_FUNDS,TEMPORARY,1,3,1
pay_synth_03620,demo_company_001,DEMO,4517.62,INR,UPI,INSUFFICIENT_FUNDS,TEMPORARY,9,1,1
pay_synth_00497,demo_company_001,RAZORPAY,770.95,INR,CARD,NETWORK,TEMPORARY,20,4,1
pay_synth_03934,demo_company_001,DEMO,406.16,INR,CARD,UNKNOWN,UNKNOWN,1,2,0
pay_synth_01213,demo_company_001,DEMO,363.59,INR,UPI,CARD,PERMANENT,18,1,0
pay_synth_02297,demo_company_001,DEMO,665.03,INR,UPI,AUTHENTICATION,TEMPORARY,0,4,1
pay_synth_02649,demo_company_001,DEMO,375.63,INR,UPI,CARD,PERMANENT,15,4,0
pay_synth_04028,demo_company_001,DEMO,322.78,INR,UPI,INSUFFICIENT_FUNDS,TEMPORARY,6,1,1
pay_synth_01245,demo_company_001,RAZORPAY,517.77,INR,CARD,INSUFFICIENT_FUNDS,TEMPORARY,15,1,0
pay_synth_03822,demo_company_001,DEMO,999.65,INR,WALLET,INSUFFICIENT_FUNDS,TEMPORARY,11,5,0
pay_synth_01320,demo_company_001,DEMO,4895.75,INR,UPI,TEMPORARY,TEMPORARY,22,5,1
pay_synth_02546,demo_company_001,DEMO,774.45,INR,UPI,INSUFFICIENT_FUNDS,TEMPORARY,7,3,1
pay_synth_00280,demo_company_001,RAZORPAY,6141.5,USD,UPI,AUTHENTICATION,TEMPORARY,21,1,1
pay_synth_03339,demo_company_001,RAZORPAY,669.07,INR,CARD,AUTHENTICATION,TEMPORARY,9,3,1
pay_synth_04568,demo_company_001,DEMO,6114.59,INR,NETBANKING,PROVIDER,TEMPORARY,4,6,1
pay_synth_03013,demo_company_001,DEMO,1658.29,USD,CARD,CARD,PERMANENT,5,0,0
pay_synth_03415,demo_company_001,RAZORPAY,1774.62,INR,UPI,CUSTOMER_ACTION_REQUIRED,TEMPORARY,19,5,1
pay_synth_01109,demo_company_001,RAZORPAY,1697.69,INR,UPI,INSUFFICIENT_FUNDS,TEMPORARY,8,4,1
pay_synth_00376,demo_company_001,DEMO,363.9,INR,CARD,AUTHENTICATION,TEMPORARY,3,3,0
pay_synth_01411,demo_company_001,DEMO,5318.84,INR,UPI,INSUFFICIENT_FUNDS,TEMPORARY,13,0,1
pay_synth_00293,demo_company_001,STRIPE,2880.13,INR,UPI,AUTHENTICATION,TEMPORARY,17,0,1
pay_synth_03300,demo_company_001,STRIPE,3042.4,INR,NETBANKING,INSUFFICIENT_FUNDS,TEMPORARY,10,4,0
pay_synth_02651,demo_company_001,DEMO,6588.61,INR,UPI,AUTHENTICATION,TEMPORARY,15,2,0
pay_synth_03795,demo_company_001,DEMO,1014.8,INR,UPI,PROVIDER,TEMPORARY,11,6,1
pay_synth_00977,demo_company_001,RAZORPAY,1453.72,INR,UPI,CUSTOMER_ACTION_REQUIRED,TEMPORARY,9,5,0
pay_synth_01387,demo_company_001,RAZORPAY,5996.9,INR,CARD,INSUFFICIENT_FUNDS,TEMPORARY,14,2,1
pay_synth_00018,demo_company_001,RAZORPAY,149.4,INR,UPI,INSUFFICIENT_FUNDS,TEMPORARY,9,0,1
pay_synth_03892,demo_company_001,RAZORPAY,3020.41,INR,NETBANKING,BANK,TEMPORARY,15,1,0
pay_synth_00302,demo_company_001,RAZORPAY,2284.86,INR,UPI,BANK,PERMANENT,8,5,0
pay_synth_04703,demo_company_001,RAZORPAY,1359.96,INR,CARD,NETWORK,TEMPORARY,9,4,1
pay_synth_03972,demo_company_001,RAZORPAY,160.2,INR,CARD,NETWORK,TEMPORARY,8,0,1
pay_synth_00777,demo_company_001,DEMO,559.61,INR,CARD,AUTHENTICATION,TEMPORARY,14,4,1
pay_synth_03293,demo_company_001,DEMO,3800.51,USD,UPI,NETWORK,TEMPORARY,6,5,0
pay_synth_02456,demo_company_001,DEMO,9279.42,INR,WALLET,INSUFFICIENT_FUNDS,TEMPORARY,17,2,1
pay_synth_03647,demo_company_001,DEMO,840.33,INR,UPI,CARD,PERMANENT,22,3,1
pay_synth_04446,demo_company_001,STRIPE,1921.99,USD,UPI,AUTHENTICATION,TEMPORARY,23,2,1
pay_synth_03203,demo_company_001,DEMO,6077.72,INR,NETBANKING,NETWORK,TEMPORARY,5,0,0
pay_synth_02896,demo_company_001,STRIPE,1228.59,INR,NETBANKING,INSUFFICIENT_FUNDS,TEMPORARY,1,6,1
pay_synth_03486,demo_company_001,RAZORPAY,293.03,INR,CARD,UNKNOWN,UNKNOWN,1,1,0
pay_synth_00340,demo_company_001,DEMO,2713.71,INR,UPI,PROVIDER,TEMPORARY,11,3,1
pay_synth_04398,demo_company_001,DEMO,1305.49,INR,CARD,INSUFFICIENT_FUNDS,TEMPORARY,18,6,0
pay_synth_04654,demo_company_001,STRIPE,450.66,INR,UPI,CARD,PERMANENT,0,2,0
pay_synth_04988,demo_company_001,RAZORPAY,1657.72,INR,UPI,CARD,PERMANENT,17,1,0
pay_synth_01331,demo_company_001,RAZORPAY,2098.07,INR,UPI,BANK,PERMANENT,10,4,0
pay_synth_04315,demo_company_001,STRIPE,2265.77,INR,CARD,BANK,TEMPORARY,5,4,0
pay_synth_01489,demo_company_001,DEMO,1376.02,INR,UPI,CARD,PERMANENT,20,4,0
pay_synth_03385,demo_company_001,DEMO,982.01,INR,UPI,AUTHENTICATION,TEMPORARY,21,3,0
pay_synth_03536,demo_company_001,DEMO,561.52,INR,UPI,INSUFFICIENT_FUNDS,TEMPORARY,14,6,0
pay_synth_02127,demo_company_001,RAZORPAY,286.55,INR,UPI,INSUFFICIENT_FUNDS,TEMPORARY,9,5,1
pay_synth_01860,demo_company_001,RAZORPAY,2630.51,INR,CARD,CARD,PERMANENT,13,1,0
pay_synth_02552,demo_company_001,DEMO,496.78,INR,UPI,INSUFFICIENT_FUNDS,TEMPORARY,23,6,1
pay_synth_02060,demo_company_001,RAZORPAY,493.42,INR,NETBANKING,NETWORK,TEMPORARY,0,4,0
pay_synth_03778,demo_company_001,RAZORPAY,992.26,INR,UPI,NETWORK,TEMPORARY,15,0,1
pay_synth_04268,demo_company_001,DEMO,274.39,INR,UPI,INSUFFICIENT_FUNDS,TEMPORARY,11,5,1
pay_synth_02440,demo_company_001,DEMO,6732.24,INR,UPI,INSUFFICIENT_FUNDS,TEMPORARY,20,4,1
pay_synth_02083,demo_company_001,DEMO,753.5,INR,UPI,INSUFFICIENT_FUNDS,TEMPORARY,4,5,1
pay_synth_03142,demo_company_001,STRIPE,4932.68,INR,CARD,INSUFFICIENT_FUNDS,TEMPORARY,6,6,1
pay_synth_00348,demo_company_001,DEMO,2092.7,INR,UPI,CUSTOMER_ACTION_REQUIRED,TEMPORARY,20,5,1
pay_synth_02293,demo_company_001,DEMO,3377.18,INR,UPI,UNKNOWN,UNKNOWN,23,3,0
pay_synth_03979,demo_company_001,DEMO,721.25,USD,CARD,INSUFFICIENT_FUNDS,TEMPORARY,23,2,0
pay_synth_03088,demo_company_001,DEMO,386.67,USD,CARD,TEMPORARY,TEMPORARY,3,0,1
pay_synth_03373,demo_company_001,DEMO,491.99,INR,UPI,INSUFFICIENT_FUNDS,TEMPORARY,9,1,1
pay_synth_01711,demo_company_001,DEMO,2529.9,INR,UPI,PROVIDER,TEMPORARY,22,6,1
pay_synth_00359,demo_company_001,STRIPE,1052.1,INR,NETBANKING,INSUFFICIENT_FUNDS,TEMPORARY,1,4,1
pay_synth_02320,demo_company_001,DEMO,6827.69,INR,NETBANKING,UNKNOWN,UNKNOWN,15,0,0
pay_synth_02858,demo_company_001,DEMO,1981.8,INR,UPI,NETWORK,TEMPORARY,22,6,1
pay_synth_04540,demo_company_001,DEMO,1129.95,INR,CARD,AUTHENTICATION,TEMPORARY,21,4,1
pay_synth_00771,demo_company_001,DEMO,28905.57,INR,CARD,AUTHENTICATION,TEMPORARY,21,3,0
pay_synth_00200,demo_company_001,RAZORPAY,1192.68,INR,UPI,INSUFFICIENT_FUNDS,TEMPORARY,8,2,1
pay_synth_02576,demo_company_001,RAZORPAY,13847.9,INR,UPI,AUTHENTICATION,TEMPORARY,13,5,0
pay_synth_02548,demo_company_001,DEMO,4037.09,INR,UPI,CARD,PERMANENT,19,3,0
pay_synth_03360,demo_company_001,RAZORPAY,363.63,INR,UPI,INSUFFICIENT_FUNDS,TEMPORARY,14,6,1
pay_synth_02953,demo_company_001,RAZORPAY,2515.94,INR,CARD,NETWORK,TEMPORARY,17,0,1
pay_synth_00893,demo_company_001,STRIPE,897.73,INR,CARD,BANK,PERMANENT,23,3,1
pay_synth_02121,demo_company_001,STRIPE,2923.39,INR,NETBANKING,AUTHENTICATION,TEMPORARY,9,5,1
pay_synth_00357,demo_company_001,DEMO,8897.49,INR,UPI,BANK,TEMPORARY,20,5,1
pay_synth_01648,demo_company_001,STRIPE,11676.03,INR,NETBANKING,AUTHENTICATION,TEMPORARY,9,0,0
pay_synth_03369,demo_company_001,DEMO,1719.92,INR,CARD,BANK,TEMPORARY,1,5,0
pay_synth_01293,demo_company_001,RAZORPAY,1708.11,INR,WALLET,NETWORK,TEMPORARY,21,5,1
pay_synth_03090,demo_company_001,DEMO,2127.07,INR,NETBANKING,AUTHENTICATION,TEMPORARY,12,0,1
pay_synth_04928,demo_company_001,DEMO,1491.41,INR,WALLET,AUTHENTICATION,TEMPORARY,1,0,0
pay_synth_00681,demo_company_001,STRIPE,10478.4,INR,UPI,AUTHENTICATION,TEMPORARY,21,2,1
pay_synth_01536,demo_company_001,DEMO,1101.73,INR,UPI,PROVIDER,TEMPORARY,1,0,1
pay_synth_00533,demo_company_001,STRIPE,2950.78,USD,CARD,TEMPORARY,TEMPORARY,3,2,1
pay_synth_00542,demo_company_001,RAZORPAY,5964.27,INR,CARD,NETWORK,TEMPORARY,10,1,1
pay_synth_03021,demo_company_001,DEMO,6671.81,INR,CARD,NETWORK,TEMPORARY,5,1,1
pay_synth_04565,demo_company_001,DEMO,9627.76,INR,UPI,AUTHENTICATION,TEMPORARY,5,3,1
pay_synth_04990,demo_company_001,RAZORPAY,1756.78,INR,NETBANKING,PROVIDER,TEMPORARY,15,4,0
pay_synth_01942,demo_company_001,DEMO,1281.31,INR,NETBANKING,INSUFFICIENT_FUNDS,TEMPORARY,12,4,1
pay_synth_02945,demo_company_001,RAZORPAY,312.57,INR,UPI,INSUFFICIENT_FUNDS,TEMPORARY,23,2,1
pay_synth_03226,demo_company_001,STRIPE,478.84,INR,CARD,INSUFFICIENT_FUNDS,TEMPORARY,1,5,1
pay_synth_04211,demo_company_001,DEMO,252.07,INR,NETBANKING,INSUFFICIENT_FUNDS,TEMPORARY,4,3,1
pay_synth_03951,demo_company_001,DEMO,3998.14,INR,UPI,UNKNOWN,UNKNOWN,11,0,0
pay_synth_01839,demo_company_001,STRIPE,1176.23,USD,UPI,INSUFFICIENT_FUNDS,TEMPORARY,11,5,1
pay_synth_02840,demo_company_001,DEMO,599.64,USD,NETBANKING,INSUFFICIENT_FUNDS,TEMPORARY,8,3,1
pay_synth_02827,demo_company_001,RAZORPAY,1182.31,INR,NETBANKING,CARD,PERMANENT,11,2,1
pay_synth_02316,demo_company_001,DEMO,1563.46,INR,WALLET,INSUFFICIENT_FUNDS,TEMPORARY,13,6,1
pay_synth_01997,demo_company_001,STRIPE,1769.54,USD,CARD,PROVIDER,TEMPORARY,8,0,0
pay_synth_00169,demo_company_001,DEMO,1973.78,INR,UPI,AUTHENTICATION,TEMPORARY,1,3,0
pay_synth_00220,demo_company_001,STRIPE,711.59,INR,UPI,INSUFFICIENT_FUNDS,TEMPORARY,8,6,1
pay_synth_01469,demo_company_001,STRIPE,262.8,INR,NETBANKING,INSUFFICIENT_FUNDS,TEMPORARY,6,4,1
pay_synth_04951,demo_company_001,DEMO,28753.0,INR,CARD,NETWORK,TEMPORARY,9,0,1
pay_synth_02057,demo_company_001,DEMO,2172.03,INR,NETBANKING,BANK,TEMPORARY,9,4,1
pay_synth_03317,demo_company_001,DEMO,3952.55,USD,NETBANKING,INSUFFICIENT_FUNDS,TEMPORARY,10,6,1
pay_synth_00489,demo_company_001,STRIPE,1787.53,USD,CARD,NETWORK,TEMPORARY,7,1,1
pay_synth_03992,demo_company_001,DEMO,2578.15,INR,UPI,NETWORK,TEMPORARY,12,2,1
pay_synth_03759,demo_company_001,DEMO,443.48,USD,UPI,INSUFFICIENT_FUNDS,TEMPORARY,12,2,1
pay_synth_04222,demo_company_001,RAZORPAY,523.38,INR,CARD,UNKNOWN,UNKNOWN,18,6,1
pay_synth_03107,demo_company_001,RAZORPAY,5679.77,INR,UPI,AUTHENTICATION,TEMPORARY,23,3,0
pay_synth_01702,demo_company_001,DEMO,2186.61,INR,CARD,AUTHENTICATION,TEMPORARY,8,4,1
pay_synth_04625,demo_company_001,STRIPE,797.42,INR,UPI,AUTHENTICATION,TEMPORARY,19,1,1
pay_synth_03261,demo_company_001,DEMO,783.01,INR,UPI,CARD,PERMANENT,4,1,0
pay_synth_04594,demo_company_001,DEMO,1069.56,INR,UPI,NETWORK,TEMPORARY,7,1,1
pay_synth_03422,demo_company_001,RAZORPAY,1742.85,INR,UPI,INSUFFICIENT_FUNDS,TEMPORARY,15,2,1
pay_synth_01625,demo_company_001,DEMO,3412.25,USD,NETBANKING,INSUFFICIENT_FUNDS,TEMPORARY,1,5,0
pay_synth_03809,demo_company_001,DEMO,1926.07,INR,UPI,INSUFFICIENT_FUNDS,TEMPORARY,23,0,1
pay_synth_03478,demo_company_001,RAZORPAY,3175.58,INR,CARD,CARD,PERMANENT,23,6,0
pay_synth_04989,demo_company_001,RAZORPAY,1373.66,INR,UPI,CARD,PERMANENT,1,3,0
pay_synth_03996,demo_company_001,DEMO,125.0,INR,CARD,AUTHENTICATION,TEMPORARY,10,4,1
pay_synth_01054,demo_company_001,RAZORPAY,1996.2,INR,UPI,BANK,TEMPORARY,18,5,0
pay_synth_01939,demo_company_001,DEMO,142.01,INR,CARD,INSUFFICIENT_FUNDS,TEMPORARY,11,3,0
pay_synth_03185,demo_company_001,RAZORPAY,316.43,INR,UPI,NETWORK,TEMPORARY,22,2,1
pay_synth_00328,demo_company_001,RAZORPAY,1027.93,INR,UPI,INSUFFICIENT_FUNDS,TEMPORARY,20,6,1
pay_synth_00013,demo_company_001,STRIPE,5441.12,INR,CARD,CUSTOMER_ACTION_REQUIRED,TEMPORARY,4,3,0
pay_synth_00433,demo_company_001,RAZORPAY,379.05,INR,CARD,NETWORK,TEMPORARY,22,2,1
pay_synth_02093,demo_company_001,DEMO,1308.62,INR,CARD,INSUFFICIENT_FUNDS,TEMPORARY,16,2,1
pay_synth_03074,demo_company_001,DEMO,544.68,INR,CARD,NETWORK,TEMPORARY,23,6,1
pay_synth_04976,demo_company_001,DEMO,2631.17,INR,UPI,NETWORK,TEMPORARY,11,1,0
pay_synth_01453,demo_company_001,STRIPE,2647.98,INR,UPI,INSUFFICIENT_FUNDS,TEMPORARY,14,1,1
pay_synth_04513,demo_company_001,DEMO,12009.49,INR,UPI,INSUFFICIENT_FUNDS,TEMPORARY,9,5,1
pay_synth_01805,demo_company_001,DEMO,7843.04,INR,UPI,UNKNOWN,UNKNOWN,21,0,0
pay_synth_02856,demo_company_001,RAZORPAY,797.63,INR,UPI,INSUFFICIENT_FUNDS,TEMPORARY,11,3,1
pay_synth_00733,demo_company_001,RAZORPAY,6790.14,INR,CARD,CARD,PERMANENT,2,1,0
pay_synth_03953,demo_company_001,STRIPE,9888.37,INR,UPI,UNKNOWN,UNKNOWN,9,4,0
pay_synth_02738,demo_company_001,RAZORPAY,1587.84,INR,UPI,NETWORK,TEMPORARY,18,1,1
pay_synth_01198,demo_company_001,STRIPE,895.59,INR,NETBANKING,AUTHENTICATION,TEMPORARY,17,6,0
pay_synth_01315,demo_company_001,DEMO,9270.65,INR,UPI,TEMPORARY,TEMPORARY,20,0,1
pay_synth_01604,demo_company_001,DEMO,1511.01,INR,NETBANKING,BANK,PERMANENT,15,4,0
pay_synth_03688,demo_company_001,DEMO,545.83,INR,UPI,UNKNOWN,UNKNOWN,12,5,1
pay_synth_02805,demo_company_001,RAZORPAY,474.35,INR,UPI,BANK,PERMANENT,16,6,1
